Ano;Mês;Poder;Código órgão;Órgão setorial;Código da unidade;Unidade gestora;Código da despesa;Categoria da despesa;Código do grupo de despesa;Grupo de despesa;Código da modalidade;Modalidade;Dotação atualizada;Dotação inicial;Empenhado;Liquidado;Pago
2026;3;EXECUTIVO                                         ;80;ENCARGOS GERAIS DO MUNICÍPIO                                                                        ;80.03;RECURSOS SOB A GESTÃO DA SECRETARIA DE ADMINISTRAÇÃO                                                ;3;DESPESAS CORRENTES                                                                                  ;3;OUTRAS DESPESAS CORRENTES                                                                           ;90  ;APLICAÇÕES DIRETAS                                                                                                                                      ;0.0;0.0;383991.97;3160174.87;3160174.87
2026;3;EXECUTIVO                                         ;62;SECRETARIA DE CULTURA - ADMINISTRAÇÃO SUPERVISIONADA                                                ;62.01;FUNDAÇÃO DE CULTURA CIDADE DO RECIFE - FCCR                                                         ;3;DESPESAS CORRENTES                                                                                  ;1;PESSOAL E ENCARGOS SOCIAIS                                                                          ;90  ;APLICAÇÕES DIRETAS                                                                                                                                      ;;;-9325.03;1568032.28;374202.46
2026;3;EXECUTIVO                                         ;25;SECRETARIA DE ARTICULAÇÃO POLÍTICA E SOCIAL                                                         ;25.01;SECRETARIA DE ARTICULAÇÃO POLÍTICA E SOCIAL - ADMINISTRAÇÃO DIRETA                                  ;3;DESPESAS CORRENTES                                                                                  ;3;OUTRAS DESPESAS CORRENTES                                                                           ;90  ;APLICAÇÕES DIRETAS                                                                                                                                      ;-10433089.85;0.0;4461671.62;3935293.32;3632731.14
2026;3;EXECUTIVO                                         ;15;SECRETARIA DE FINANÇAS                                                                              ;15.01;SECRETARIA DE FINANÇAS - ADMINISTRAÇÃO DIRETA                                                       ;3;DESPESAS CORRENTES                                                                                  ;1;PESSOAL E ENCARGOS SOCIAIS                                                                          ;90  ;APLICAÇÕES DIRETAS                                                                                                                                      ;-880000.0;0.0;5960973.96;5960973.96;5966356.35
2026;3;EXECUTIVO                                         ;35;SECRETARIA DE TURISMO E LAZER                                                                       ;35.01;SECRETARIA DE TURISMO E LAZER - ADMINISTRAÇÃO DIRETA                                                ;4;DESPESAS DE CAPITAL                                                                                 ;4;INVESTIMENTOS                                                                                       ;90  ;APLICAÇÕES DIRETAS                                                                                                                                      ;;;0.0;1097.0;1097.0
2026;2;EXECUTIVO                                         ;53;SECRETARIA DE SANEAMENTO - ADMINISTRAÇÃO SUPERVISIONADA                                             ;53.02;FUNDO MUNICIPAL DE SANEAMENTO - FMSAN                                                               ;3;DESPESAS CORRENTES                                                                                  ;3;OUTRAS DESPESAS CORRENTES                                                                           ;90  ;APLICAÇÕES DIRETAS                                                                                                                                      ;0.0;0.0;3250000.0;940382.67;888661.64
2026;2;EXECUTIVO                                         ;64;SECRETARIA DE DESENVOLVIMENTO URBANO E LICENCIAMENTO - ADMINISTRAÇÃO SUPERVISIONADA                 ;64.01;FUNDO MUNICIPAL DE MEIO AMBIENTE - FMMA                                                             ;3;DESPESAS CORRENTES                                                                                  ;3;OUTRAS DESPESAS CORRENTES                                                                           ;90  ;APLICAÇÕES DIRETAS                                                                                                                                      ;0.0;0.0;24743.26;0.0;0.0
2026;3;EXECUTIVO                                         ;62;SECRETARIA DE CULTURA - ADMINISTRAÇÃO SUPERVISIONADA                                                ;62.02;FUNDO DE INCENTIVO À CULTURA - FIC                                                                  ;3;DESPESAS CORRENTES                                                                                  ;3;OUTRAS DESPESAS CORRENTES                                                                           ;90  ;APLICAÇÕES DIRETAS                                                                                                                                      ;;;605494.1;1151024.1;1360092.35
2026;2;EXECUTIVO                                         ;68;SECRETARIA DE ORDEM PÚBLICA E SEGURANÇA - ADMINISTRAÇÃO SUPERVISIONADA                              ;68.02;CONVIVA MERCADOS E FEIRAS - AUTARQUIA MUNICIPAL                                                     ;3;DESPESAS CORRENTES                                                                                  ;1;PESSOAL E ENCARGOS SOCIAIS                                                                          ;90  ;APLICAÇÕES DIRETAS                                                                                                                                      ;0.0;0.0;3083120.07;1596476.31;1551452.61
2026;4;EXECUTIVO                                         ;43;PROCURADORIA GERAL DO MUNICÍPIO - ADMINISTRAÇÃO SUPERVISIONADA                                      ;43.01;FUNDO MUNICIPAL DE DEFESA DO CONSUMIDOR - FUNDEC                                                    ;3;DESPESAS CORRENTES                                                                                  ;3;OUTRAS DESPESAS CORRENTES                                                                           ;90  ;APLICAÇÕES DIRETAS                                                                                                                                      ;0.0;0.0;1038823.32;231274.05;50316.48
2026;2;EXECUTIVO                                         ;60;SECRETARIA DE DIREITOS HUMANOS E JUVENTUDE - ADMINISTRAÇÃO SUPERVISIONADA                           ;60.03;FUNDO MUNICIPAL DOS DIREITOS DA PESSOA IDOSA - FMDPI                                                ;3;DESPESAS CORRENTES                                                                                  ;3;OUTRAS DESPESAS CORRENTES                                                                           ;50  ;TRANSFERÊNCIAS À INSTITUIÇÕES PRIVADAS SEM FINS LUCRATIVOS                                                                                              ;16831471.76;0.0;;;
2026;1;EXECUTIVO                                         ;17;SECRETARIA DE TRANSFORMAÇÃO DIGITAL, CIÊNCIA E TECNOLOGIA                                           ;17.01;SECRETARIA DE TRANSFORMAÇÃO DIGITAL, CIÊNCIA E TECNOLOGIA - ADM. DIRETA                             ;3;DESPESAS CORRENTES                                                                                  ;3;OUTRAS DESPESAS CORRENTES                                                                           ;90  ;APLICAÇÕES DIRETAS                                                                                                                                      ;4000000.0;710000.0;224114.14;16863.9;10000.0
2026;1;EXECUTIVO                                         ;34;SECRETARIA DE DESENVOLVIMENTO URBANO E LICENCIAMENTO                                                ;34.01;SECRETARIA DE DESENVOLVIMENTO URBANO E LICENCIAMENTO	 - ADMINISTRAÇÃO DIRETA                        ;3;DESPESAS CORRENTES                                                                                  ;1;PESSOAL E ENCARGOS SOCIAIS                                                                          ;90  ;APLICAÇÕES DIRETAS                                                                                                                                      ;101998500.0;102000000.0;5434209.62;5434209.62;4517873.29
2026;3;EXECUTIVO                                         ;29;SECRETARIA DE ASSISTÊNCIA SOCIAL E COMBATE À FOME                                                   ;29.01;SECRETARIA DE ASSISTÊNCIA SOCIAL E COMBATE À FOME - ADMINISTRAÇÃO DIRETA                            ;3;DESPESAS CORRENTES                                                                                  ;3;OUTRAS DESPESAS CORRENTES                                                                           ;90  ;APLICAÇÕES DIRETAS                                                                                                                                      ;130042.6;0.0;44372.81;224514.74;227656.33
2026;1;EXECUTIVO                                         ;50;SECRETARIA DE INFRAESTRUTURA - ADMINISTRAÇÃO SUPERVISIONADA                                         ;50.10;AUTARQUIA DE MANUTENÇÃO E LIMPEZA URBANA - EMLURB                                                   ;4;DESPESAS DE CAPITAL                                                                                 ;4;INVESTIMENTOS                                                                                       ;90  ;APLICAÇÕES DIRETAS                                                                                                                                      ;265340000.0;257340000.0;16016922.17;0.0;0.0
2026;3;EXECUTIVO                                         ;11;SECRETARIA DE ESPORTES                                                                              ;11.01;SECRETARIA DE ESPORTES - ADMINISTRAÇÃO DIRETA                                                       ;4;DESPESAS DE CAPITAL                                                                                 ;4;INVESTIMENTOS                                                                                       ;90  ;APLICAÇÕES DIRETAS                                                                                                                                      ;3774596.51;0.0;2640461.91;649599.92;338242.56
2026;2;EXECUTIVO                                         ;80;ENCARGOS GERAIS DO MUNICÍPIO                                                                        ;80.01;RECURSOS SOB A GESTÃO DA SECRETARIA DE FINANÇAS                                                     ;4;DESPESAS DE CAPITAL                                                                                 ;6;AMORTIZAÇÃO DA DÍVIDA                                                                               ;90  ;APLICAÇÕES DIRETAS                                                                                                                                      ;20000000.0;0.0;35808150.73;35808150.73;17785879.39
2026;4;EXECUTIVO                                         ;05;SECRETARIA DE RELAÇÕES INSTITUCIONAIS                                                               ;05.01;SECRETARIA DE RELAÇÕES INSTITUCIONAIS - ADMINISTRAÇÃO DIRETA                                        ;3;DESPESAS CORRENTES                                                                                  ;1;PESSOAL E ENCARGOS SOCIAIS                                                                          ;90  ;APLICAÇÕES DIRETAS                                                                                                                                      ;;;0.0;0.0;17812.34
2026;3;EXECUTIVO                                         ;80;ENCARGOS GERAIS DO MUNICÍPIO                                                                        ;80.03;RECURSOS SOB A GESTÃO DA SECRETARIA DE ADMINISTRAÇÃO                                                ;3;DESPESAS CORRENTES                                                                                  ;1;PESSOAL E ENCARGOS SOCIAIS                                                                          ;90  ;APLICAÇÕES DIRETAS                                                                                                                                      ;0.0;0.0;4374249.15;4951719.34;4975864.82
2026;1;EXECUTIVO                                         ;48;SECRETARIA DE SAÚDE - ADMINISTRAÇÃO SUPERVISIONADA                                                  ;48.01;FUNDO MUNICIPAL DE SAÚDE - FMS                                                                      ;3;DESPESAS CORRENTES                                                                                  ;3;OUTRAS DESPESAS CORRENTES                                                                           ;90  ;APLICAÇÕES DIRETAS                                                                                                                                      ;581509608.48;594905000.0;131817191.53;9057174.11;4700033.07
2026;1;EXECUTIVO                                         ;11;SECRETARIA DE ESPORTES                                                                              ;11.01;SECRETARIA DE ESPORTES - ADMINISTRAÇÃO DIRETA                                                       ;3;DESPESAS CORRENTES                                                                                  ;3;OUTRAS DESPESAS CORRENTES                                                                           ;90  ;APLICAÇÕES DIRETAS                                                                                                                                      ;27580000.0;30870000.0;18447175.75;117984.02;115486.14
2026;1;EXECUTIVO                                         ;47;SECRETARIA DE TRANSFORMAÇÃO DIGITAL, CIÊNCIA E TECNOLOGIA - ADMINISTRAÇÃO SUPERVISIONADA            ;47.01;EMPRESA MUNICIPAL DE INFORMÁTICA - EMPREL                                                           ;3;DESPESAS CORRENTES                                                                                  ;1;PESSOAL E ENCARGOS SOCIAIS                                                                          ;90  ;APLICAÇÕES DIRETAS                                                                                                                                      ;61600000.0;61600000.0;4980153.55;4980153.55;3859740.86
2026;4;EXECUTIVO                                         ;80;ENCARGOS GERAIS DO MUNICÍPIO                                                                        ;80.01;RECURSOS SOB A GESTÃO DA SECRETARIA DE FINANÇAS                                                     ;3;DESPESAS CORRENTES                                                                                  ;3;OUTRAS DESPESAS CORRENTES                                                                           ;90  ;APLICAÇÕES DIRETAS                                                                                                                                      ;8000.0;0.0;3411876.44;12883190.14;12942608.15
2026;2;EXECUTIVO                                         ;62;SECRETARIA DE CULTURA - ADMINISTRAÇÃO SUPERVISIONADA                                                ;62.02;FUNDO DE INCENTIVO À CULTURA - FIC                                                                  ;3;DESPESAS CORRENTES                                                                                  ;3;OUTRAS DESPESAS CORRENTES                                                                           ;50  ;TRANSFERÊNCIAS À INSTITUIÇÕES PRIVADAS SEM FINS LUCRATIVOS                                                                                              ;;;50000.0;56840.0;56840.0
2026;3;EXECUTIVO                                         ;37;SECRETARIA DE HABITAÇÃO                                                                             ;37.01;SECRETARIA DE HABITAÇÃO - ADMINISTRAÇÃO DIRETA                                                      ;3;DESPESAS CORRENTES                                                                                  ;3;OUTRAS DESPESAS CORRENTES                                                                           ;90  ;APLICAÇÕES DIRETAS                                                                                                                                      ;5000000.0;0.0;331974.28;178525.33;227274.02
2026;1;EXECUTIVO                                         ;10;GABINETE DO PREFEITO                                                                                ;10.01;GABINETE DO PREFEITO - ADMINISTRAÇÃO DIRETA                                                         ;3;DESPESAS CORRENTES                                                                                  ;3;OUTRAS DESPESAS CORRENTES                                                                           ;90  ;APLICAÇÕES DIRETAS                                                                                                                                      ;1945000.0;1945000.0;1269925.64;24018.64;0.0
2026;1;EXECUTIVO                                         ;43;PROCURADORIA GERAL DO MUNICÍPIO - ADMINISTRAÇÃO SUPERVISIONADA                                      ;43.03;FUNDO ESPECIAL DE HONORÁRIOS ADVOCATÍCIOS - FEHA                                                    ;3;DESPESAS CORRENTES                                                                                  ;3;OUTRAS DESPESAS CORRENTES                                                                           ;90  ;APLICAÇÕES DIRETAS                                                                                                                                      ;10000.0;10000.0;;;
2026;3;EXECUTIVO                                         ;03;GAB. DE GERENC. DO PROG. DE REQUALIF. E RESILÊNCIA URB. EM ÁREAS DE VULNERABILIDADE SOCIOAMB.-PROMOR;03.01;GAB. DE GER. DO PROG. REQUALIF. E RESILIÊNCIA URB. EM ÁREAS DE VULNER. SOCIOAMB.-PROMORAR RECIFE - A;3;DESPESAS CORRENTES                                                                                  ;1;PESSOAL E ENCARGOS SOCIAIS                                                                          ;90  ;APLICAÇÕES DIRETAS                                                                                                                                      ;;;380457.78;380457.78;382062.44
2026;1;EXECUTIVO                                         ;18;SECRETARIA DE SAÚDE                                                                                 ;18.01;SECRETARIA DE SAÚDE - ADMINISTRAÇÃO DIRETA                                                          ;3;DESPESAS CORRENTES                                                                                  ;3;OUTRAS DESPESAS CORRENTES                                                                           ;90  ;APLICAÇÕES DIRETAS                                                                                                                                      ;1500.0;1500.0;;;
2026;4;EXECUTIVO                                         ;31;SECRETARIA DE ADMINISTRAÇÃO                                                                         ;31.01;SECRETARIA DE ADMINISTRAÇÃO - ADMINISTRAÇÃO DIRETA                                                  ;3;DESPESAS CORRENTES                                                                                  ;3;OUTRAS DESPESAS CORRENTES                                                                           ;90  ;APLICAÇÕES DIRETAS                                                                                                                                      ;9930705.0;0.0;37066746.93;10534931.79;10868240.98
2026;3;EXECUTIVO                                         ;60;SECRETARIA DE DIREITOS HUMANOS E JUVENTUDE - ADMINISTRAÇÃO SUPERVISIONADA                           ;60.03;FUNDO MUNICIPAL DOS DIREITOS DA PESSOA IDOSA - FMDPI                                                ;3;DESPESAS CORRENTES                                                                                  ;3;OUTRAS DESPESAS CORRENTES                                                                           ;50  ;TRANSFERÊNCIAS À INSTITUIÇÕES PRIVADAS SEM FINS LUCRATIVOS                                                                                              ;;;12497773.17;12497773.17;12497773.17
2026;1;EXECUTIVO                                         ;20;SECRETARIA DE INFRAESTRUTURA                                                                        ;20.01;SECRETARIA DE INFRAESTRUTURA - ADMINISTRAÇÃO DIRETA                                                 ;3;DESPESAS CORRENTES                                                                                  ;3;OUTRAS DESPESAS CORRENTES                                                                           ;90  ;APLICAÇÕES DIRETAS                                                                                                                                      ;12760000.0;12810000.0;1289243.07;500.0;500.0
2026;3;EXECUTIVO                                         ;31;SECRETARIA DE ADMINISTRAÇÃO                                                                         ;31.01;SECRETARIA DE ADMINISTRAÇÃO - ADMINISTRAÇÃO DIRETA                                                  ;3;DESPESAS CORRENTES                                                                                  ;1;PESSOAL E ENCARGOS SOCIAIS                                                                          ;90  ;APLICAÇÕES DIRETAS                                                                                                                                      ;0.0;0.0;2755539.25;2755539.25;2737894.35
2026;2;EXECUTIVO                                         ;50;SECRETARIA DE INFRAESTRUTURA - ADMINISTRAÇÃO SUPERVISIONADA                                         ;50.11;AUTARQUIA DE URBANIZAÇÃO DO RECIFE - URB RECIFE                                                     ;3;DESPESAS CORRENTES                                                                                  ;2;JUROS E ENCARGOS DA DÍVIDA                                                                          ;90  ;APLICAÇÕES DIRETAS                                                                                                                                      ;303000.0;0.0;1847867.45;252336.42;39731.96
2026;3;EXECUTIVO                                         ;29;SECRETARIA DE ASSISTÊNCIA SOCIAL E COMBATE À FOME                                                   ;29.01;SECRETARIA DE ASSISTÊNCIA SOCIAL E COMBATE À FOME - ADMINISTRAÇÃO DIRETA                            ;3;DESPESAS CORRENTES                                                                                  ;3;OUTRAS DESPESAS CORRENTES                                                                           ;50  ;TRANSFERÊNCIAS À INSTITUIÇÕES PRIVADAS SEM FINS LUCRATIVOS                                                                                              ;;;0.0;30000.0;0.0
2026;3;EXECUTIVO                                         ;48;SECRETARIA DE SAÚDE - ADMINISTRAÇÃO SUPERVISIONADA                                                  ;48.01;FUNDO MUNICIPAL DE SAÚDE - FMS                                                                      ;4;DESPESAS DE CAPITAL                                                                                 ;4;INVESTIMENTOS                                                                                       ;50  ;TRANSFERÊNCIAS À INSTITUIÇÕES PRIVADAS SEM FINS LUCRATIVOS                                                                                              ;922295.0;0.0;1772777.47;1515483.0;1515483.0
2026;3;EXECUTIVO                                         ;80;ENCARGOS GERAIS DO MUNICÍPIO                                                                        ;80.01;RECURSOS SOB A GESTÃO DA SECRETARIA DE FINANÇAS                                                     ;3;DESPESAS CORRENTES                                                                                  ;3;OUTRAS DESPESAS CORRENTES                                                                           ;90  ;APLICAÇÕES DIRETAS                                                                                                                                      ;0.0;0.0;2141756.91;15103442.54;15362578.91
2026;2;EXECUTIVO                                         ;48;SECRETARIA DE SAÚDE - ADMINISTRAÇÃO SUPERVISIONADA                                                  ;48.01;FUNDO MUNICIPAL DE SAÚDE - FMS                                                                      ;3;DESPESAS CORRENTES                                                                                  ;1;PESSOAL E ENCARGOS SOCIAIS                                                                          ;90  ;APLICAÇÕES DIRETAS                                                                                                                                      ;-4883597.01;0.0;86965096.5;79776186.84;79292061.12
2026;1;EXECUTIVO                                         ;14;SECRETARIA DE EDUCAÇÃO                                                                              ;14.01;SECRETARIA DE EDUCAÇÃO - ADMINISTRAÇÃO DIRETA                                                       ;3;DESPESAS CORRENTES                                                                                  ;1;PESSOAL E ENCARGOS SOCIAIS                                                                          ;91  ;APLICAÇÃO DIRETA DECORRENTE DE OPERAÇÃO ENTRE ÓRGÃOS, FUNDOS E ENTIDADES INTEGRANTES DOS ORÇAMENTOS FISCAL E DE SEGURIDADE SOCIAL                       ;85540000.0;85540000.0;15474990.61;8809012.03;0.0
2026;2;EXECUTIVO                                         ;43;PROCURADORIA GERAL DO MUNICÍPIO - ADMINISTRAÇÃO SUPERVISIONADA                                      ;43.02;FUNDO ESPECIAL DE APOIO À PROCURADORIA DO MUNICÍPIO DO RECIFE - FEAPMR                              ;3;DESPESAS CORRENTES                                                                                  ;3;OUTRAS DESPESAS CORRENTES                                                                           ;90  ;APLICAÇÕES DIRETAS                                                                                                                                      ;0.0;0.0;5734430.01;598593.06;522814.98
2026;4;EXECUTIVO                                         ;06;SECRETARIA DE CIDADANIA E CULTURA DE PAZ                                                            ;06.01;SECRETARIA DE CIDADANIA E CULTURA DE PAZ - ADMINISTRAÇÃO DIRETA                                     ;4;DESPESAS DE CAPITAL                                                                                 ;4;INVESTIMENTOS                                                                                       ;90  ;APLICAÇÕES DIRETAS                                                                                                                                      ;0.0;0.0;4150.0;5175.6;11055.6
2026;3;EXECUTIVO                                         ;31;SECRETARIA DE ADMINISTRAÇÃO                                                                         ;31.01;SECRETARIA DE ADMINISTRAÇÃO - ADMINISTRAÇÃO DIRETA                                                  ;3;DESPESAS CORRENTES                                                                                  ;3;OUTRAS DESPESAS CORRENTES                                                                           ;90  ;APLICAÇÕES DIRETAS                                                                                                                                      ;0.0;0.0;3273531.04;9179995.88;8865776.62
2026;3;EXECUTIVO                                         ;26;SECRETARIA DE PROJETOS ESPECIAIS                                                                    ;26.01;SECRETARIA DE PROJETOS ESPECIAIS - ADMINISTRAÇÃO DIRETA                                             ;3;DESPESAS CORRENTES                                                                                  ;1;PESSOAL E ENCARGOS SOCIAIS                                                                          ;90  ;APLICAÇÕES DIRETAS                                                                                                                                      ;;;841614.15;841614.15;839905.11
2026;2;EXECUTIVO                                         ;67;SECRETARIA DE HABITAÇÃO - ADMINISTRAÇÃO SUPERVISIONADA                                              ;67.01;FUNDO MUNICIPAL DE HABITAÇÃO DE INTERESSE SOCIAL - FMHIS                                            ;3;DESPESAS CORRENTES                                                                                  ;3;OUTRAS DESPESAS CORRENTES                                                                           ;90  ;APLICAÇÕES DIRETAS                                                                                                                                      ;;;0.0;2985.18;2985.18
2026;3;EXECUTIVO                                         ;32;SECRETARIA DE CULTURA                                                                               ;32.01;SECRETARIA DE CULTURA - ADMINISTRAÇÃO DIRETA                                                        ;3;DESPESAS CORRENTES                                                                                  ;1;PESSOAL E ENCARGOS SOCIAIS                                                                          ;90  ;APLICAÇÕES DIRETAS                                                                                                                                      ;;;1496592.2;1496592.2;1467330.96
2026;2;EXECUTIVO                                         ;23;SECRETARIA DE SANEAMENTO                                                                            ;23.01;SECRETARIA DE SANEAMENTO - ADMINISTRAÇÃO DIRETA                                                     ;3;DESPESAS CORRENTES                                                                                  ;3;OUTRAS DESPESAS CORRENTES                                                                           ;90  ;APLICAÇÕES DIRETAS                                                                                                                                      ;0.0;0.0;41988.14;305902.08;305902.08
2026;2;EXECUTIVO                                         ;60;SECRETARIA DE DIREITOS HUMANOS E JUVENTUDE - ADMINISTRAÇÃO SUPERVISIONADA                           ;60.01;FUNDO MUNICIPAL DA CRIANÇA E DO ADOLESCENTE - FMCA                                                  ;4;DESPESAS DE CAPITAL                                                                                 ;4;INVESTIMENTOS                                                                                       ;90  ;APLICAÇÕES DIRETAS                                                                                                                                      ;60000.0;0.0;;;
2026;2;EXECUTIVO                                         ;14;SECRETARIA DE EDUCAÇÃO                                                                              ;14.01;SECRETARIA DE EDUCAÇÃO - ADMINISTRAÇÃO DIRETA                                                       ;3;DESPESAS CORRENTES                                                                                  ;3;OUTRAS DESPESAS CORRENTES                                                                           ;50  ;TRANSFERÊNCIAS À INSTITUIÇÕES PRIVADAS SEM FINS LUCRATIVOS                                                                                              ;16323013.59;0.0;44182332.07;9117491.7;9104182.49
2026;3;EXECUTIVO                                         ;16;GABINETE DE COMUNICAÇÃO                                                                             ;16.01;GABINETE DE COMUNICAÇÃO - ADMINISTRAÇÃO DIRETA                                                      ;3;DESPESAS CORRENTES                                                                                  ;1;PESSOAL E ENCARGOS SOCIAIS                                                                          ;90  ;APLICAÇÕES DIRETAS                                                                                                                                      ;;;260515.62;260515.62;259583.32
2026;4;EXECUTIVO                                         ;61;SECRETARIA DE ADMINISTRAÇÃO - ADMINISTRAÇÃO SUPERVISIONADA                                          ;61.01;AUTARQUIA MUNICIPAL DE PREVIDÊNCIA E ASSISTÊNCIA À SAÚDE DOS SERVIDORES                             ;3;DESPESAS CORRENTES                                                                                  ;1;PESSOAL E ENCARGOS SOCIAIS                                                                          ;91  ;APLICAÇÃO DIRETA DECORRENTE DE OPERAÇÃO ENTRE ÓRGÃOS, FUNDOS E ENTIDADES INTEGRANTES DOS ORÇAMENTOS FISCAL E DE SEGURIDADE SOCIAL                       ;;;1971.14;1971.14;1971.14
2026;2;EXECUTIVO                                         ;34;SECRETARIA DE DESENVOLVIMENTO URBANO E LICENCIAMENTO                                                ;34.01;SECRETARIA DE DESENVOLVIMENTO URBANO E LICENCIAMENTO	 - ADMINISTRAÇÃO DIRETA                        ;3;DESPESAS CORRENTES                                                                                  ;3;OUTRAS DESPESAS CORRENTES                                                                           ;90  ;APLICAÇÕES DIRETAS                                                                                                                                      ;-467883.0;0.0;1788347.44;1136964.08;1136964.08
2026;3;EXECUTIVO                                         ;31;SECRETARIA DE ADMINISTRAÇÃO                                                                         ;31.01;SECRETARIA DE ADMINISTRAÇÃO - ADMINISTRAÇÃO DIRETA                                                  ;4;DESPESAS DE CAPITAL                                                                                 ;4;INVESTIMENTOS                                                                                       ;90  ;APLICAÇÕES DIRETAS                                                                                                                                      ;-15000000.0;0.0;41583.4;92205.25;92205.25
2026;1;EXECUTIVO                                         ;24;CONTROLADORIA GERAL DO MUNICÍPIO                                                                    ;24.01;CONTROLADORIA GERAL DO MUNICÍPIO - ADMINISTRAÇÃO DIRETA                                             ;3;DESPESAS CORRENTES                                                                                  ;3;OUTRAS DESPESAS CORRENTES                                                                           ;90  ;APLICAÇÕES DIRETAS                                                                                                                                      ;1305000.0;1305000.0;1266472.51;66517.58;66517.58
2026;1;EXECUTIVO                                         ;64;SECRETARIA DE DESENVOLVIMENTO URBANO E LICENCIAMENTO - ADMINISTRAÇÃO SUPERVISIONADA                 ;64.01;FUNDO MUNICIPAL DE MEIO AMBIENTE - FMMA                                                             ;3;DESPESAS CORRENTES                                                                                  ;1;PESSOAL E ENCARGOS SOCIAIS                                                                          ;90  ;APLICAÇÕES DIRETAS                                                                                                                                      ;2550000.0;2550000.0;;;
2026;1;EXECUTIVO                                         ;38;SECRETARIA DE ORDEM PÚBLICA E SEGURANÇA                                                             ;38.01;SECRETARIA DE ORDEM PÚBLICA E SEGURANÇA - ADMINISTRAÇÃO DIRETA                                      ;3;DESPESAS CORRENTES                                                                                  ;3;OUTRAS DESPESAS CORRENTES                                                                           ;90  ;APLICAÇÕES DIRETAS                                                                                                                                      ;132482500.0;134070000.0;23792384.74;2434200.0;2434200.0
2026;2;EXECUTIVO                                         ;68;SECRETARIA DE ORDEM PÚBLICA E SEGURANÇA - ADMINISTRAÇÃO SUPERVISIONADA                              ;68.01;AUTARQUIA DE TRÂNSITO E TRANSPORTE URBANO DO RECIFE - CTTU                                          ;3;DESPESAS CORRENTES                                                                                  ;1;PESSOAL E ENCARGOS SOCIAIS                                                                          ;90  ;APLICAÇÕES DIRETAS                                                                                                                                      ;0.0;0.0;898771.21;1115562.97;1064334.17
2026;2;EXECUTIVO                                         ;14;SECRETARIA DE EDUCAÇÃO                                                                              ;14.01;SECRETARIA DE EDUCAÇÃO - ADMINISTRAÇÃO DIRETA                                                       ;3;DESPESAS CORRENTES                                                                                  ;3;OUTRAS DESPESAS CORRENTES                                                                           ;90  ;APLICAÇÕES DIRETAS                                                                                                                                      ;-480872.79;0.0;165645308.55;45386266.63;39461522.36
2026;4;EXECUTIVO                                         ;29;SECRETARIA DE ASSISTÊNCIA SOCIAL E COMBATE À FOME                                                   ;29.01;SECRETARIA DE ASSISTÊNCIA SOCIAL E COMBATE À FOME - ADMINISTRAÇÃO DIRETA                            ;3;DESPESAS CORRENTES                                                                                  ;3;OUTRAS DESPESAS CORRENTES                                                                           ;50  ;TRANSFERÊNCIAS À INSTITUIÇÕES PRIVADAS SEM FINS LUCRATIVOS                                                                                              ;4137841.8;0.0;520192.0;150000.0;120000.0
2026;3;EXECUTIVO                                         ;36;GABINETE DE IMPRENSA                                                                                ;36.01;GABINETE DE IMPRENSA - ADMINISTRAÇÃO DIRETA                                                         ;3;DESPESAS CORRENTES                                                                                  ;1;PESSOAL E ENCARGOS SOCIAIS                                                                          ;90  ;APLICAÇÕES DIRETAS                                                                                                                                      ;;;517160.03;517160.03;514549.23
2026;2;EXECUTIVO                                         ;27;SECRETARIA DE PLANEJAMENTO E GESTÃO                                                                 ;27.01;SECRETARIA DE PLANEJAMENTO E GESTÃO - ADMINISTRAÇÃO DIRETA                                          ;3;DESPESAS CORRENTES                                                                                  ;3;OUTRAS DESPESAS CORRENTES                                                                           ;90  ;APLICAÇÕES DIRETAS                                                                                                                                      ;656952.62;0.0;7107992.85;1747671.56;1676771.56
2026;3;EXECUTIVO                                         ;62;SECRETARIA DE CULTURA - ADMINISTRAÇÃO SUPERVISIONADA                                                ;62.02;FUNDO DE INCENTIVO À CULTURA - FIC                                                                  ;3;DESPESAS CORRENTES                                                                                  ;3;OUTRAS DESPESAS CORRENTES                                                                           ;60  ;TRANSFERÊNCIAS À INSTITUIÇÕES PRIVADAS COM FINS LUCRATIVOS                                                                                              ;;;243459.5;705382.5;716482.5
2026;4;EXECUTIVO                                         ;47;SECRETARIA DE TRANSFORMAÇÃO DIGITAL, CIÊNCIA E TECNOLOGIA - ADMINISTRAÇÃO SUPERVISIONADA            ;47.02;FUNDO MUNICIPAL DE FOMENTO AO EMPREENDEDORISMO - RECIFE ACREDITA - FMFE                             ;4;DESPESAS DE CAPITAL                                                                                 ;5;INVERSÕES FINANCEIRAS                                                                               ;90  ;APLICAÇÕES DIRETAS                                                                                                                                      ;;;0.0;0.0;17757.5
2026;2;EXECUTIVO                                         ;06;SECRETARIA DE CIDADANIA E CULTURA DE PAZ                                                            ;06.01;SECRETARIA DE CIDADANIA E CULTURA DE PAZ - ADMINISTRAÇÃO DIRETA                                     ;3;DESPESAS CORRENTES                                                                                  ;1;PESSOAL E ENCARGOS SOCIAIS                                                                          ;90  ;APLICAÇÕES DIRETAS                                                                                                                                      ;-70000.0;0.0;498967.44;498967.44;497801.19
2026;4;EXECUTIVO                                         ;29;SECRETARIA DE ASSISTÊNCIA SOCIAL E COMBATE À FOME                                                   ;29.01;SECRETARIA DE ASSISTÊNCIA SOCIAL E COMBATE À FOME - ADMINISTRAÇÃO DIRETA                            ;3;DESPESAS CORRENTES                                                                                  ;1;PESSOAL E ENCARGOS SOCIAIS                                                                          ;90  ;APLICAÇÕES DIRETAS                                                                                                                                      ;;;0.0;0.0;815380.64
2026;4;EXECUTIVO                                         ;62;SECRETARIA DE CULTURA - ADMINISTRAÇÃO SUPERVISIONADA                                                ;62.02;FUNDO DE INCENTIVO À CULTURA - FIC                                                                  ;3;DESPESAS CORRENTES                                                                                  ;3;OUTRAS DESPESAS CORRENTES                                                                           ;50  ;TRANSFERÊNCIAS À INSTITUIÇÕES PRIVADAS SEM FINS LUCRATIVOS                                                                                              ;;;45393.0;45393.0;45393.0
2026;1;EXECUTIVO                                         ;43;PROCURADORIA GERAL DO MUNICÍPIO - ADMINISTRAÇÃO SUPERVISIONADA                                      ;43.01;FUNDO MUNICIPAL DE DEFESA DO CONSUMIDOR - FUNDEC                                                    ;3;DESPESAS CORRENTES                                                                                  ;3;OUTRAS DESPESAS CORRENTES                                                                           ;90  ;APLICAÇÕES DIRETAS                                                                                                                                      ;1300000.0;1300000.0;;;
2026;4;EXECUTIVO                                         ;61;SECRETARIA DE ADMINISTRAÇÃO - ADMINISTRAÇÃO SUPERVISIONADA                                          ;61.03;FUNDO FINANCEIRO - RECIFIN                                                                          ;3;DESPESAS CORRENTES                                                                                  ;1;PESSOAL E ENCARGOS SOCIAIS                                                                          ;90  ;APLICAÇÕES DIRETAS                                                                                                                                      ;-40852000.0;0.0;46017392.89;62991371.68;62878820.13
2026;2;EXECUTIVO                                         ;61;SECRETARIA DE ADMINISTRAÇÃO - ADMINISTRAÇÃO SUPERVISIONADA                                          ;61.02;FUNDO PREVIDENCIÁRIO - RECIPREV                                                                     ;3;DESPESAS CORRENTES                                                                                  ;1;PESSOAL E ENCARGOS SOCIAIS                                                                          ;90  ;APLICAÇÕES DIRETAS                                                                                                                                      ;8000000.0;0.0;25990304.38;26030469.36;23905533.94
2026;4;EXECUTIVO                                         ;20;SECRETARIA DE INFRAESTRUTURA                                                                        ;20.01;SECRETARIA DE INFRAESTRUTURA - ADMINISTRAÇÃO DIRETA                                                 ;3;DESPESAS CORRENTES                                                                                  ;1;PESSOAL E ENCARGOS SOCIAIS                                                                          ;90  ;APLICAÇÕES DIRETAS                                                                                                                                      ;;;0.0;0.0;20863.05
2026;1;EXECUTIVO                                         ;39;SECRETARIA DE MEIO AMBIENTE                                                                         ;39.01;SECRETARIA DE MEIO AMBIENTE - ADMINISTRAÇÃO DIRETA                                                  ;3;DESPESAS CORRENTES                                                                                  ;3;OUTRAS DESPESAS CORRENTES                                                                           ;90  ;APLICAÇÕES DIRETAS                                                                                                                                      ;3080000.0;3080000.0;513523.02;0.0;0.0
2026;1;EXECUTIVO                                         ;18;SECRETARIA DE SAÚDE                                                                                 ;18.01;SECRETARIA DE SAÚDE - ADMINISTRAÇÃO DIRETA                                                          ;3;DESPESAS CORRENTES                                                                                  ;1;PESSOAL E ENCARGOS SOCIAIS                                                                          ;90  ;APLICAÇÕES DIRETAS                                                                                                                                      ;1000.0;1000.0;;;
2026;2;EXECUTIVO                                         ;48;SECRETARIA DE SAÚDE - ADMINISTRAÇÃO SUPERVISIONADA                                                  ;48.01;FUNDO MUNICIPAL DE SAÚDE - FMS                                                                      ;4;DESPESAS DE CAPITAL                                                                                 ;4;INVESTIMENTOS                                                                                       ;90  ;APLICAÇÕES DIRETAS                                                                                                                                      ;11639057.18;0.0;11167771.69;10281277.44;9756499.16
2026;1;EXECUTIVO                                         ;50;SECRETARIA DE INFRAESTRUTURA - ADMINISTRAÇÃO SUPERVISIONADA                                         ;50.11;AUTARQUIA DE URBANIZAÇÃO DO RECIFE - URB RECIFE                                                     ;3;DESPESAS CORRENTES                                                                                  ;2;JUROS E ENCARGOS DA DÍVIDA                                                                          ;90  ;APLICAÇÕES DIRETAS                                                                                                                                      ;2000000.0;2000000.0;;;
2026;3;EXECUTIVO                                         ;13;PROCURADORIA GERAL DO MUNICÍPIO                                                                     ;13.01;PROCURADORIA GERAL DO MUNICÍPIO - ADMINISTRAÇÃO DIRETA                                              ;3;DESPESAS CORRENTES                                                                                  ;1;PESSOAL E ENCARGOS SOCIAIS                                                                          ;90  ;APLICAÇÕES DIRETAS                                                                                                                                      ;0.0;0.0;4662874.1;4662874.1;4663345.35
2026;1;EXECUTIVO                                         ;15;SECRETARIA DE FINANÇAS                                                                              ;15.01;SECRETARIA DE FINANÇAS - ADMINISTRAÇÃO DIRETA                                                       ;3;DESPESAS CORRENTES                                                                                  ;1;PESSOAL E ENCARGOS SOCIAIS                                                                          ;90  ;APLICAÇÕES DIRETAS                                                                                                                                      ;106000000.0;106000000.0;6289471.11;6289471.11;5332830.81
2026;2;EXECUTIVO                                         ;20;SECRETARIA DE INFRAESTRUTURA                                                                        ;20.01;SECRETARIA DE INFRAESTRUTURA - ADMINISTRAÇÃO DIRETA                                                 ;4;DESPESAS DE CAPITAL                                                                                 ;4;INVESTIMENTOS                                                                                       ;90  ;APLICAÇÕES DIRETAS                                                                                                                                      ;242497.98;0.0;;;
2026;1;EXECUTIVO                                         ;62;SECRETARIA DE CULTURA - ADMINISTRAÇÃO SUPERVISIONADA                                                ;62.01;FUNDAÇÃO DE CULTURA CIDADE DO RECIFE - FCCR                                                         ;4;DESPESAS DE CAPITAL                                                                                 ;6;AMORTIZAÇÃO DA DÍVIDA                                                                               ;90  ;APLICAÇÕES DIRETAS                                                                                                                                      ;10000.0;10000.0;;;
2026;1;EXECUTIVO                                         ;47;SECRETARIA DE TRANSFORMAÇÃO DIGITAL, CIÊNCIA E TECNOLOGIA - ADMINISTRAÇÃO SUPERVISIONADA            ;47.01;EMPRESA MUNICIPAL DE INFORMÁTICA - EMPREL                                                           ;3;DESPESAS CORRENTES                                                                                  ;3;OUTRAS DESPESAS CORRENTES                                                                           ;90  ;APLICAÇÕES DIRETAS                                                                                                                                      ;26720000.0;26720000.0;12146869.36;25424.93;25424.93
2026;4;EXECUTIVO                                         ;61;SECRETARIA DE ADMINISTRAÇÃO - ADMINISTRAÇÃO SUPERVISIONADA                                          ;61.03;FUNDO FINANCEIRO - RECIFIN                                                                          ;3;DESPESAS CORRENTES                                                                                  ;3;OUTRAS DESPESAS CORRENTES                                                                           ;91  ;APLICAÇÃO DIRETA DECORRENTE DE OPERAÇÃO ENTRE ÓRGÃOS, FUNDOS E ENTIDADES INTEGRANTES DOS ORÇAMENTOS FISCAL E DE SEGURIDADE SOCIAL                       ;;;523213.51;523213.51;523213.51
2026;1;EXECUTIVO                                         ;28;GABINETE DE REPRESENTAÇÃO EM BRASÍLIA                                                               ;28.01;GABINETE DE REPRESENTAÇÃO EM BRASÍLIA - ADMINISTRAÇÃO DIRETA                                        ;3;DESPESAS CORRENTES                                                                                  ;1;PESSOAL E ENCARGOS SOCIAIS                                                                          ;90  ;APLICAÇÕES DIRETAS                                                                                                                                      ;10000.0;10000.0;;;
2026;1;EXECUTIVO                                         ;61;SECRETARIA DE ADMINISTRAÇÃO - ADMINISTRAÇÃO SUPERVISIONADA                                          ;61.01;AUTARQUIA MUNICIPAL DE PREVIDÊNCIA E ASSISTÊNCIA À SAÚDE DOS SERVIDORES                             ;4;DESPESAS DE CAPITAL                                                                                 ;4;INVESTIMENTOS                                                                                       ;90  ;APLICAÇÕES DIRETAS                                                                                                                                      ;300000.0;0.0;;;
2026;4;EXECUTIVO                                         ;29;SECRETARIA DE ASSISTÊNCIA SOCIAL E COMBATE À FOME                                                   ;29.01;SECRETARIA DE ASSISTÊNCIA SOCIAL E COMBATE À FOME - ADMINISTRAÇÃO DIRETA                            ;3;DESPESAS CORRENTES                                                                                  ;3;OUTRAS DESPESAS CORRENTES                                                                           ;90  ;APLICAÇÕES DIRETAS                                                                                                                                      ;359773.6;0.0;135534.81;193642.67;106260.39
2026;2;EXECUTIVO                                         ;24;CONTROLADORIA GERAL DO MUNICÍPIO                                                                    ;24.01;CONTROLADORIA GERAL DO MUNICÍPIO - ADMINISTRAÇÃO DIRETA                                             ;3;DESPESAS CORRENTES                                                                                  ;3;OUTRAS DESPESAS CORRENTES                                                                           ;90  ;APLICAÇÕES DIRETAS                                                                                                                                      ;0.0;0.0;-15844.15;152389.71;77687.5
2026;1;EXECUTIVO                                         ;08;GABINETE DO CENTRO DO RECIFE                                                                        ;08.01;GABINETE DO CENTRO DO RECIFE - ADMINISTRAÇÃO DIRETA                                                 ;3;DESPESAS CORRENTES                                                                                  ;3;OUTRAS DESPESAS CORRENTES                                                                           ;90  ;APLICAÇÕES DIRETAS                                                                                                                                      ;1980000.0;1980000.0;1225289.94;108024.3;108024.3
2026;4;EXECUTIVO                                         ;31;SECRETARIA DE ADMINISTRAÇÃO                                                                         ;31.01;SECRETARIA DE ADMINISTRAÇÃO - ADMINISTRAÇÃO DIRETA                                                  ;3;DESPESAS CORRENTES                                                                                  ;1;PESSOAL E ENCARGOS SOCIAIS                                                                          ;90  ;APLICAÇÕES DIRETAS                                                                                                                                      ;36334.78;0.0;0.0;0.0;511740.76
2026;1;EXECUTIVO                                         ;25;SECRETARIA DE ARTICULAÇÃO POLÍTICA E SOCIAL                                                         ;25.01;SECRETARIA DE ARTICULAÇÃO POLÍTICA E SOCIAL - ADMINISTRAÇÃO DIRETA                                  ;3;DESPESAS CORRENTES                                                                                  ;1;PESSOAL E ENCARGOS SOCIAIS                                                                          ;90  ;APLICAÇÕES DIRETAS                                                                                                                                      ;19800000.0;19800000.0;1547233.29;1547233.29;1339654.65
2026;1;EXECUTIVO                                         ;11;SECRETARIA DE ESPORTES                                                                              ;11.01;SECRETARIA DE ESPORTES - ADMINISTRAÇÃO DIRETA                                                       ;4;DESPESAS DE CAPITAL                                                                                 ;4;INVESTIMENTOS                                                                                       ;90  ;APLICAÇÕES DIRETAS                                                                                                                                      ;1190000.0;1190000.0;;;
2026;2;EXECUTIVO                                         ;30;SECRETARIA DE DIREITOS HUMANOS E JUVENTUDE                                                          ;30.01;SECRETARIA DE DIREITOS HUMANOS E JUVENTUDE - ADMINISTRAÇÃO DIRETA                                   ;3;DESPESAS CORRENTES                                                                                  ;1;PESSOAL E ENCARGOS SOCIAIS                                                                          ;90  ;APLICAÇÕES DIRETAS                                                                                                                                      ;0.0;0.0;485765.42;485765.42;486795.83
2026;1;EXECUTIVO                                         ;12;GABINETE DO VICE-PREFEITO                                                                           ;12.01;GABINETE DO VICE-PREFEITO - ADMINISTRAÇÃO DIRETA                                                    ;3;DESPESAS CORRENTES                                                                                  ;3;OUTRAS DESPESAS CORRENTES                                                                           ;90  ;APLICAÇÕES DIRETAS                                                                                                                                      ;440000.0;440000.0;421770.72;0.0;0.0
2026;2;EXECUTIVO                                         ;03;GAB. DE GERENC. DO PROG. DE REQUALIF. E RESILÊNCIA URB. EM ÁREAS DE VULNERABILIDADE SOCIOAMB.-PROMOR;03.01;GAB. DE GER. DO PROG. REQUALIF. E RESILIÊNCIA URB. EM ÁREAS DE VULNER. SOCIOAMB.-PROMORAR RECIFE - A;4;DESPESAS DE CAPITAL                                                                                 ;4;INVESTIMENTOS                                                                                       ;50  ;TRANSFERÊNCIAS À INSTITUIÇÕES PRIVADAS SEM FINS LUCRATIVOS                                                                                              ;;;12400.0;12400.0;12400.0
2026;3;EXECUTIVO                                         ;08;GABINETE DO CENTRO DO RECIFE                                                                        ;08.01;GABINETE DO CENTRO DO RECIFE - ADMINISTRAÇÃO DIRETA                                                 ;3;DESPESAS CORRENTES                                                                                  ;1;PESSOAL E ENCARGOS SOCIAIS                                                                          ;90  ;APLICAÇÕES DIRETAS                                                                                                                                      ;;;208644.24;208644.24;208350.62
2026;1;EXECUTIVO                                         ;06;SECRETARIA DE CIDADANIA E CULTURA DE PAZ                                                            ;06.01;SECRETARIA DE CIDADANIA E CULTURA DE PAZ - ADMINISTRAÇÃO DIRETA                                     ;3;DESPESAS CORRENTES                                                                                  ;1;PESSOAL E ENCARGOS SOCIAIS                                                                          ;90  ;APLICAÇÕES DIRETAS                                                                                                                                      ;7000000.0;7000000.0;494797.85;494797.85;440373.49
2026;2;EXECUTIVO                                         ;24;CONTROLADORIA GERAL DO MUNICÍPIO                                                                    ;24.01;CONTROLADORIA GERAL DO MUNICÍPIO - ADMINISTRAÇÃO DIRETA                                             ;3;DESPESAS CORRENTES                                                                                  ;1;PESSOAL E ENCARGOS SOCIAIS                                                                          ;90  ;APLICAÇÕES DIRETAS                                                                                                                                      ;;;992132.69;992132.69;993504.63
2026;2;EXECUTIVO                                         ;48;SECRETARIA DE SAÚDE - ADMINISTRAÇÃO SUPERVISIONADA                                                  ;48.01;FUNDO MUNICIPAL DE SAÚDE - FMS                                                                      ;3;DESPESAS CORRENTES                                                                                  ;3;OUTRAS DESPESAS CORRENTES                                                                           ;90  ;APLICAÇÕES DIRETAS                                                                                                                                      ;-23675751.16;0.0;166068916.62;45393457.75;37957225.62
2026;3;EXECUTIVO                                         ;68;SECRETARIA DE ORDEM PÚBLICA E SEGURANÇA - ADMINISTRAÇÃO SUPERVISIONADA                              ;68.01;AUTARQUIA DE TRÂNSITO E TRANSPORTE URBANO DO RECIFE - CTTU                                          ;3;DESPESAS CORRENTES                                                                                  ;1;PESSOAL E ENCARGOS SOCIAIS                                                                          ;90  ;APLICAÇÕES DIRETAS                                                                                                                                      ;;;1001894.84;1202705.54;1209034.1
2026;4;EXECUTIVO                                         ;61;SECRETARIA DE ADMINISTRAÇÃO - ADMINISTRAÇÃO SUPERVISIONADA                                          ;61.01;AUTARQUIA MUNICIPAL DE PREVIDÊNCIA E ASSISTÊNCIA À SAÚDE DOS SERVIDORES                             ;4;DESPESAS DE CAPITAL                                                                                 ;6;AMORTIZAÇÃO DA DÍVIDA                                                                               ;90  ;APLICAÇÕES DIRETAS                                                                                                                                      ;2292000.0;0.0;2288546.28;762848.76;762848.76
2026;4;EXECUTIVO                                         ;38;SECRETARIA DE ORDEM PÚBLICA E SEGURANÇA                                                             ;38.01;SECRETARIA DE ORDEM PÚBLICA E SEGURANÇA - ADMINISTRAÇÃO DIRETA                                      ;4;DESPESAS DE CAPITAL                                                                                 ;4;INVESTIMENTOS                                                                                       ;90  ;APLICAÇÕES DIRETAS                                                                                                                                      ;-2670606.45;0.0;934036.77;2064682.0;2709383.69
2026;1;EXECUTIVO                                         ;03;GAB. DE GERENC. DO PROG. DE REQUALIF. E RESILÊNCIA URB. EM ÁREAS DE VULNERABILIDADE SOCIOAMB.-PROMOR;03.01;GAB. DE GER. DO PROG. REQUALIF. E RESILIÊNCIA URB. EM ÁREAS DE VULNER. SOCIOAMB.-PROMORAR RECIFE - A;3;DESPESAS CORRENTES                                                                                  ;3;OUTRAS DESPESAS CORRENTES                                                                           ;90  ;APLICAÇÕES DIRETAS                                                                                                                                      ;357000.0;357000.0;266843.08;0.0;0.0
2026;2;EXECUTIVO                                         ;14;SECRETARIA DE EDUCAÇÃO                                                                              ;14.01;SECRETARIA DE EDUCAÇÃO - ADMINISTRAÇÃO DIRETA                                                       ;3;DESPESAS CORRENTES                                                                                  ;1;PESSOAL E ENCARGOS SOCIAIS                                                                          ;91  ;APLICAÇÃO DIRETA DECORRENTE DE OPERAÇÃO ENTRE ÓRGÃOS, FUNDOS E ENTIDADES INTEGRANTES DOS ORÇAMENTOS FISCAL E DE SEGURIDADE SOCIAL                       ;;;7891304.23;8081203.35;16890215.38
2026;1;EXECUTIVO                                         ;22;SECRETARIA DA MULHER                                                                                ;22.01;SECRETARIA DA MULHER - ADMINISTRAÇÃO DIRETA                                                         ;3;DESPESAS CORRENTES                                                                                  ;1;PESSOAL E ENCARGOS SOCIAIS                                                                          ;90  ;APLICAÇÕES DIRETAS                                                                                                                                      ;8890000.0;8890000.0;425710.32;425710.32;358721.09
2026;4;EXECUTIVO                                         ;15;SECRETARIA DE FINANÇAS                                                                              ;15.01;SECRETARIA DE FINANÇAS - ADMINISTRAÇÃO DIRETA                                                       ;4;DESPESAS DE CAPITAL                                                                                 ;4;INVESTIMENTOS                                                                                       ;90  ;APLICAÇÕES DIRETAS                                                                                                                                      ;0.0;0.0;;;
2026;1;EXECUTIVO                                         ;34;SECRETARIA DE DESENVOLVIMENTO URBANO E LICENCIAMENTO                                                ;34.01;SECRETARIA DE DESENVOLVIMENTO URBANO E LICENCIAMENTO	 - ADMINISTRAÇÃO DIRETA                        ;4;DESPESAS DE CAPITAL                                                                                 ;4;INVESTIMENTOS                                                                                       ;90  ;APLICAÇÕES DIRETAS                                                                                                                                      ;54293000.0;61250000.0;2140379.53;2140379.53;2140379.53
2026;4;EXECUTIVO                                         ;39;SECRETARIA DE MEIO AMBIENTE                                                                         ;39.01;SECRETARIA DE MEIO AMBIENTE - ADMINISTRAÇÃO DIRETA                                                  ;3;DESPESAS CORRENTES                                                                                  ;3;OUTRAS DESPESAS CORRENTES                                                                           ;90  ;APLICAÇÕES DIRETAS                                                                                                                                      ;0.0;0.0;126015.36;205684.32;62781.37
2026;4;EXECUTIVO                                         ;50;SECRETARIA DE INFRAESTRUTURA - ADMINISTRAÇÃO SUPERVISIONADA                                         ;50.10;AUTARQUIA DE MANUTENÇÃO E LIMPEZA URBANA - EMLURB                                                   ;4;DESPESAS DE CAPITAL                                                                                 ;4;INVESTIMENTOS                                                                                       ;90  ;APLICAÇÕES DIRETAS                                                                                                                                      ;10166159.08;0.0;12837488.28;11046624.74;12205035.27
2026;3;EXECUTIVO                                         ;68;SECRETARIA DE ORDEM PÚBLICA E SEGURANÇA - ADMINISTRAÇÃO SUPERVISIONADA                              ;68.01;AUTARQUIA DE TRÂNSITO E TRANSPORTE URBANO DO RECIFE - CTTU                                          ;3;DESPESAS CORRENTES                                                                                  ;3;OUTRAS DESPESAS CORRENTES                                                                           ;91  ;APLICAÇÃO DIRETA DECORRENTE DE OPERAÇÃO ENTRE ÓRGÃOS, FUNDOS E ENTIDADES INTEGRANTES DOS ORÇAMENTOS FISCAL E DE SEGURIDADE SOCIAL                       ;;;0.0;6549.0;6549.0
2026;4;EXECUTIVO                                         ;25;SECRETARIA DE ARTICULAÇÃO POLÍTICA E SOCIAL                                                         ;25.01;SECRETARIA DE ARTICULAÇÃO POLÍTICA E SOCIAL - ADMINISTRAÇÃO DIRETA                                  ;3;DESPESAS CORRENTES                                                                                  ;1;PESSOAL E ENCARGOS SOCIAIS                                                                          ;90  ;APLICAÇÕES DIRETAS                                                                                                                                      ;12373.29;0.0;0.0;0.0;217568.38
2026;3;EXECUTIVO                                         ;05;SECRETARIA DE RELAÇÕES INSTITUCIONAIS                                                               ;05.01;SECRETARIA DE RELAÇÕES INSTITUCIONAIS - ADMINISTRAÇÃO DIRETA                                        ;3;DESPESAS CORRENTES                                                                                  ;1;PESSOAL E ENCARGOS SOCIAIS                                                                          ;90  ;APLICAÇÕES DIRETAS                                                                                                                                      ;;;207370.81;207370.81;207219.54
2026;4;EXECUTIVO                                         ;20;SECRETARIA DE INFRAESTRUTURA                                                                        ;20.01;SECRETARIA DE INFRAESTRUTURA - ADMINISTRAÇÃO DIRETA                                                 ;4;DESPESAS DE CAPITAL                                                                                 ;4;INVESTIMENTOS                                                                                       ;90  ;APLICAÇÕES DIRETAS                                                                                                                                      ;500000.0;0.0;17174.27;17888.13;17888.13
2026;4;EXECUTIVO                                         ;12;GABINETE DO VICE-PREFEITO                                                                           ;12.01;GABINETE DO VICE-PREFEITO - ADMINISTRAÇÃO DIRETA                                                    ;3;DESPESAS CORRENTES                                                                                  ;1;PESSOAL E ENCARGOS SOCIAIS                                                                          ;90  ;APLICAÇÕES DIRETAS                                                                                                                                      ;;;0.0;0.0;24756.81
2026;2;EXECUTIVO                                         ;05;SECRETARIA DE RELAÇÕES INSTITUCIONAIS                                                               ;05.01;SECRETARIA DE RELAÇÕES INSTITUCIONAIS - ADMINISTRAÇÃO DIRETA                                        ;3;DESPESAS CORRENTES                                                                                  ;3;OUTRAS DESPESAS CORRENTES                                                                           ;90  ;APLICAÇÕES DIRETAS                                                                                                                                      ;0.0;0.0;10753.82;1324.36;0.0
2026;1;EXECUTIVO                                         ;50;SECRETARIA DE INFRAESTRUTURA - ADMINISTRAÇÃO SUPERVISIONADA                                         ;50.11;AUTARQUIA DE URBANIZAÇÃO DO RECIFE - URB RECIFE                                                     ;3;DESPESAS CORRENTES                                                                                  ;1;PESSOAL E ENCARGOS SOCIAIS                                                                          ;91  ;APLICAÇÃO DIRETA DECORRENTE DE OPERAÇÃO ENTRE ÓRGÃOS, FUNDOS E ENTIDADES INTEGRANTES DOS ORÇAMENTOS FISCAL E DE SEGURIDADE SOCIAL                       ;10000.0;10000.0;;;
2026;1;EXECUTIVO                                         ;50;SECRETARIA DE INFRAESTRUTURA - ADMINISTRAÇÃO SUPERVISIONADA                                         ;50.08;FUNDO MUNICIPAL DO PREZEIS                                                                          ;3;DESPESAS CORRENTES                                                                                  ;3;OUTRAS DESPESAS CORRENTES                                                                           ;90  ;APLICAÇÕES DIRETAS                                                                                                                                      ;800000.0;800000.0;;;
2026;1;EXECUTIVO                                         ;64;SECRETARIA DE DESENVOLVIMENTO URBANO E LICENCIAMENTO - ADMINISTRAÇÃO SUPERVISIONADA                 ;64.03;FUNDO DE DESENVOLVIMENTO URBANO - FDU                                                               ;3;DESPESAS CORRENTES                                                                                  ;3;OUTRAS DESPESAS CORRENTES                                                                           ;90  ;APLICAÇÕES DIRETAS                                                                                                                                      ;385000.0;385000.0;;;
2026;4;EXECUTIVO                                         ;16;GABINETE DE COMUNICAÇÃO                                                                             ;16.01;GABINETE DE COMUNICAÇÃO - ADMINISTRAÇÃO DIRETA                                                      ;4;DESPESAS DE CAPITAL                                                                                 ;4;INVESTIMENTOS                                                                                       ;90  ;APLICAÇÕES DIRETAS                                                                                                                                      ;;;0.0;0.0;6649.0
2026;1;EXECUTIVO                                         ;37;SECRETARIA DE HABITAÇÃO                                                                             ;37.01;SECRETARIA DE HABITAÇÃO - ADMINISTRAÇÃO DIRETA                                                      ;3;DESPESAS CORRENTES                                                                                  ;1;PESSOAL E ENCARGOS SOCIAIS                                                                          ;90  ;APLICAÇÕES DIRETAS                                                                                                                                      ;2990000.0;2990000.0;242715.58;242715.58;217595.02
2026;1;EXECUTIVO                                         ;49;SECRETARIA DO TRABALHO E QUALIFICAÇÃO PROFISSIONAL - ADMINISTRAÇÃO SUPERVISIONADA                   ;49.01;FUNDO MUNICIPAL DE DESENVOLVIMENTO DA ECONOMIA POPULAR E SOLIDÁRIA - FUNDO RECIFE SOL               ;3;DESPESAS CORRENTES                                                                                  ;3;OUTRAS DESPESAS CORRENTES                                                                           ;90  ;APLICAÇÕES DIRETAS                                                                                                                                      ;65000.0;65000.0;;;
2026;3;EXECUTIVO                                         ;10;GABINETE DO PREFEITO                                                                                ;10.01;GABINETE DO PREFEITO - ADMINISTRAÇÃO DIRETA                                                         ;3;DESPESAS CORRENTES                                                                                  ;1;PESSOAL E ENCARGOS SOCIAIS                                                                          ;90  ;APLICAÇÕES DIRETAS                                                                                                                                      ;0.0;0.0;761736.91;761736.91;760714.97
2026;2;EXECUTIVO                                         ;17;SECRETARIA DE TRANSFORMAÇÃO DIGITAL, CIÊNCIA E TECNOLOGIA                                           ;17.01;SECRETARIA DE TRANSFORMAÇÃO DIGITAL, CIÊNCIA E TECNOLOGIA - ADM. DIRETA                             ;3;DESPESAS CORRENTES                                                                                  ;3;OUTRAS DESPESAS CORRENTES                                                                           ;90  ;APLICAÇÕES DIRETAS                                                                                                                                      ;-287238.89;0.0;119583.3;227138.02;218165.97
2026;3;EXECUTIVO                                         ;48;SECRETARIA DE SAÚDE - ADMINISTRAÇÃO SUPERVISIONADA                                                  ;48.01;FUNDO MUNICIPAL DE SAÚDE - FMS                                                                      ;3;DESPESAS CORRENTES                                                                                  ;1;PESSOAL E ENCARGOS SOCIAIS                                                                          ;91  ;APLICAÇÃO DIRETA DECORRENTE DE OPERAÇÃO ENTRE ÓRGÃOS, FUNDOS E ENTIDADES INTEGRANTES DOS ORÇAMENTOS FISCAL E DE SEGURIDADE SOCIAL                       ;;;0.0;7515125.05;7515125.05
2026;4;EXECUTIVO                                         ;47;SECRETARIA DE TRANSFORMAÇÃO DIGITAL, CIÊNCIA E TECNOLOGIA - ADMINISTRAÇÃO SUPERVISIONADA            ;47.01;EMPRESA MUNICIPAL DE INFORMÁTICA - EMPREL                                                           ;4;DESPESAS DE CAPITAL                                                                                 ;6;AMORTIZAÇÃO DA DÍVIDA                                                                               ;90  ;APLICAÇÕES DIRETAS                                                                                                                                      ;;;0.0;34756.16;34756.16
2026;3;EXECUTIVO                                         ;23;SECRETARIA DE SANEAMENTO                                                                            ;23.01;SECRETARIA DE SANEAMENTO - ADMINISTRAÇÃO DIRETA                                                     ;3;DESPESAS CORRENTES                                                                                  ;3;OUTRAS DESPESAS CORRENTES                                                                           ;90  ;APLICAÇÕES DIRETAS                                                                                                                                      ;52000.0;0.0;57481.02;287097.99;287097.99
2026;4;EXECUTIVO                                         ;80;ENCARGOS GERAIS DO MUNICÍPIO                                                                        ;80.03;RECURSOS SOB A GESTÃO DA SECRETARIA DE ADMINISTRAÇÃO                                                ;3;DESPESAS CORRENTES                                                                                  ;1;PESSOAL E ENCARGOS SOCIAIS                                                                          ;90  ;APLICAÇÕES DIRETAS                                                                                                                                      ;0.0;0.0;592285.42;3731817.97;3723446.14
2026;5;EXECUTIVO                                         ;59;SECRETARIA DE ASSISTÊNCIA SOCIAL E COMBATE À FOME - ADM. SUPERVISIONADA                             ;59.01;FUNDO MUNICIPAL DE ASSISTÊNCIA SOCIAL - FMAS                                                        ;3;DESPESAS CORRENTES                                                                                  ;3;OUTRAS DESPESAS CORRENTES                                                                           ;90  ;APLICAÇÕES DIRETAS                                                                                                                                      ;0.0;0.0;593960.0;0.0;0.0
2026;3;EXECUTIVO                                         ;47;SECRETARIA DE TRANSFORMAÇÃO DIGITAL, CIÊNCIA E TECNOLOGIA - ADMINISTRAÇÃO SUPERVISIONADA            ;47.02;FUNDO MUNICIPAL DE FOMENTO AO EMPREENDEDORISMO - RECIFE ACREDITA - FMFE                             ;4;DESPESAS DE CAPITAL                                                                                 ;5;INVERSÕES FINANCEIRAS                                                                               ;90  ;APLICAÇÕES DIRETAS                                                                                                                                      ;124794.49;0.0;17757.5;17757.5;0.0
2026;2;EXECUTIVO                                         ;48;SECRETARIA DE SAÚDE - ADMINISTRAÇÃO SUPERVISIONADA                                                  ;48.01;FUNDO MUNICIPAL DE SAÚDE - FMS                                                                      ;3;DESPESAS CORRENTES                                                                                  ;3;OUTRAS DESPESAS CORRENTES                                                                           ;50  ;TRANSFERÊNCIAS À INSTITUIÇÕES PRIVADAS SEM FINS LUCRATIVOS                                                                                              ;31603244.73;0.0;192010001.27;51622836.51;44026623.06
2026;3;EXECUTIVO                                         ;20;SECRETARIA DE INFRAESTRUTURA                                                                        ;20.01;SECRETARIA DE INFRAESTRUTURA - ADMINISTRAÇÃO DIRETA                                                 ;3;DESPESAS CORRENTES                                                                                  ;3;OUTRAS DESPESAS CORRENTES                                                                           ;90  ;APLICAÇÕES DIRETAS                                                                                                                                      ;0.0;0.0;2836.61;91095.22;91095.22
2026;4;EXECUTIVO                                         ;27;SECRETARIA DE PLANEJAMENTO E GESTÃO                                                                 ;27.01;SECRETARIA DE PLANEJAMENTO E GESTÃO - ADMINISTRAÇÃO DIRETA                                          ;3;DESPESAS CORRENTES                                                                                  ;3;OUTRAS DESPESAS CORRENTES                                                                           ;90  ;APLICAÇÕES DIRETAS                                                                                                                                      ;0.0;0.0;25702.0;398183.29;381531.8
2026;4;EXECUTIVO                                         ;26;SECRETARIA DE PROJETOS ESPECIAIS                                                                    ;26.01;SECRETARIA DE PROJETOS ESPECIAIS - ADMINISTRAÇÃO DIRETA                                             ;4;DESPESAS DE CAPITAL                                                                                 ;4;INVESTIMENTOS                                                                                       ;90  ;APLICAÇÕES DIRETAS                                                                                                                                      ;14722948.01;0.0;19509891.61;11289072.48;11516632.31
2026;1;EXECUTIVO                                         ;35;SECRETARIA DE TURISMO E LAZER                                                                       ;35.01;SECRETARIA DE TURISMO E LAZER - ADMINISTRAÇÃO DIRETA                                                ;3;DESPESAS CORRENTES                                                                                  ;1;PESSOAL E ENCARGOS SOCIAIS                                                                          ;90  ;APLICAÇÕES DIRETAS                                                                                                                                      ;4800000.0;4800000.0;272728.42;272728.42;242972.79
2026;1;EXECUTIVO                                         ;20;SECRETARIA DE INFRAESTRUTURA                                                                        ;20.01;SECRETARIA DE INFRAESTRUTURA - ADMINISTRAÇÃO DIRETA                                                 ;4;DESPESAS DE CAPITAL                                                                                 ;4;INVESTIMENTOS                                                                                       ;90  ;APLICAÇÕES DIRETAS                                                                                                                                      ;560000.0;510000.0;;;
2026;1;EXECUTIVO                                         ;31;SECRETARIA DE ADMINISTRAÇÃO                                                                         ;31.01;SECRETARIA DE ADMINISTRAÇÃO - ADMINISTRAÇÃO DIRETA                                                  ;3;DESPESAS CORRENTES                                                                                  ;3;OUTRAS DESPESAS CORRENTES                                                                           ;90  ;APLICAÇÕES DIRETAS                                                                                                                                      ;36981000.0;36995000.0;20821487.97;2177283.79;1232859.99
2026;2;EXECUTIVO                                         ;22;SECRETARIA DA MULHER                                                                                ;22.01;SECRETARIA DA MULHER - ADMINISTRAÇÃO DIRETA                                                         ;3;DESPESAS CORRENTES                                                                                  ;3;OUTRAS DESPESAS CORRENTES                                                                           ;90  ;APLICAÇÕES DIRETAS                                                                                                                                      ;0.0;0.0;577238.93;455334.15;468164.15
2026;3;EXECUTIVO                                         ;59;SECRETARIA DE ASSISTÊNCIA SOCIAL E COMBATE À FOME - ADM. SUPERVISIONADA                             ;59.01;FUNDO MUNICIPAL DE ASSISTÊNCIA SOCIAL - FMAS                                                        ;3;DESPESAS CORRENTES                                                                                  ;3;OUTRAS DESPESAS CORRENTES                                                                           ;50  ;TRANSFERÊNCIAS À INSTITUIÇÕES PRIVADAS SEM FINS LUCRATIVOS                                                                                              ;1418300.0;0.0;87500.0;268750.0;268750.0
2026;5;EXECUTIVO                                         ;14;SECRETARIA DE EDUCAÇÃO                                                                              ;14.01;SECRETARIA DE EDUCAÇÃO - ADMINISTRAÇÃO DIRETA                                                       ;3;DESPESAS CORRENTES                                                                                  ;3;OUTRAS DESPESAS CORRENTES                                                                           ;90  ;APLICAÇÕES DIRETAS                                                                                                                                      ;;;0.0;264153.25;0.0
2026;4;EXECUTIVO                                         ;48;SECRETARIA DE SAÚDE - ADMINISTRAÇÃO SUPERVISIONADA                                                  ;48.01;FUNDO MUNICIPAL DE SAÚDE - FMS                                                                      ;3;DESPESAS CORRENTES                                                                                  ;3;OUTRAS DESPESAS CORRENTES                                                                           ;90  ;APLICAÇÕES DIRETAS                                                                                                                                      ;9709685.34;0.0;39447611.8;46109930.53;52371530.31
2026;4;EXECUTIVO                                         ;64;SECRETARIA DE DESENVOLVIMENTO URBANO E LICENCIAMENTO - ADMINISTRAÇÃO SUPERVISIONADA                 ;64.01;FUNDO MUNICIPAL DE MEIO AMBIENTE - FMMA                                                             ;3;DESPESAS CORRENTES                                                                                  ;3;OUTRAS DESPESAS CORRENTES                                                                           ;90  ;APLICAÇÕES DIRETAS                                                                                                                                      ;-102000.0;0.0;2.21;2002.21;2002.21
2026;1;EXECUTIVO                                         ;30;SECRETARIA DE DIREITOS HUMANOS E JUVENTUDE                                                          ;30.01;SECRETARIA DE DIREITOS HUMANOS E JUVENTUDE - ADMINISTRAÇÃO DIRETA                                   ;3;DESPESAS CORRENTES                                                                                  ;1;PESSOAL E ENCARGOS SOCIAIS                                                                          ;90  ;APLICAÇÕES DIRETAS                                                                                                                                      ;6500000.0;6500000.0;477069.54;477069.54;397071.06
2026;4;EXECUTIVO                                         ;06;SECRETARIA DE CIDADANIA E CULTURA DE PAZ                                                            ;06.01;SECRETARIA DE CIDADANIA E CULTURA DE PAZ - ADMINISTRAÇÃO DIRETA                                     ;3;DESPESAS CORRENTES                                                                                  ;1;PESSOAL E ENCARGOS SOCIAIS                                                                          ;90  ;APLICAÇÕES DIRETAS                                                                                                                                      ;;;0.0;0.0;52522.23
2026;3;EXECUTIVO                                         ;12;GABINETE DO VICE-PREFEITO                                                                           ;12.01;GABINETE DO VICE-PREFEITO - ADMINISTRAÇÃO DIRETA                                                    ;3;DESPESAS CORRENTES                                                                                  ;3;OUTRAS DESPESAS CORRENTES                                                                           ;90  ;APLICAÇÕES DIRETAS                                                                                                                                      ;0.0;0.0;959.74;87535.54;88785.34
2026;3;EXECUTIVO                                         ;32;SECRETARIA DE CULTURA                                                                               ;32.01;SECRETARIA DE CULTURA - ADMINISTRAÇÃO DIRETA                                                        ;3;DESPESAS CORRENTES                                                                                  ;3;OUTRAS DESPESAS CORRENTES                                                                           ;90  ;APLICAÇÕES DIRETAS                                                                                                                                      ;213868.96;0.0;416165.26;95997.84;95997.84
2026;4;EXECUTIVO                                         ;80;ENCARGOS GERAIS DO MUNICÍPIO                                                                        ;80.03;RECURSOS SOB A GESTÃO DA SECRETARIA DE ADMINISTRAÇÃO                                                ;3;DESPESAS CORRENTES                                                                                  ;1;PESSOAL E ENCARGOS SOCIAIS                                                                          ;91  ;APLICAÇÃO DIRETA DECORRENTE DE OPERAÇÃO ENTRE ÓRGÃOS, FUNDOS E ENTIDADES INTEGRANTES DOS ORÇAMENTOS FISCAL E DE SEGURIDADE SOCIAL                       ;0.0;0.0;0.0;14373372.85;18396546.79
2026;2;EXECUTIVO                                         ;47;SECRETARIA DE TRANSFORMAÇÃO DIGITAL, CIÊNCIA E TECNOLOGIA - ADMINISTRAÇÃO SUPERVISIONADA            ;47.01;EMPRESA MUNICIPAL DE INFORMÁTICA - EMPREL                                                           ;3;DESPESAS CORRENTES                                                                                  ;1;PESSOAL E ENCARGOS SOCIAIS                                                                          ;90  ;APLICAÇÕES DIRETAS                                                                                                                                      ;50000.0;0.0;5679388.96;5295284.8;5306894.01
2026;2;EXECUTIVO                                         ;21;SECRETARIA DE DESENVOLVIMENTO ECONÔMICO                                                             ;21.01;SECRETARIA DE DESENVOLVIMENTO ECONÔMICO - ADMINISTRAÇÃO DIRETA                                      ;3;DESPESAS CORRENTES                                                                                  ;3;OUTRAS DESPESAS CORRENTES                                                                           ;90  ;APLICAÇÕES DIRETAS                                                                                                                                      ;0.0;0.0;463506.76;117900.78;55121.1
2026;3;EXECUTIVO                                         ;03;GAB. DE GERENC. DO PROG. DE REQUALIF. E RESILÊNCIA URB. EM ÁREAS DE VULNERABILIDADE SOCIOAMB.-PROMOR;03.01;GAB. DE GER. DO PROG. REQUALIF. E RESILIÊNCIA URB. EM ÁREAS DE VULNER. SOCIOAMB.-PROMORAR RECIFE - A;3;DESPESAS CORRENTES                                                                                  ;3;OUTRAS DESPESAS CORRENTES                                                                           ;90  ;APLICAÇÕES DIRETAS                                                                                                                                      ;0.0;0.0;14678.97;64179.13;64179.13
2026;3;EXECUTIVO                                         ;05;SECRETARIA DE RELAÇÕES INSTITUCIONAIS                                                               ;05.01;SECRETARIA DE RELAÇÕES INSTITUCIONAIS - ADMINISTRAÇÃO DIRETA                                        ;3;DESPESAS CORRENTES                                                                                  ;3;OUTRAS DESPESAS CORRENTES                                                                           ;90  ;APLICAÇÕES DIRETAS                                                                                                                                      ;0.0;0.0;120000.0;15604.02;16928.38
2026;1;EXECUTIVO                                         ;38;SECRETARIA DE ORDEM PÚBLICA E SEGURANÇA                                                             ;38.01;SECRETARIA DE ORDEM PÚBLICA E SEGURANÇA - ADMINISTRAÇÃO DIRETA                                      ;3;DESPESAS CORRENTES                                                                                  ;1;PESSOAL E ENCARGOS SOCIAIS                                                                          ;90  ;APLICAÇÕES DIRETAS                                                                                                                                      ;112855000.0;112855000.0;10992053.82;10992053.82;9021913.41
2026;4;EXECUTIVO                                         ;59;SECRETARIA DE ASSISTÊNCIA SOCIAL E COMBATE À FOME - ADM. SUPERVISIONADA                             ;59.01;FUNDO MUNICIPAL DE ASSISTÊNCIA SOCIAL - FMAS                                                        ;3;DESPESAS CORRENTES                                                                                  ;3;OUTRAS DESPESAS CORRENTES                                                                           ;90  ;APLICAÇÕES DIRETAS                                                                                                                                      ;-5375146.69;0.0;9411617.61;9100637.1;9657537.88
2026;3;EXECUTIVO                                         ;80;ENCARGOS GERAIS DO MUNICÍPIO                                                                        ;80.02;RECURSOS SOB A GESTÃO DA PROCURADORIA GERAL DO MUNÍCIPIO                                            ;3;DESPESAS CORRENTES                                                                                  ;3;OUTRAS DESPESAS CORRENTES                                                                           ;90  ;APLICAÇÕES DIRETAS                                                                                                                                      ;0.0;0.0;2098341.68;2098341.68;2004069.25
2026;1;EXECUTIVO                                         ;59;SECRETARIA DE ASSISTÊNCIA SOCIAL E COMBATE À FOME - ADM. SUPERVISIONADA                             ;59.01;FUNDO MUNICIPAL DE ASSISTÊNCIA SOCIAL - FMAS                                                        ;3;DESPESAS CORRENTES                                                                                  ;3;OUTRAS DESPESAS CORRENTES                                                                           ;50  ;TRANSFERÊNCIAS À INSTITUIÇÕES PRIVADAS SEM FINS LUCRATIVOS                                                                                              ;2860000.0;2860000.0;;;
2026;1;EXECUTIVO                                         ;39;SECRETARIA DE MEIO AMBIENTE                                                                         ;39.01;SECRETARIA DE MEIO AMBIENTE - ADMINISTRAÇÃO DIRETA                                                  ;3;DESPESAS CORRENTES                                                                                  ;1;PESSOAL E ENCARGOS SOCIAIS                                                                          ;90  ;APLICAÇÕES DIRETAS                                                                                                                                      ;17410000.0;17410000.0;567641.01;567641.01;487827.97
2026;2;EXECUTIVO                                         ;50;SECRETARIA DE INFRAESTRUTURA - ADMINISTRAÇÃO SUPERVISIONADA                                         ;50.10;AUTARQUIA DE MANUTENÇÃO E LIMPEZA URBANA - EMLURB                                                   ;4;DESPESAS DE CAPITAL                                                                                 ;6;AMORTIZAÇÃO DA DÍVIDA                                                                               ;90  ;APLICAÇÕES DIRETAS                                                                                                                                      ;0.0;0.0;2262583.12;205689.37;7911.9
2026;2;EXECUTIVO                                         ;04;GABINETE DE INOVAÇÃO URBANA                                                                         ;04.01;GABINETE DE INOVAÇÃO URBANA - ADMINISTRAÇÃO DIRETA                                                  ;3;DESPESAS CORRENTES                                                                                  ;1;PESSOAL E ENCARGOS SOCIAIS                                                                          ;90  ;APLICAÇÕES DIRETAS                                                                                                                                      ;;;195074.05;195074.05;195048.8
2026;1;EXECUTIVO                                         ;13;PROCURADORIA GERAL DO MUNICÍPIO                                                                     ;13.01;PROCURADORIA GERAL DO MUNICÍPIO - ADMINISTRAÇÃO DIRETA                                              ;3;DESPESAS CORRENTES                                                                                  ;1;PESSOAL E ENCARGOS SOCIAIS                                                                          ;90  ;APLICAÇÕES DIRETAS                                                                                                                                      ;49510000.0;49510000.0;4304379.22;4304379.22;3821560.73
2026;1;EXECUTIVO                                         ;68;SECRETARIA DE ORDEM PÚBLICA E SEGURANÇA - ADMINISTRAÇÃO SUPERVISIONADA                              ;68.03;FUNDO DE GESTÃO DO TRÂNSITO E TRANSPORTE URBANO                                                     ;3;DESPESAS CORRENTES                                                                                  ;3;OUTRAS DESPESAS CORRENTES                                                                           ;90  ;APLICAÇÕES DIRETAS                                                                                                                                      ;950000.0;950000.0;;;
2026;1;EXECUTIVO                                         ;47;SECRETARIA DE TRANSFORMAÇÃO DIGITAL, CIÊNCIA E TECNOLOGIA - ADMINISTRAÇÃO SUPERVISIONADA            ;47.01;EMPRESA MUNICIPAL DE INFORMÁTICA - EMPREL                                                           ;3;DESPESAS CORRENTES                                                                                  ;2;JUROS E ENCARGOS DA DÍVIDA                                                                          ;90  ;APLICAÇÕES DIRETAS                                                                                                                                      ;221950.72;500000.0;221950.72;23818.4;23818.4
2026;1;EXECUTIVO                                         ;07;GABINETE DE PROTEÇÃO E DEFESA DOS ANIMAIS                                                           ;07.01;GABINETE DE PROTEÇÃO E DEFESA DOS ANIMAIS - ADMINISTRAÇÃO DIRETA                                    ;4;DESPESAS DE CAPITAL                                                                                 ;4;INVESTIMENTOS                                                                                       ;90  ;APLICAÇÕES DIRETAS                                                                                                                                      ;115000.0;0.0;81524.11;0.0;0.0
2026;2;EXECUTIVO                                         ;59;SECRETARIA DE ASSISTÊNCIA SOCIAL E COMBATE À FOME - ADM. SUPERVISIONADA                             ;59.01;FUNDO MUNICIPAL DE ASSISTÊNCIA SOCIAL - FMAS                                                        ;3;DESPESAS CORRENTES                                                                                  ;3;OUTRAS DESPESAS CORRENTES                                                                           ;50  ;TRANSFERÊNCIAS À INSTITUIÇÕES PRIVADAS SEM FINS LUCRATIVOS                                                                                              ;1332183.07;0.0;546460.06;330835.06;330835.06
2026;4;EXECUTIVO                                         ;62;SECRETARIA DE CULTURA - ADMINISTRAÇÃO SUPERVISIONADA                                                ;62.01;FUNDAÇÃO DE CULTURA CIDADE DO RECIFE - FCCR                                                         ;3;DESPESAS CORRENTES                                                                                  ;3;OUTRAS DESPESAS CORRENTES                                                                           ;90  ;APLICAÇÕES DIRETAS                                                                                                                                      ;14582976.83;0.0;6631203.74;13848297.53;15244408.24
2026;3;EXECUTIVO                                         ;03;GAB. DE GERENC. DO PROG. DE REQUALIF. E RESILÊNCIA URB. EM ÁREAS DE VULNERABILIDADE SOCIOAMB.-PROMOR;03.01;GAB. DE GER. DO PROG. REQUALIF. E RESILIÊNCIA URB. EM ÁREAS DE VULNER. SOCIOAMB.-PROMORAR RECIFE - A;4;DESPESAS DE CAPITAL                                                                                 ;4;INVESTIMENTOS                                                                                       ;90  ;APLICAÇÕES DIRETAS                                                                                                                                      ;-100000.0;0.0;127368709.63;13308579.36;12571232.37
2026;1;EXECUTIVO                                         ;45;SECRETARIA DE FINANÇAS - ADMINISTRAÇÃO SUPERVISIONADA                                               ;45.02;FUNDO ESPECIAL DE INCREMENTO À ARRECADAÇÃO TRIBUTÁRIA - FEIAT                                       ;3;DESPESAS CORRENTES                                                                                  ;3;OUTRAS DESPESAS CORRENTES                                                                           ;90  ;APLICAÇÕES DIRETAS                                                                                                                                      ;2300000.0;1150000.0;784403.22;0.0;0.0
2026;3;EXECUTIVO                                         ;60;SECRETARIA DE DIREITOS HUMANOS E JUVENTUDE - ADMINISTRAÇÃO SUPERVISIONADA                           ;60.01;FUNDO MUNICIPAL DA CRIANÇA E DO ADOLESCENTE - FMCA                                                  ;4;DESPESAS DE CAPITAL                                                                                 ;4;INVESTIMENTOS                                                                                       ;90  ;APLICAÇÕES DIRETAS                                                                                                                                      ;;;17200.0;17200.0;17200.0
2026;1;EXECUTIVO                                         ;22;SECRETARIA DA MULHER                                                                                ;22.01;SECRETARIA DA MULHER - ADMINISTRAÇÃO DIRETA                                                         ;3;DESPESAS CORRENTES                                                                                  ;3;OUTRAS DESPESAS CORRENTES                                                                           ;90  ;APLICAÇÕES DIRETAS                                                                                                                                      ;4153000.0;4153000.0;2683353.14;83112.24;70282.24
2026;1;EXECUTIVO                                         ;61;SECRETARIA DE ADMINISTRAÇÃO - ADMINISTRAÇÃO SUPERVISIONADA                                          ;61.02;FUNDO PREVIDENCIÁRIO - RECIPREV                                                                     ;3;DESPESAS CORRENTES                                                                                  ;3;OUTRAS DESPESAS CORRENTES                                                                           ;91  ;APLICAÇÃO DIRETA DECORRENTE DE OPERAÇÃO ENTRE ÓRGÃOS, FUNDOS E ENTIDADES INTEGRANTES DOS ORÇAMENTOS FISCAL E DE SEGURIDADE SOCIAL                       ;15000000.0;15000000.0;837228.95;837228.95;837228.95
2026;3;EXECUTIVO                                         ;14;SECRETARIA DE EDUCAÇÃO                                                                              ;14.01;SECRETARIA DE EDUCAÇÃO - ADMINISTRAÇÃO DIRETA                                                       ;3;DESPESAS CORRENTES                                                                                  ;3;OUTRAS DESPESAS CORRENTES                                                                           ;90  ;APLICAÇÕES DIRETAS                                                                                                                                      ;-30704200.0;0.0;129965665.95;64994420.76;65535299.63
2026;3;EXECUTIVO                                         ;04;GABINETE DE INOVAÇÃO URBANA                                                                         ;04.01;GABINETE DE INOVAÇÃO URBANA - ADMINISTRAÇÃO DIRETA                                                  ;3;DESPESAS CORRENTES                                                                                  ;1;PESSOAL E ENCARGOS SOCIAIS                                                                          ;90  ;APLICAÇÕES DIRETAS                                                                                                                                      ;;;204938.27;204938.27;204915.27
2026;3;EXECUTIVO                                         ;38;SECRETARIA DE ORDEM PÚBLICA E SEGURANÇA                                                             ;38.01;SECRETARIA DE ORDEM PÚBLICA E SEGURANÇA - ADMINISTRAÇÃO DIRETA                                      ;3;DESPESAS CORRENTES                                                                                  ;3;OUTRAS DESPESAS CORRENTES                                                                           ;90  ;APLICAÇÕES DIRETAS                                                                                                                                      ;-8802000.0;0.0;6038912.87;9632638.12;11630636.71
2026;4;EXECUTIVO                                         ;50;SECRETARIA DE INFRAESTRUTURA - ADMINISTRAÇÃO SUPERVISIONADA                                         ;50.08;FUNDO MUNICIPAL DO PREZEIS                                                                          ;3;DESPESAS CORRENTES                                                                                  ;3;OUTRAS DESPESAS CORRENTES                                                                           ;90  ;APLICAÇÕES DIRETAS                                                                                                                                      ;;;9000.0;72300.0;72300.0
2026;1;EXECUTIVO                                         ;64;SECRETARIA DE DESENVOLVIMENTO URBANO E LICENCIAMENTO - ADMINISTRAÇÃO SUPERVISIONADA                 ;64.01;FUNDO MUNICIPAL DE MEIO AMBIENTE - FMMA                                                             ;4;DESPESAS DE CAPITAL                                                                                 ;4;INVESTIMENTOS                                                                                       ;90  ;APLICAÇÕES DIRETAS                                                                                                                                      ;9525964.95;9500000.0;;;
2026;3;EXECUTIVO                                         ;50;SECRETARIA DE INFRAESTRUTURA - ADMINISTRAÇÃO SUPERVISIONADA                                         ;50.11;AUTARQUIA DE URBANIZAÇÃO DO RECIFE - URB RECIFE                                                     ;4;DESPESAS DE CAPITAL                                                                                 ;4;INVESTIMENTOS                                                                                       ;90  ;APLICAÇÕES DIRETAS                                                                                                                                      ;34814712.77;0.0;98338375.34;28194036.54;24207382.32
2026;2;EXECUTIVO                                         ;09;ASSESSORIA ESPECIAL DO PREFEITO DO RECIFE                                                           ;09.01;ASSESSORIA ESPECIAL DO PREFEITO DO RECIFE - ADMINISTRAÇÃO DIRETA                                    ;3;DESPESAS CORRENTES                                                                                  ;1;PESSOAL E ENCARGOS SOCIAIS                                                                          ;90  ;APLICAÇÕES DIRETAS                                                                                                                                      ;0.0;0.0;758257.3;758257.3;757628.39
2026;2;EXECUTIVO                                         ;14;SECRETARIA DE EDUCAÇÃO                                                                              ;14.01;SECRETARIA DE EDUCAÇÃO - ADMINISTRAÇÃO DIRETA                                                       ;4;DESPESAS DE CAPITAL                                                                                 ;4;INVESTIMENTOS                                                                                       ;90  ;APLICAÇÕES DIRETAS                                                                                                                                      ;0.0;0.0;3901297.29;298846.38;0.0
2026;1;EXECUTIVO                                         ;31;SECRETARIA DE ADMINISTRAÇÃO                                                                         ;31.01;SECRETARIA DE ADMINISTRAÇÃO - ADMINISTRAÇÃO DIRETA                                                  ;3;DESPESAS CORRENTES                                                                                  ;1;PESSOAL E ENCARGOS SOCIAIS                                                                          ;90  ;APLICAÇÕES DIRETAS                                                                                                                                      ;39998000.0;40000000.0;2682148.1;2682148.1;2191062.06
2026;2;EXECUTIVO                                         ;80;ENCARGOS GERAIS DO MUNICÍPIO                                                                        ;80.01;RECURSOS SOB A GESTÃO DA SECRETARIA DE FINANÇAS                                                     ;3;DESPESAS CORRENTES                                                                                  ;2;JUROS E ENCARGOS DA DÍVIDA                                                                          ;90  ;APLICAÇÕES DIRETAS                                                                                                                                      ;;;50310947.84;45531527.25;25517033.84
2026;3;EXECUTIVO                                         ;27;SECRETARIA DE PLANEJAMENTO E GESTÃO                                                                 ;27.01;SECRETARIA DE PLANEJAMENTO E GESTÃO - ADMINISTRAÇÃO DIRETA                                          ;3;DESPESAS CORRENTES                                                                                  ;3;OUTRAS DESPESAS CORRENTES                                                                           ;90  ;APLICAÇÕES DIRETAS                                                                                                                                      ;-203731.14;0.0;18081.67;2228231.73;2145539.63
2026;2;EXECUTIVO                                         ;80;ENCARGOS GERAIS DO MUNICÍPIO                                                                        ;80.03;RECURSOS SOB A GESTÃO DA SECRETARIA DE ADMINISTRAÇÃO                                                ;3;DESPESAS CORRENTES                                                                                  ;3;OUTRAS DESPESAS CORRENTES                                                                           ;90  ;APLICAÇÕES DIRETAS                                                                                                                                      ;0.0;0.0;1107137.29;2453790.07;2453790.07
2026;4;EXECUTIVO                                         ;37;SECRETARIA DE HABITAÇÃO                                                                             ;37.01;SECRETARIA DE HABITAÇÃO - ADMINISTRAÇÃO DIRETA                                                      ;3;DESPESAS CORRENTES                                                                                  ;3;OUTRAS DESPESAS CORRENTES                                                                           ;90  ;APLICAÇÕES DIRETAS                                                                                                                                      ;0.0;0.0;-377014.18;132557.95;147204.19
2026;3;EXECUTIVO                                         ;68;SECRETARIA DE ORDEM PÚBLICA E SEGURANÇA - ADMINISTRAÇÃO SUPERVISIONADA                              ;68.01;AUTARQUIA DE TRÂNSITO E TRANSPORTE URBANO DO RECIFE - CTTU                                          ;4;DESPESAS DE CAPITAL                                                                                 ;4;INVESTIMENTOS                                                                                       ;90  ;APLICAÇÕES DIRETAS                                                                                                                                      ;3597.0;0.0;3597.0;183879.28;147375.28
2026;3;EXECUTIVO                                         ;50;SECRETARIA DE INFRAESTRUTURA - ADMINISTRAÇÃO SUPERVISIONADA                                         ;50.11;AUTARQUIA DE URBANIZAÇÃO DO RECIFE - URB RECIFE                                                     ;3;DESPESAS CORRENTES                                                                                  ;1;PESSOAL E ENCARGOS SOCIAIS                                                                          ;90  ;APLICAÇÕES DIRETAS                                                                                                                                      ;-11314000.0;0.0;6764555.96;8555361.62;13192683.65
2026;2;EXECUTIVO                                         ;36;GABINETE DE IMPRENSA                                                                                ;36.01;GABINETE DE IMPRENSA - ADMINISTRAÇÃO DIRETA                                                         ;3;DESPESAS CORRENTES                                                                                  ;1;PESSOAL E ENCARGOS SOCIAIS                                                                          ;90  ;APLICAÇÕES DIRETAS                                                                                                                                      ;;;472135.64;472135.64;469740.21
2026;3;EXECUTIVO                                         ;50;SECRETARIA DE INFRAESTRUTURA - ADMINISTRAÇÃO SUPERVISIONADA                                         ;50.10;AUTARQUIA DE MANUTENÇÃO E LIMPEZA URBANA - EMLURB                                                   ;3;DESPESAS CORRENTES                                                                                  ;1;PESSOAL E ENCARGOS SOCIAIS                                                                          ;90  ;APLICAÇÕES DIRETAS                                                                                                                                      ;-3110000.0;0.0;8819687.71;10103959.99;14946102.76
2026;3;EXECUTIVO                                         ;21;SECRETARIA DE DESENVOLVIMENTO ECONÔMICO                                                             ;21.01;SECRETARIA DE DESENVOLVIMENTO ECONÔMICO - ADMINISTRAÇÃO DIRETA                                      ;3;DESPESAS CORRENTES                                                                                  ;3;OUTRAS DESPESAS CORRENTES                                                                           ;90  ;APLICAÇÕES DIRETAS                                                                                                                                      ;0.0;0.0;247832.31;329285.73;390936.77
2026;4;EXECUTIVO                                         ;68;SECRETARIA DE ORDEM PÚBLICA E SEGURANÇA - ADMINISTRAÇÃO SUPERVISIONADA                              ;68.02;CONVIVA MERCADOS E FEIRAS - AUTARQUIA MUNICIPAL                                                     ;4;DESPESAS DE CAPITAL                                                                                 ;4;INVESTIMENTOS                                                                                       ;90  ;APLICAÇÕES DIRETAS                                                                                                                                      ;0.0;0.0;110257.45;505537.45;840153.19
2026;4;EXECUTIVO                                         ;50;SECRETARIA DE INFRAESTRUTURA - ADMINISTRAÇÃO SUPERVISIONADA                                         ;50.11;AUTARQUIA DE URBANIZAÇÃO DO RECIFE - URB RECIFE                                                     ;4;DESPESAS DE CAPITAL                                                                                 ;6;AMORTIZAÇÃO DA DÍVIDA                                                                               ;90  ;APLICAÇÕES DIRETAS                                                                                                                                      ;;;0.0;246909.72;246909.72
2026;1;EXECUTIVO                                         ;62;SECRETARIA DE CULTURA - ADMINISTRAÇÃO SUPERVISIONADA                                                ;62.01;FUNDAÇÃO DE CULTURA CIDADE DO RECIFE - FCCR                                                         ;3;DESPESAS CORRENTES                                                                                  ;3;OUTRAS DESPESAS CORRENTES                                                                           ;90  ;APLICAÇÕES DIRETAS                                                                                                                                      ;107542000.0;107542000.0;38687245.49;2434143.74;1755512.07
2026;1;EXECUTIVO                                         ;27;SECRETARIA DE PLANEJAMENTO E GESTÃO                                                                 ;27.01;SECRETARIA DE PLANEJAMENTO E GESTÃO - ADMINISTRAÇÃO DIRETA                                          ;3;DESPESAS CORRENTES                                                                                  ;3;OUTRAS DESPESAS CORRENTES                                                                           ;50  ;TRANSFERÊNCIAS À INSTITUIÇÕES PRIVADAS SEM FINS LUCRATIVOS                                                                                              ;1000000.0;1000000.0;343047.38;171523.64;171523.64
2026;2;EXECUTIVO                                         ;80;ENCARGOS GERAIS DO MUNICÍPIO                                                                        ;80.03;RECURSOS SOB A GESTÃO DA SECRETARIA DE ADMINISTRAÇÃO                                                ;3;DESPESAS CORRENTES                                                                                  ;1;PESSOAL E ENCARGOS SOCIAIS                                                                          ;91  ;APLICAÇÃO DIRETA DECORRENTE DE OPERAÇÃO ENTRE ÓRGÃOS, FUNDOS E ENTIDADES INTEGRANTES DOS ORÇAMENTOS FISCAL E DE SEGURIDADE SOCIAL                       ;91509133.65;0.0;91509133.65;54709133.65;54709133.65
2026;3;EXECUTIVO                                         ;48;SECRETARIA DE SAÚDE - ADMINISTRAÇÃO SUPERVISIONADA                                                  ;48.01;FUNDO MUNICIPAL DE SAÚDE - FMS                                                                      ;4;DESPESAS DE CAPITAL                                                                                 ;4;INVESTIMENTOS                                                                                       ;90  ;APLICAÇÕES DIRETAS                                                                                                                                      ;21319909.53;0.0;10366325.9;7252313.3;5446354.75
2026;2;EXECUTIVO                                         ;19;SECRETARIA DO TRABALHO E QUALIFICAÇÃO PROFISSIONAL                                                  ;19.01;SECRETARIA DO TRABALHO E QUALIFICAÇÃO PROFISSIONAL - ADMINISTRAÇÃO DIRETA                           ;3;DESPESAS CORRENTES                                                                                  ;1;PESSOAL E ENCARGOS SOCIAIS                                                                          ;90  ;APLICAÇÕES DIRETAS                                                                                                                                      ;0.0;0.0;396269.17;396269.17;403354.47
2026;3;EXECUTIVO                                         ;48;SECRETARIA DE SAÚDE - ADMINISTRAÇÃO SUPERVISIONADA                                                  ;48.01;FUNDO MUNICIPAL DE SAÚDE - FMS                                                                      ;3;DESPESAS CORRENTES                                                                                  ;3;OUTRAS DESPESAS CORRENTES                                                                           ;50  ;TRANSFERÊNCIAS À INSTITUIÇÕES PRIVADAS SEM FINS LUCRATIVOS                                                                                              ;17374410.62;0.0;124505219.39;37381076.23;43752622.85
2026;3;EXECUTIVO                                         ;47;SECRETARIA DE TRANSFORMAÇÃO DIGITAL, CIÊNCIA E TECNOLOGIA - ADMINISTRAÇÃO SUPERVISIONADA            ;47.01;EMPRESA MUNICIPAL DE INFORMÁTICA - EMPREL                                                           ;3;DESPESAS CORRENTES                                                                                  ;3;OUTRAS DESPESAS CORRENTES                                                                           ;90  ;APLICAÇÕES DIRETAS                                                                                                                                      ;3946152.56;0.0;3739562.97;4472572.56;4236409.6
2026;3;EXECUTIVO                                         ;15;SECRETARIA DE FINANÇAS                                                                              ;15.01;SECRETARIA DE FINANÇAS - ADMINISTRAÇÃO DIRETA                                                       ;3;DESPESAS CORRENTES                                                                                  ;3;OUTRAS DESPESAS CORRENTES                                                                           ;90  ;APLICAÇÕES DIRETAS                                                                                                                                      ;0.0;0.0;-307986.39;1092287.23;1606800.31
2026;1;EXECUTIVO                                         ;43;PROCURADORIA GERAL DO MUNICÍPIO - ADMINISTRAÇÃO SUPERVISIONADA                                      ;43.02;FUNDO ESPECIAL DE APOIO À PROCURADORIA DO MUNICÍPIO DO RECIFE - FEAPMR                              ;3;DESPESAS CORRENTES                                                                                  ;3;OUTRAS DESPESAS CORRENTES                                                                           ;90  ;APLICAÇÕES DIRETAS                                                                                                                                      ;6000000.0;6000000.0;;;
2026;1;EXECUTIVO                                         ;62;SECRETARIA DE CULTURA - ADMINISTRAÇÃO SUPERVISIONADA                                                ;62.01;FUNDAÇÃO DE CULTURA CIDADE DO RECIFE - FCCR                                                         ;3;DESPESAS CORRENTES                                                                                  ;1;PESSOAL E ENCARGOS SOCIAIS                                                                          ;90  ;APLICAÇÕES DIRETAS                                                                                                                                      ;22700000.0;22700000.0;;;
2026;3;EXECUTIVO                                         ;61;SECRETARIA DE ADMINISTRAÇÃO - ADMINISTRAÇÃO SUPERVISIONADA                                          ;61.01;AUTARQUIA MUNICIPAL DE PREVIDÊNCIA E ASSISTÊNCIA À SAÚDE DOS SERVIDORES                             ;3;DESPESAS CORRENTES                                                                                  ;3;OUTRAS DESPESAS CORRENTES                                                                           ;91  ;APLICAÇÃO DIRETA DECORRENTE DE OPERAÇÃO ENTRE ÓRGÃOS, FUNDOS E ENTIDADES INTEGRANTES DOS ORÇAMENTOS FISCAL E DE SEGURIDADE SOCIAL                       ;0.0;0.0;0.0;386838.64;373299.28
2026;4;EXECUTIVO                                         ;25;SECRETARIA DE ARTICULAÇÃO POLÍTICA E SOCIAL                                                         ;25.01;SECRETARIA DE ARTICULAÇÃO POLÍTICA E SOCIAL - ADMINISTRAÇÃO DIRETA                                  ;3;DESPESAS CORRENTES                                                                                  ;3;OUTRAS DESPESAS CORRENTES                                                                           ;90  ;APLICAÇÕES DIRETAS                                                                                                                                      ;;;3171320.32;2826830.5;3135210.7
2026;2;EXECUTIVO                                         ;06;SECRETARIA DE CIDADANIA E CULTURA DE PAZ                                                            ;06.01;SECRETARIA DE CIDADANIA E CULTURA DE PAZ - ADMINISTRAÇÃO DIRETA                                     ;3;DESPESAS CORRENTES                                                                                  ;3;OUTRAS DESPESAS CORRENTES                                                                           ;90  ;APLICAÇÕES DIRETAS                                                                                                                                      ;-4500.0;0.0;2734214.13;1232722.81;863479.59
2026;4;EXECUTIVO                                         ;37;SECRETARIA DE HABITAÇÃO                                                                             ;37.01;SECRETARIA DE HABITAÇÃO - ADMINISTRAÇÃO DIRETA                                                      ;4;DESPESAS DE CAPITAL                                                                                 ;4;INVESTIMENTOS                                                                                       ;90  ;APLICAÇÕES DIRETAS                                                                                                                                      ;-473385.0;0.0;211510.0;0.0;0.0
2026;2;EXECUTIVO                                         ;80;ENCARGOS GERAIS DO MUNICÍPIO                                                                        ;80.03;RECURSOS SOB A GESTÃO DA SECRETARIA DE ADMINISTRAÇÃO                                                ;3;DESPESAS CORRENTES                                                                                  ;1;PESSOAL E ENCARGOS SOCIAIS                                                                          ;90  ;APLICAÇÕES DIRETAS                                                                                                                                      ;0.0;0.0;2186748.0;4357195.39;4333121.7
2026;3;EXECUTIVO                                         ;22;SECRETARIA DA MULHER                                                                                ;22.01;SECRETARIA DA MULHER - ADMINISTRAÇÃO DIRETA                                                         ;4;DESPESAS DE CAPITAL                                                                                 ;4;INVESTIMENTOS                                                                                       ;90  ;APLICAÇÕES DIRETAS                                                                                                                                      ;21200.0;0.0;87476.24;99473.96;99473.96
2026;3;EXECUTIVO                                         ;14;SECRETARIA DE EDUCAÇÃO                                                                              ;14.01;SECRETARIA DE EDUCAÇÃO - ADMINISTRAÇÃO DIRETA                                                       ;3;DESPESAS CORRENTES                                                                                  ;1;PESSOAL E ENCARGOS SOCIAIS                                                                          ;90  ;APLICAÇÕES DIRETAS                                                                                                                                      ;0.0;0.0;73990665.43;73990665.47;74054884.92
2026;1;EXECUTIVO                                         ;23;SECRETARIA DE SANEAMENTO                                                                            ;23.01;SECRETARIA DE SANEAMENTO - ADMINISTRAÇÃO DIRETA                                                     ;3;DESPESAS CORRENTES                                                                                  ;1;PESSOAL E ENCARGOS SOCIAIS                                                                          ;90  ;APLICAÇÕES DIRETAS                                                                                                                                      ;5730000.0;5730000.0;567392.11;567392.11;503314.32
2026;4;EXECUTIVO                                         ;61;SECRETARIA DE ADMINISTRAÇÃO - ADMINISTRAÇÃO SUPERVISIONADA                                          ;61.02;FUNDO PREVIDENCIÁRIO - RECIPREV                                                                     ;3;DESPESAS CORRENTES                                                                                  ;3;OUTRAS DESPESAS CORRENTES                                                                           ;91  ;APLICAÇÃO DIRETA DECORRENTE DE OPERAÇÃO ENTRE ÓRGÃOS, FUNDOS E ENTIDADES INTEGRANTES DOS ORÇAMENTOS FISCAL E DE SEGURIDADE SOCIAL                       ;;;930087.97;930087.97;930087.97
2026;3;EXECUTIVO                                         ;21;SECRETARIA DE DESENVOLVIMENTO ECONÔMICO                                                             ;21.01;SECRETARIA DE DESENVOLVIMENTO ECONÔMICO - ADMINISTRAÇÃO DIRETA                                      ;3;DESPESAS CORRENTES                                                                                  ;1;PESSOAL E ENCARGOS SOCIAIS                                                                          ;90  ;APLICAÇÕES DIRETAS                                                                                                                                      ;0.0;0.0;183969.53;183969.53;183560.08
2026;1;EXECUTIVO                                         ;32;SECRETARIA DE CULTURA                                                                               ;32.01;SECRETARIA DE CULTURA - ADMINISTRAÇÃO DIRETA                                                        ;3;DESPESAS CORRENTES                                                                                  ;1;PESSOAL E ENCARGOS SOCIAIS                                                                          ;90  ;APLICAÇÕES DIRETAS                                                                                                                                      ;22000000.0;22000000.0;1348628.52;1348628.52;1046869.03
2026;1;EXECUTIVO                                         ;27;SECRETARIA DE PLANEJAMENTO E GESTÃO                                                                 ;27.01;SECRETARIA DE PLANEJAMENTO E GESTÃO - ADMINISTRAÇÃO DIRETA                                          ;3;DESPESAS CORRENTES                                                                                  ;1;PESSOAL E ENCARGOS SOCIAIS                                                                          ;90  ;APLICAÇÕES DIRETAS                                                                                                                                      ;20100000.0;20100000.0;1732770.65;1732770.65;1503555.8
2026;2;EXECUTIVO                                         ;27;SECRETARIA DE PLANEJAMENTO E GESTÃO                                                                 ;27.01;SECRETARIA DE PLANEJAMENTO E GESTÃO - ADMINISTRAÇÃO DIRETA                                          ;3;DESPESAS CORRENTES                                                                                  ;3;OUTRAS DESPESAS CORRENTES                                                                           ;50  ;TRANSFERÊNCIAS À INSTITUIÇÕES PRIVADAS SEM FINS LUCRATIVOS                                                                                              ;-656952.62;0.0;0.0;171523.64;171523.64
2026;2;EXECUTIVO                                         ;11;SECRETARIA DE ESPORTES                                                                              ;11.01;SECRETARIA DE ESPORTES - ADMINISTRAÇÃO DIRETA                                                       ;3;DESPESAS CORRENTES                                                                                  ;3;OUTRAS DESPESAS CORRENTES                                                                           ;90  ;APLICAÇÕES DIRETAS                                                                                                                                      ;-1490000.0;0.0;136641.14;1015351.93;1017849.81
2026;2;EXECUTIVO                                         ;60;SECRETARIA DE DIREITOS HUMANOS E JUVENTUDE - ADMINISTRAÇÃO SUPERVISIONADA                           ;60.01;FUNDO MUNICIPAL DA CRIANÇA E DO ADOLESCENTE - FMCA                                                  ;3;DESPESAS CORRENTES                                                                                  ;3;OUTRAS DESPESAS CORRENTES                                                                           ;90  ;APLICAÇÕES DIRETAS                                                                                                                                      ;-108000.0;0.0;;;
2026;3;EXECUTIVO                                         ;06;SECRETARIA DE CIDADANIA E CULTURA DE PAZ                                                            ;06.01;SECRETARIA DE CIDADANIA E CULTURA DE PAZ - ADMINISTRAÇÃO DIRETA                                     ;3;DESPESAS CORRENTES                                                                                  ;3;OUTRAS DESPESAS CORRENTES                                                                           ;90  ;APLICAÇÕES DIRETAS                                                                                                                                      ;120000.0;0.0;2409024.04;627564.03;946818.03
2026;4;EXECUTIVO                                         ;06;SECRETARIA DE CIDADANIA E CULTURA DE PAZ                                                            ;06.01;SECRETARIA DE CIDADANIA E CULTURA DE PAZ - ADMINISTRAÇÃO DIRETA                                     ;3;DESPESAS CORRENTES                                                                                  ;3;OUTRAS DESPESAS CORRENTES                                                                           ;90  ;APLICAÇÕES DIRETAS                                                                                                                                      ;0.0;0.0;-279814.27;1952250.85;2001134.52
2026;4;EXECUTIVO                                         ;12;GABINETE DO VICE-PREFEITO                                                                           ;12.01;GABINETE DO VICE-PREFEITO - ADMINISTRAÇÃO DIRETA                                                    ;3;DESPESAS CORRENTES                                                                                  ;3;OUTRAS DESPESAS CORRENTES                                                                           ;90  ;APLICAÇÕES DIRETAS                                                                                                                                      ;0.0;0.0;66997.06;125982.79;126072.79
2026;3;EXECUTIVO                                         ;52;SECRETARIA DA MULHER - ADMINISTRAÇÃO SUPERVISIONADA                                                 ;52.01;FUNDO MUNICIPAL DE POLÍTICA PARA A MULHER                                                           ;3;DESPESAS CORRENTES                                                                                  ;3;OUTRAS DESPESAS CORRENTES                                                                           ;90  ;APLICAÇÕES DIRETAS                                                                                                                                      ;0.0;0.0;;;
2026;1;EXECUTIVO                                         ;80;ENCARGOS GERAIS DO MUNICÍPIO                                                                        ;80.01;RECURSOS SOB A GESTÃO DA SECRETARIA DE FINANÇAS                                                     ;9;RESERVAS                                                                                            ;9;RESERVAS                                                                                            ;99  ;A DEFINIR                                                                                                                                               ;35000000.0;35000000.0;;;
2026;4;EXECUTIVO                                         ;60;SECRETARIA DE DIREITOS HUMANOS E JUVENTUDE - ADMINISTRAÇÃO SUPERVISIONADA                           ;60.03;FUNDO MUNICIPAL DOS DIREITOS DA PESSOA IDOSA - FMDPI                                                ;3;DESPESAS CORRENTES                                                                                  ;3;OUTRAS DESPESAS CORRENTES                                                                           ;90  ;APLICAÇÕES DIRETAS                                                                                                                                      ;0.0;0.0;250273.76;321121.37;277040.33
2026;3;EXECUTIVO                                         ;35;SECRETARIA DE TURISMO E LAZER                                                                       ;35.01;SECRETARIA DE TURISMO E LAZER - ADMINISTRAÇÃO DIRETA                                                ;3;DESPESAS CORRENTES                                                                                  ;1;PESSOAL E ENCARGOS SOCIAIS                                                                          ;90  ;APLICAÇÕES DIRETAS                                                                                                                                      ;0.0;0.0;298092.37;298092.37;295215.56
2026;4;EXECUTIVO                                         ;21;SECRETARIA DE DESENVOLVIMENTO ECONÔMICO                                                             ;21.01;SECRETARIA DE DESENVOLVIMENTO ECONÔMICO - ADMINISTRAÇÃO DIRETA                                      ;3;DESPESAS CORRENTES                                                                                  ;3;OUTRAS DESPESAS CORRENTES                                                                           ;90  ;APLICAÇÕES DIRETAS                                                                                                                                      ;0.0;0.0;63656.23;80218.61;0.0
2026;1;EXECUTIVO                                         ;68;SECRETARIA DE ORDEM PÚBLICA E SEGURANÇA - ADMINISTRAÇÃO SUPERVISIONADA                              ;68.01;AUTARQUIA DE TRÂNSITO E TRANSPORTE URBANO DO RECIFE - CTTU                                          ;3;DESPESAS CORRENTES                                                                                  ;3;OUTRAS DESPESAS CORRENTES                                                                           ;90  ;APLICAÇÕES DIRETAS                                                                                                                                      ;70551086.96;71032000.0;19359761.72;106742.86;106742.86
2026;1;EXECUTIVO                                         ;26;SECRETARIA DE PROJETOS ESPECIAIS                                                                    ;26.01;SECRETARIA DE PROJETOS ESPECIAIS - ADMINISTRAÇÃO DIRETA                                             ;4;DESPESAS DE CAPITAL                                                                                 ;4;INVESTIMENTOS                                                                                       ;90  ;APLICAÇÕES DIRETAS                                                                                                                                      ;163390000.0;163390000.0;1812218.47;0.0;0.0
2026;3;EXECUTIVO                                         ;48;SECRETARIA DE SAÚDE - ADMINISTRAÇÃO SUPERVISIONADA                                                  ;48.01;FUNDO MUNICIPAL DE SAÚDE - FMS                                                                      ;3;DESPESAS CORRENTES                                                                                  ;3;OUTRAS DESPESAS CORRENTES                                                                           ;90  ;APLICAÇÕES DIRETAS                                                                                                                                      ;2180723.51;0.0;59962086.73;63616209.79;54844260.95
2026;3;EXECUTIVO                                         ;27;SECRETARIA DE PLANEJAMENTO E GESTÃO                                                                 ;27.01;SECRETARIA DE PLANEJAMENTO E GESTÃO - ADMINISTRAÇÃO DIRETA                                          ;4;DESPESAS DE CAPITAL                                                                                 ;4;INVESTIMENTOS                                                                                       ;90  ;APLICAÇÕES DIRETAS                                                                                                                                      ;-58909.85;0.0;;;
2026;2;EXECUTIVO                                         ;34;SECRETARIA DE DESENVOLVIMENTO URBANO E LICENCIAMENTO                                                ;34.01;SECRETARIA DE DESENVOLVIMENTO URBANO E LICENCIAMENTO	 - ADMINISTRAÇÃO DIRETA                        ;4;DESPESAS DE CAPITAL                                                                                 ;4;INVESTIMENTOS                                                                                       ;90  ;APLICAÇÕES DIRETAS                                                                                                                                      ;-20760487.15;0.0;;;
2026;2;EXECUTIVO                                         ;09;ASSESSORIA ESPECIAL DO PREFEITO DO RECIFE                                                           ;09.01;ASSESSORIA ESPECIAL DO PREFEITO DO RECIFE - ADMINISTRAÇÃO DIRETA                                    ;3;DESPESAS CORRENTES                                                                                  ;3;OUTRAS DESPESAS CORRENTES                                                                           ;90  ;APLICAÇÕES DIRETAS                                                                                                                                      ;0.0;0.0;31375.83;75657.04;52086.64
2026;4;EXECUTIVO                                         ;16;GABINETE DE COMUNICAÇÃO                                                                             ;16.01;GABINETE DE COMUNICAÇÃO - ADMINISTRAÇÃO DIRETA                                                      ;3;DESPESAS CORRENTES                                                                                  ;1;PESSOAL E ENCARGOS SOCIAIS                                                                          ;90  ;APLICAÇÕES DIRETAS                                                                                                                                      ;;;0.0;0.0;27116.1
2026;3;EXECUTIVO                                         ;43;PROCURADORIA GERAL DO MUNICÍPIO - ADMINISTRAÇÃO SUPERVISIONADA                                      ;43.01;FUNDO MUNICIPAL DE DEFESA DO CONSUMIDOR - FUNDEC                                                    ;3;DESPESAS CORRENTES                                                                                  ;3;OUTRAS DESPESAS CORRENTES                                                                           ;90  ;APLICAÇÕES DIRETAS                                                                                                                                      ;344939.76;0.0;900.0;33460.0;33460.0
2026;1;EXECUTIVO                                         ;25;SECRETARIA DE ARTICULAÇÃO POLÍTICA E SOCIAL                                                         ;25.01;SECRETARIA DE ARTICULAÇÃO POLÍTICA E SOCIAL - ADMINISTRAÇÃO DIRETA                                  ;3;DESPESAS CORRENTES                                                                                  ;3;OUTRAS DESPESAS CORRENTES                                                                           ;90  ;APLICAÇÕES DIRETAS                                                                                                                                      ;76720000.0;77870000.0;10370762.43;314056.77;294018.35
2026;2;EXECUTIVO                                         ;50;SECRETARIA DE INFRAESTRUTURA - ADMINISTRAÇÃO SUPERVISIONADA                                         ;50.10;AUTARQUIA DE MANUTENÇÃO E LIMPEZA URBANA - EMLURB                                                   ;3;DESPESAS CORRENTES                                                                                  ;3;OUTRAS DESPESAS CORRENTES                                                                           ;90  ;APLICAÇÕES DIRETAS                                                                                                                                      ;493954.04;0.0;53316222.48;51779042.09;46265359.09
2026;1;EXECUTIVO                                         ;04;GABINETE DE INOVAÇÃO URBANA                                                                         ;04.01;GABINETE DE INOVAÇÃO URBANA - ADMINISTRAÇÃO DIRETA                                                  ;3;DESPESAS CORRENTES                                                                                  ;1;PESSOAL E ENCARGOS SOCIAIS                                                                          ;90  ;APLICAÇÕES DIRETAS                                                                                                                                      ;2280000.0;2280000.0;200595.57;200595.57;178374.99
2026;1;EXECUTIVO                                         ;61;SECRETARIA DE ADMINISTRAÇÃO - ADMINISTRAÇÃO SUPERVISIONADA                                          ;61.01;AUTARQUIA MUNICIPAL DE PREVIDÊNCIA E ASSISTÊNCIA À SAÚDE DOS SERVIDORES                             ;3;DESPESAS CORRENTES                                                                                  ;3;OUTRAS DESPESAS CORRENTES                                                                           ;90  ;APLICAÇÕES DIRETAS                                                                                                                                      ;101376000.0;106640000.0;9710309.24;7474671.2;7392398.52
2026;1;EXECUTIVO                                         ;68;SECRETARIA DE ORDEM PÚBLICA E SEGURANÇA - ADMINISTRAÇÃO SUPERVISIONADA                              ;68.01;AUTARQUIA DE TRÂNSITO E TRANSPORTE URBANO DO RECIFE - CTTU                                          ;4;DESPESAS DE CAPITAL                                                                                 ;6;AMORTIZAÇÃO DA DÍVIDA                                                                               ;90  ;APLICAÇÕES DIRETAS                                                                                                                                      ;10000.0;10000.0;;;
2026;3;EXECUTIVO                                         ;47;SECRETARIA DE TRANSFORMAÇÃO DIGITAL, CIÊNCIA E TECNOLOGIA - ADMINISTRAÇÃO SUPERVISIONADA            ;47.02;FUNDO MUNICIPAL DE FOMENTO AO EMPREENDEDORISMO - RECIFE ACREDITA - FMFE                             ;4;DESPESAS DE CAPITAL                                                                                 ;4;INVESTIMENTOS                                                                                       ;90  ;APLICAÇÕES DIRETAS                                                                                                                                      ;;;0.0;0.0;60000.0
2026;1;EXECUTIVO                                         ;62;SECRETARIA DE CULTURA - ADMINISTRAÇÃO SUPERVISIONADA                                                ;62.02;FUNDO DE INCENTIVO À CULTURA - FIC                                                                  ;3;DESPESAS CORRENTES                                                                                  ;3;OUTRAS DESPESAS CORRENTES                                                                           ;90  ;APLICAÇÕES DIRETAS                                                                                                                                      ;4214264.39;7500000.0;635659.4;242223.0;0.0
2026;4;EXECUTIVO                                         ;60;SECRETARIA DE DIREITOS HUMANOS E JUVENTUDE - ADMINISTRAÇÃO SUPERVISIONADA                           ;60.03;FUNDO MUNICIPAL DOS DIREITOS DA PESSOA IDOSA - FMDPI                                                ;3;DESPESAS CORRENTES                                                                                  ;3;OUTRAS DESPESAS CORRENTES                                                                           ;50  ;TRANSFERÊNCIAS À INSTITUIÇÕES PRIVADAS SEM FINS LUCRATIVOS                                                                                              ;;;110000.0;66000.0;66000.0
2026;1;EXECUTIVO                                         ;28;GABINETE DE REPRESENTAÇÃO EM BRASÍLIA                                                               ;28.01;GABINETE DE REPRESENTAÇÃO EM BRASÍLIA - ADMINISTRAÇÃO DIRETA                                        ;3;DESPESAS CORRENTES                                                                                  ;3;OUTRAS DESPESAS CORRENTES                                                                           ;90  ;APLICAÇÕES DIRETAS                                                                                                                                      ;10000.0;10000.0;;;
2026;2;EXECUTIVO                                         ;59;SECRETARIA DE ASSISTÊNCIA SOCIAL E COMBATE À FOME - ADM. SUPERVISIONADA                             ;59.01;FUNDO MUNICIPAL DE ASSISTÊNCIA SOCIAL - FMAS                                                        ;3;DESPESAS CORRENTES                                                                                  ;3;OUTRAS DESPESAS CORRENTES                                                                           ;90  ;APLICAÇÕES DIRETAS                                                                                                                                      ;2892790.98;0.0;22879193.17;7292256.92;6449218.98
2026;1;EXECUTIVO                                         ;61;SECRETARIA DE ADMINISTRAÇÃO - ADMINISTRAÇÃO SUPERVISIONADA                                          ;61.01;AUTARQUIA MUNICIPAL DE PREVIDÊNCIA E ASSISTÊNCIA À SAÚDE DOS SERVIDORES                             ;3;DESPESAS CORRENTES                                                                                  ;2;JUROS E ENCARGOS DA DÍVIDA                                                                          ;90  ;APLICAÇÕES DIRETAS                                                                                                                                      ;350000.0;0.0;;;
2026;1;EXECUTIVO                                         ;14;SECRETARIA DE EDUCAÇÃO                                                                              ;14.01;SECRETARIA DE EDUCAÇÃO - ADMINISTRAÇÃO DIRETA                                                       ;3;DESPESAS CORRENTES                                                                                  ;3;OUTRAS DESPESAS CORRENTES                                                                           ;91  ;APLICAÇÃO DIRETA DECORRENTE DE OPERAÇÃO ENTRE ÓRGÃOS, FUNDOS E ENTIDADES INTEGRANTES DOS ORÇAMENTOS FISCAL E DE SEGURIDADE SOCIAL                       ;5000000.0;5000000.0;;;
2026;4;EXECUTIVO                                         ;11;SECRETARIA DE ESPORTES                                                                              ;11.01;SECRETARIA DE ESPORTES - ADMINISTRAÇÃO DIRETA                                                       ;4;DESPESAS DE CAPITAL                                                                                 ;4;INVESTIMENTOS                                                                                       ;90  ;APLICAÇÕES DIRETAS                                                                                                                                      ;6141716.62;0.0;4529520.82;2377898.77;1993203.05
2026;4;EXECUTIVO                                         ;24;CONTROLADORIA GERAL DO MUNICÍPIO                                                                    ;24.01;CONTROLADORIA GERAL DO MUNICÍPIO - ADMINISTRAÇÃO DIRETA                                             ;3;DESPESAS CORRENTES                                                                                  ;1;PESSOAL E ENCARGOS SOCIAIS                                                                          ;90  ;APLICAÇÕES DIRETAS                                                                                                                                      ;107104.82;0.0;0.0;0.0;172806.35
2026;1;EXECUTIVO                                         ;50;SECRETARIA DE INFRAESTRUTURA - ADMINISTRAÇÃO SUPERVISIONADA                                         ;50.10;AUTARQUIA DE MANUTENÇÃO E LIMPEZA URBANA - EMLURB                                                   ;3;DESPESAS CORRENTES                                                                                  ;1;PESSOAL E ENCARGOS SOCIAIS                                                                          ;91  ;APLICAÇÃO DIRETA DECORRENTE DE OPERAÇÃO ENTRE ÓRGÃOS, FUNDOS E ENTIDADES INTEGRANTES DOS ORÇAMENTOS FISCAL E DE SEGURIDADE SOCIAL                       ;10000.0;10000.0;;;
2026;2;EXECUTIVO                                         ;62;SECRETARIA DE CULTURA - ADMINISTRAÇÃO SUPERVISIONADA                                                ;62.02;FUNDO DE INCENTIVO À CULTURA - FIC                                                                  ;3;DESPESAS CORRENTES                                                                                  ;3;OUTRAS DESPESAS CORRENTES                                                                           ;90  ;APLICAÇÕES DIRETAS                                                                                                                                      ;;;1016722.4;814504.8;823671.95
2026;4;EXECUTIVO                                         ;59;SECRETARIA DE ASSISTÊNCIA SOCIAL E COMBATE À FOME - ADM. SUPERVISIONADA                             ;59.01;FUNDO MUNICIPAL DE ASSISTÊNCIA SOCIAL - FMAS                                                        ;4;DESPESAS DE CAPITAL                                                                                 ;4;INVESTIMENTOS                                                                                       ;90  ;APLICAÇÕES DIRETAS                                                                                                                                      ;807622.96;0.0;331189.0;231979.39;237280.99
2026;4;EXECUTIVO                                         ;07;GABINETE DE PROTEÇÃO E DEFESA DOS ANIMAIS                                                           ;07.01;GABINETE DE PROTEÇÃO E DEFESA DOS ANIMAIS - ADMINISTRAÇÃO DIRETA                                    ;3;DESPESAS CORRENTES                                                                                  ;3;OUTRAS DESPESAS CORRENTES                                                                           ;90  ;APLICAÇÕES DIRETAS                                                                                                                                      ;1611488.9;0.0;1488417.8;123914.45;107023.0
2026;4;EXECUTIVO                                         ;11;SECRETARIA DE ESPORTES                                                                              ;11.01;SECRETARIA DE ESPORTES - ADMINISTRAÇÃO DIRETA                                                       ;3;DESPESAS CORRENTES                                                                                  ;3;OUTRAS DESPESAS CORRENTES                                                                           ;90  ;APLICAÇÕES DIRETAS                                                                                                                                      ;-1539146.0;0.0;56805.86;632740.61;846539.63
2026;2;EXECUTIVO                                         ;61;SECRETARIA DE ADMINISTRAÇÃO - ADMINISTRAÇÃO SUPERVISIONADA                                          ;61.01;AUTARQUIA MUNICIPAL DE PREVIDÊNCIA E ASSISTÊNCIA À SAÚDE DOS SERVIDORES                             ;3;DESPESAS CORRENTES                                                                                  ;3;OUTRAS DESPESAS CORRENTES                                                                           ;90  ;APLICAÇÕES DIRETAS                                                                                                                                      ;9579650.28;0.0;11504926.84;10694169.24;10602550.65
2026;1;EXECUTIVO                                         ;34;SECRETARIA DE DESENVOLVIMENTO URBANO E LICENCIAMENTO                                                ;34.01;SECRETARIA DE DESENVOLVIMENTO URBANO E LICENCIAMENTO	 - ADMINISTRAÇÃO DIRETA                        ;3;DESPESAS CORRENTES                                                                                  ;3;OUTRAS DESPESAS CORRENTES                                                                           ;90  ;APLICAÇÕES DIRETAS                                                                                                                                      ;13861500.0;13860000.0;3938116.19;741756.98;741756.98
2026;1;EXECUTIVO                                         ;11;SECRETARIA DE ESPORTES                                                                              ;11.01;SECRETARIA DE ESPORTES - ADMINISTRAÇÃO DIRETA                                                       ;3;DESPESAS CORRENTES                                                                                  ;1;PESSOAL E ENCARGOS SOCIAIS                                                                          ;90  ;APLICAÇÕES DIRETAS                                                                                                                                      ;6440000.0;6440000.0;458291.03;458291.03;406733.03
2026;1;EXECUTIVO                                         ;68;SECRETARIA DE ORDEM PÚBLICA E SEGURANÇA - ADMINISTRAÇÃO SUPERVISIONADA                              ;68.01;AUTARQUIA DE TRÂNSITO E TRANSPORTE URBANO DO RECIFE - CTTU                                          ;3;DESPESAS CORRENTES                                                                                  ;1;PESSOAL E ENCARGOS SOCIAIS                                                                          ;90  ;APLICAÇÕES DIRETAS                                                                                                                                      ;16680000.0;17500000.0;3886532.75;1140828.8;736450.03
2026;4;EXECUTIVO                                         ;14;SECRETARIA DE EDUCAÇÃO                                                                              ;14.01;SECRETARIA DE EDUCAÇÃO - ADMINISTRAÇÃO DIRETA                                                       ;4;DESPESAS DE CAPITAL                                                                                 ;4;INVESTIMENTOS                                                                                       ;90  ;APLICAÇÕES DIRETAS                                                                                                                                      ;-502511.36;0.0;10465776.58;2855314.25;1343229.68
2026;4;EXECUTIVO                                         ;23;SECRETARIA DE SANEAMENTO                                                                            ;23.01;SECRETARIA DE SANEAMENTO - ADMINISTRAÇÃO DIRETA                                                     ;3;DESPESAS CORRENTES                                                                                  ;3;OUTRAS DESPESAS CORRENTES                                                                           ;90  ;APLICAÇÕES DIRETAS                                                                                                                                      ;;;133345.88;281180.05;239869.04
2026;2;EXECUTIVO                                         ;19;SECRETARIA DO TRABALHO E QUALIFICAÇÃO PROFISSIONAL                                                  ;19.01;SECRETARIA DO TRABALHO E QUALIFICAÇÃO PROFISSIONAL - ADMINISTRAÇÃO DIRETA                           ;3;DESPESAS CORRENTES                                                                                  ;3;OUTRAS DESPESAS CORRENTES                                                                           ;90  ;APLICAÇÕES DIRETAS                                                                                                                                      ;0.0;0.0;4153304.73;1209221.7;1042940.95
2026;4;EXECUTIVO                                         ;61;SECRETARIA DE ADMINISTRAÇÃO - ADMINISTRAÇÃO SUPERVISIONADA                                          ;61.01;AUTARQUIA MUNICIPAL DE PREVIDÊNCIA E ASSISTÊNCIA À SAÚDE DOS SERVIDORES                             ;3;DESPESAS CORRENTES                                                                                  ;2;JUROS E ENCARGOS DA DÍVIDA                                                                          ;90  ;APLICAÇÕES DIRETAS                                                                                                                                      ;;;0.0;100562.52;100562.52
2026;3;EXECUTIVO                                         ;24;CONTROLADORIA GERAL DO MUNICÍPIO                                                                    ;24.01;CONTROLADORIA GERAL DO MUNICÍPIO - ADMINISTRAÇÃO DIRETA                                             ;3;DESPESAS CORRENTES                                                                                  ;1;PESSOAL E ENCARGOS SOCIAIS                                                                          ;90  ;APLICAÇÕES DIRETAS                                                                                                                                      ;0.0;0.0;1037128.77;1037128.77;1036161.85
2026;1;EXECUTIVO                                         ;14;SECRETARIA DE EDUCAÇÃO                                                                              ;14.01;SECRETARIA DE EDUCAÇÃO - ADMINISTRAÇÃO DIRETA                                                       ;3;DESPESAS CORRENTES                                                                                  ;3;OUTRAS DESPESAS CORRENTES                                                                           ;90  ;APLICAÇÕES DIRETAS                                                                                                                                      ;612580500.0;592578000.0;62313712.3;8126292.85;1697317.62
2026;3;EXECUTIVO                                         ;04;GABINETE DE INOVAÇÃO URBANA                                                                         ;04.01;GABINETE DE INOVAÇÃO URBANA - ADMINISTRAÇÃO DIRETA                                                  ;3;DESPESAS CORRENTES                                                                                  ;3;OUTRAS DESPESAS CORRENTES                                                                           ;90  ;APLICAÇÕES DIRETAS                                                                                                                                      ;1000000.0;0.0;256408.74;233755.98;288923.5
2026;1;EXECUTIVO                                         ;61;SECRETARIA DE ADMINISTRAÇÃO - ADMINISTRAÇÃO SUPERVISIONADA                                          ;61.01;AUTARQUIA MUNICIPAL DE PREVIDÊNCIA E ASSISTÊNCIA À SAÚDE DOS SERVIDORES                             ;3;DESPESAS CORRENTES                                                                                  ;1;PESSOAL E ENCARGOS SOCIAIS                                                                          ;90  ;APLICAÇÕES DIRETAS                                                                                                                                      ;9470000.0;9470000.0;379184.86;379184.86;322834.33
2026;4;EXECUTIVO                                         ;19;SECRETARIA DO TRABALHO E QUALIFICAÇÃO PROFISSIONAL                                                  ;19.01;SECRETARIA DO TRABALHO E QUALIFICAÇÃO PROFISSIONAL - ADMINISTRAÇÃO DIRETA                           ;3;DESPESAS CORRENTES                                                                                  ;3;OUTRAS DESPESAS CORRENTES                                                                           ;90  ;APLICAÇÕES DIRETAS                                                                                                                                      ;0.0;0.0;324309.46;1041393.05;1012738.84
2026;2;EXECUTIVO                                         ;62;SECRETARIA DE CULTURA - ADMINISTRAÇÃO SUPERVISIONADA                                                ;62.01;FUNDAÇÃO DE CULTURA CIDADE DO RECIFE - FCCR                                                         ;3;DESPESAS CORRENTES                                                                                  ;3;OUTRAS DESPESAS CORRENTES                                                                           ;90  ;APLICAÇÕES DIRETAS                                                                                                                                      ;15000000.0;0.0;65513284.16;15199083.25;14584495.78
2026;2;EXECUTIVO                                         ;50;SECRETARIA DE INFRAESTRUTURA - ADMINISTRAÇÃO SUPERVISIONADA                                         ;50.08;FUNDO MUNICIPAL DO PREZEIS                                                                          ;3;DESPESAS CORRENTES                                                                                  ;3;OUTRAS DESPESAS CORRENTES                                                                           ;90  ;APLICAÇÕES DIRETAS                                                                                                                                      ;;;435600.0;70600.0;69200.0
2026;1;EXECUTIVO                                         ;39;SECRETARIA DE MEIO AMBIENTE                                                                         ;39.01;SECRETARIA DE MEIO AMBIENTE - ADMINISTRAÇÃO DIRETA                                                  ;4;DESPESAS DE CAPITAL                                                                                 ;4;INVESTIMENTOS                                                                                       ;90  ;APLICAÇÕES DIRETAS                                                                                                                                      ;3000000.0;3000000.0;;;
2026;1;EXECUTIVO                                         ;15;SECRETARIA DE FINANÇAS                                                                              ;15.01;SECRETARIA DE FINANÇAS - ADMINISTRAÇÃO DIRETA                                                       ;3;DESPESAS CORRENTES                                                                                  ;3;OUTRAS DESPESAS CORRENTES                                                                           ;90  ;APLICAÇÕES DIRETAS                                                                                                                                      ;5700000.0;5700000.0;5386769.47;332891.75;0.0
2026;4;EXECUTIVO                                         ;20;SECRETARIA DE INFRAESTRUTURA                                                                        ;20.01;SECRETARIA DE INFRAESTRUTURA - ADMINISTRAÇÃO DIRETA                                                 ;3;DESPESAS CORRENTES                                                                                  ;3;OUTRAS DESPESAS CORRENTES                                                                           ;90  ;APLICAÇÕES DIRETAS                                                                                                                                      ;-500000.0;0.0;500.0;102562.87;102435.85
2026;3;EXECUTIVO                                         ;50;SECRETARIA DE INFRAESTRUTURA - ADMINISTRAÇÃO SUPERVISIONADA                                         ;50.10;AUTARQUIA DE MANUTENÇÃO E LIMPEZA URBANA - EMLURB                                                   ;3;DESPESAS CORRENTES                                                                                  ;3;OUTRAS DESPESAS CORRENTES                                                                           ;90  ;APLICAÇÕES DIRETAS                                                                                                                                      ;29964869.63;0.0;49532401.99;62669975.78;64320994.06
2026;2;EXECUTIVO                                         ;07;GABINETE DE PROTEÇÃO E DEFESA DOS ANIMAIS                                                           ;07.01;GABINETE DE PROTEÇÃO E DEFESA DOS ANIMAIS - ADMINISTRAÇÃO DIRETA                                    ;3;DESPESAS CORRENTES                                                                                  ;3;OUTRAS DESPESAS CORRENTES                                                                           ;90  ;APLICAÇÕES DIRETAS                                                                                                                                      ;-125402.04;0.0;535555.87;0.0;0.0
2026;4;EXECUTIVO                                         ;53;SECRETARIA DE SANEAMENTO - ADMINISTRAÇÃO SUPERVISIONADA                                             ;53.02;FUNDO MUNICIPAL DE SANEAMENTO - FMSAN                                                               ;3;DESPESAS CORRENTES                                                                                  ;3;OUTRAS DESPESAS CORRENTES                                                                           ;90  ;APLICAÇÕES DIRETAS                                                                                                                                      ;0.0;0.0;0.0;1254492.66;1233475.6
2026;3;EXECUTIVO                                         ;37;SECRETARIA DE HABITAÇÃO                                                                             ;37.01;SECRETARIA DE HABITAÇÃO - ADMINISTRAÇÃO DIRETA                                                      ;4;DESPESAS DE CAPITAL                                                                                 ;4;INVESTIMENTOS                                                                                       ;90  ;APLICAÇÕES DIRETAS                                                                                                                                      ;-7660884.32;0.0;;;
2026;3;EXECUTIVO                                         ;50;SECRETARIA DE INFRAESTRUTURA - ADMINISTRAÇÃO SUPERVISIONADA                                         ;50.11;AUTARQUIA DE URBANIZAÇÃO DO RECIFE - URB RECIFE                                                     ;3;DESPESAS CORRENTES                                                                                  ;3;OUTRAS DESPESAS CORRENTES                                                                           ;90  ;APLICAÇÕES DIRETAS                                                                                                                                      ;0.0;0.0;1371327.99;946736.07;1144629.83
2026;3;EXECUTIVO                                         ;38;SECRETARIA DE ORDEM PÚBLICA E SEGURANÇA                                                             ;38.01;SECRETARIA DE ORDEM PÚBLICA E SEGURANÇA - ADMINISTRAÇÃO DIRETA                                      ;3;DESPESAS CORRENTES                                                                                  ;1;PESSOAL E ENCARGOS SOCIAIS                                                                          ;90  ;APLICAÇÕES DIRETAS                                                                                                                                      ;0.0;0.0;11304200.69;11304200.69;11314788.14
2026;1;EXECUTIVO                                         ;61;SECRETARIA DE ADMINISTRAÇÃO - ADMINISTRAÇÃO SUPERVISIONADA                                          ;61.03;FUNDO FINANCEIRO - RECIFIN                                                                          ;3;DESPESAS CORRENTES                                                                                  ;3;OUTRAS DESPESAS CORRENTES                                                                           ;91  ;APLICAÇÃO DIRETA DECORRENTE DE OPERAÇÃO ENTRE ÓRGÃOS, FUNDOS E ENTIDADES INTEGRANTES DOS ORÇAMENTOS FISCAL E DE SEGURIDADE SOCIAL                       ;10000000.0;10000000.0;;;
2026;4;EXECUTIVO                                         ;43;PROCURADORIA GERAL DO MUNICÍPIO - ADMINISTRAÇÃO SUPERVISIONADA                                      ;43.03;FUNDO ESPECIAL DE HONORÁRIOS ADVOCATÍCIOS - FEHA                                                    ;3;DESPESAS CORRENTES                                                                                  ;1;PESSOAL E ENCARGOS SOCIAIS                                                                          ;90  ;APLICAÇÕES DIRETAS                                                                                                                                      ;;;415513.9;415513.9;697706.76
2026;3;EXECUTIVO                                         ;30;SECRETARIA DE DIREITOS HUMANOS E JUVENTUDE                                                          ;30.01;SECRETARIA DE DIREITOS HUMANOS E JUVENTUDE - ADMINISTRAÇÃO DIRETA                                   ;3;DESPESAS CORRENTES                                                                                  ;3;OUTRAS DESPESAS CORRENTES                                                                           ;90  ;APLICAÇÕES DIRETAS                                                                                                                                      ;-10184404.89;0.0;1218589.16;1189413.83;1211965.4
2026;3;EXECUTIVO                                         ;68;SECRETARIA DE ORDEM PÚBLICA E SEGURANÇA - ADMINISTRAÇÃO SUPERVISIONADA                              ;68.02;CONVIVA MERCADOS E FEIRAS - AUTARQUIA MUNICIPAL                                                     ;3;DESPESAS CORRENTES                                                                                  ;3;OUTRAS DESPESAS CORRENTES                                                                           ;90  ;APLICAÇÕES DIRETAS                                                                                                                                      ;-510000.0;0.0;3391615.47;4093555.94;3601461.78
2026;4;EXECUTIVO                                         ;45;SECRETARIA DE FINANÇAS - ADMINISTRAÇÃO SUPERVISIONADA                                               ;45.02;FUNDO ESPECIAL DE INCREMENTO À ARRECADAÇÃO TRIBUTÁRIA - FEIAT                                       ;3;DESPESAS CORRENTES                                                                                  ;3;OUTRAS DESPESAS CORRENTES                                                                           ;90  ;APLICAÇÕES DIRETAS                                                                                                                                      ;0.0;0.0;-60987.44;28785.8;97775.47
2026;3;EXECUTIVO                                         ;47;SECRETARIA DE TRANSFORMAÇÃO DIGITAL, CIÊNCIA E TECNOLOGIA - ADMINISTRAÇÃO SUPERVISIONADA            ;47.01;EMPRESA MUNICIPAL DE INFORMÁTICA - EMPREL                                                           ;3;DESPESAS CORRENTES                                                                                  ;2;JUROS E ENCARGOS DA DÍVIDA                                                                          ;90  ;APLICAÇÕES DIRETAS                                                                                                                                      ;;;0.0;24569.13;24569.13
2026;1;EXECUTIVO                                         ;60;SECRETARIA DE DIREITOS HUMANOS E JUVENTUDE - ADMINISTRAÇÃO SUPERVISIONADA                           ;60.01;FUNDO MUNICIPAL DA CRIANÇA E DO ADOLESCENTE - FMCA                                                  ;3;DESPESAS CORRENTES                                                                                  ;3;OUTRAS DESPESAS CORRENTES                                                                           ;50  ;TRANSFERÊNCIAS À INSTITUIÇÕES PRIVADAS SEM FINS LUCRATIVOS                                                                                              ;4000000.0;3000000.0;;;
2026;3;EXECUTIVO                                         ;16;GABINETE DE COMUNICAÇÃO                                                                             ;16.01;GABINETE DE COMUNICAÇÃO - ADMINISTRAÇÃO DIRETA                                                      ;4;DESPESAS DE CAPITAL                                                                                 ;4;INVESTIMENTOS                                                                                       ;90  ;APLICAÇÕES DIRETAS                                                                                                                                      ;6649.0;0.0;6649.0;6649.0;0.0
2026;2;EXECUTIVO                                         ;50;SECRETARIA DE INFRAESTRUTURA - ADMINISTRAÇÃO SUPERVISIONADA                                         ;50.10;AUTARQUIA DE MANUTENÇÃO E LIMPEZA URBANA - EMLURB                                                   ;4;DESPESAS DE CAPITAL                                                                                 ;4;INVESTIMENTOS                                                                                       ;90  ;APLICAÇÕES DIRETAS                                                                                                                                      ;19683368.53;0.0;18301332.5;19571583.09;8602946.82
2026;4;EXECUTIVO                                         ;15;SECRETARIA DE FINANÇAS                                                                              ;15.01;SECRETARIA DE FINANÇAS - ADMINISTRAÇÃO DIRETA                                                       ;3;DESPESAS CORRENTES                                                                                  ;1;PESSOAL E ENCARGOS SOCIAIS                                                                          ;90  ;APLICAÇÕES DIRETAS                                                                                                                                      ;;;0.0;0.0;944869.75
2026;1;EXECUTIVO                                         ;21;SECRETARIA DE DESENVOLVIMENTO ECONÔMICO                                                             ;21.01;SECRETARIA DE DESENVOLVIMENTO ECONÔMICO - ADMINISTRAÇÃO DIRETA                                      ;3;DESPESAS CORRENTES                                                                                  ;1;PESSOAL E ENCARGOS SOCIAIS                                                                          ;90  ;APLICAÇÕES DIRETAS                                                                                                                                      ;3280000.0;3280000.0;182430.69;182430.69;166650.78
2026;2;EXECUTIVO                                         ;20;SECRETARIA DE INFRAESTRUTURA                                                                        ;20.01;SECRETARIA DE INFRAESTRUTURA - ADMINISTRAÇÃO DIRETA                                                 ;3;DESPESAS CORRENTES                                                                                  ;1;PESSOAL E ENCARGOS SOCIAIS                                                                          ;90  ;APLICAÇÕES DIRETAS                                                                                                                                      ;;;190385.26;190385.26;189519.58
2026;1;EXECUTIVO                                         ;19;SECRETARIA DO TRABALHO E QUALIFICAÇÃO PROFISSIONAL                                                  ;19.01;SECRETARIA DO TRABALHO E QUALIFICAÇÃO PROFISSIONAL - ADMINISTRAÇÃO DIRETA                           ;4;DESPESAS DE CAPITAL                                                                                 ;4;INVESTIMENTOS                                                                                       ;90  ;APLICAÇÕES DIRETAS                                                                                                                                      ;2000000.0;2000000.0;;;
2026;3;EXECUTIVO                                         ;09;ASSESSORIA ESPECIAL DO PREFEITO DO RECIFE                                                           ;09.01;ASSESSORIA ESPECIAL DO PREFEITO DO RECIFE - ADMINISTRAÇÃO DIRETA                                    ;3;DESPESAS CORRENTES                                                                                  ;3;OUTRAS DESPESAS CORRENTES                                                                           ;90  ;APLICAÇÕES DIRETAS                                                                                                                                      ;0.0;0.0;1164.36;61464.13;85034.53
2026;3;EXECUTIVO                                         ;11;SECRETARIA DE ESPORTES                                                                              ;11.01;SECRETARIA DE ESPORTES - ADMINISTRAÇÃO DIRETA                                                       ;3;DESPESAS CORRENTES                                                                                  ;1;PESSOAL E ENCARGOS SOCIAIS                                                                          ;90  ;APLICAÇÕES DIRETAS                                                                                                                                      ;0.0;0.0;512643.67;512643.67;508768.62
2026;2;EXECUTIVO                                         ;14;SECRETARIA DE EDUCAÇÃO                                                                              ;14.01;SECRETARIA DE EDUCAÇÃO - ADMINISTRAÇÃO DIRETA                                                       ;3;DESPESAS CORRENTES                                                                                  ;1;PESSOAL E ENCARGOS SOCIAIS                                                                          ;90  ;APLICAÇÕES DIRETAS                                                                                                                                      ;0.0;0.0;68403857.78;67403209.33;67645153.87
2026;3;EXECUTIVO                                         ;61;SECRETARIA DE ADMINISTRAÇÃO - ADMINISTRAÇÃO SUPERVISIONADA                                          ;61.01;AUTARQUIA MUNICIPAL DE PREVIDÊNCIA E ASSISTÊNCIA À SAÚDE DOS SERVIDORES                             ;3;DESPESAS CORRENTES                                                                                  ;2;JUROS E ENCARGOS DA DÍVIDA                                                                          ;90  ;APLICAÇÕES DIRETAS                                                                                                                                      ;;;350000.0;0.0;0.0
2026;1;EXECUTIVO                                         ;61;SECRETARIA DE ADMINISTRAÇÃO - ADMINISTRAÇÃO SUPERVISIONADA                                          ;61.01;AUTARQUIA MUNICIPAL DE PREVIDÊNCIA E ASSISTÊNCIA À SAÚDE DOS SERVIDORES                             ;3;DESPESAS CORRENTES                                                                                  ;3;OUTRAS DESPESAS CORRENTES                                                                           ;91  ;APLICAÇÃO DIRETA DECORRENTE DE OPERAÇÃO ENTRE ÓRGÃOS, FUNDOS E ENTIDADES INTEGRANTES DOS ORÇAMENTOS FISCAL E DE SEGURIDADE SOCIAL                       ;2322000.0;0.0;967096.6;0.0;0.0
2026;3;EXECUTIVO                                         ;35;SECRETARIA DE TURISMO E LAZER                                                                       ;35.01;SECRETARIA DE TURISMO E LAZER - ADMINISTRAÇÃO DIRETA                                                ;3;DESPESAS CORRENTES                                                                                  ;3;OUTRAS DESPESAS CORRENTES                                                                           ;90  ;APLICAÇÕES DIRETAS                                                                                                                                      ;3527818.42;0.0;9180942.55;4359667.71;3293580.68
2026;2;EXECUTIVO                                         ;37;SECRETARIA DE HABITAÇÃO                                                                             ;37.01;SECRETARIA DE HABITAÇÃO - ADMINISTRAÇÃO DIRETA                                                      ;3;DESPESAS CORRENTES                                                                                  ;3;OUTRAS DESPESAS CORRENTES                                                                           ;90  ;APLICAÇÕES DIRETAS                                                                                                                                      ;-3000.0;0.0;161396.47;154402.38;50136.04
2026;2;EXECUTIVO                                         ;35;SECRETARIA DE TURISMO E LAZER                                                                       ;35.01;SECRETARIA DE TURISMO E LAZER - ADMINISTRAÇÃO DIRETA                                                ;3;DESPESAS CORRENTES                                                                                  ;1;PESSOAL E ENCARGOS SOCIAIS                                                                          ;90  ;APLICAÇÕES DIRETAS                                                                                                                                      ;;;239412.12;239412.12;242386.8
2026;1;EXECUTIVO                                         ;61;SECRETARIA DE ADMINISTRAÇÃO - ADMINISTRAÇÃO SUPERVISIONADA                                          ;61.02;FUNDO PREVIDENCIÁRIO - RECIPREV                                                                     ;9;RESERVAS                                                                                            ;9;RESERVAS                                                                                            ;99  ;A DEFINIR                                                                                                                                               ;270920000.0;270920000.0;;;
2026;1;EXECUTIVO                                         ;50;SECRETARIA DE INFRAESTRUTURA - ADMINISTRAÇÃO SUPERVISIONADA                                         ;50.11;AUTARQUIA DE URBANIZAÇÃO DO RECIFE - URB RECIFE                                                     ;4;DESPESAS DE CAPITAL                                                                                 ;6;AMORTIZAÇÃO DA DÍVIDA                                                                               ;90  ;APLICAÇÕES DIRETAS                                                                                                                                      ;5000000.0;5000000.0;;;
2026;3;EXECUTIVO                                         ;43;PROCURADORIA GERAL DO MUNICÍPIO - ADMINISTRAÇÃO SUPERVISIONADA                                      ;43.02;FUNDO ESPECIAL DE APOIO À PROCURADORIA DO MUNICÍPIO DO RECIFE - FEAPMR                              ;3;DESPESAS CORRENTES                                                                                  ;3;OUTRAS DESPESAS CORRENTES                                                                           ;90  ;APLICAÇÕES DIRETAS                                                                                                                                      ;;;0.0;698040.28;675002.71
2026;2;EXECUTIVO                                         ;31;SECRETARIA DE ADMINISTRAÇÃO                                                                         ;31.01;SECRETARIA DE ADMINISTRAÇÃO - ADMINISTRAÇÃO DIRETA                                                  ;3;DESPESAS CORRENTES                                                                                  ;3;OUTRAS DESPESAS CORRENTES                                                                           ;90  ;APLICAÇÕES DIRETAS                                                                                                                                      ;40318233.18;0.0;9681305.21;9746815.85;10632105.37
2026;1;EXECUTIVO                                         ;09;ASSESSORIA ESPECIAL DO PREFEITO DO RECIFE                                                           ;09.01;ASSESSORIA ESPECIAL DO PREFEITO DO RECIFE - ADMINISTRAÇÃO DIRETA                                    ;3;DESPESAS CORRENTES                                                                                  ;3;OUTRAS DESPESAS CORRENTES                                                                           ;90  ;APLICAÇÕES DIRETAS                                                                                                                                      ;600000.0;600000.0;538962.02;5291.74;5291.74
2026;1;EXECUTIVO                                         ;60;SECRETARIA DE DIREITOS HUMANOS E JUVENTUDE - ADMINISTRAÇÃO SUPERVISIONADA                           ;60.03;FUNDO MUNICIPAL DOS DIREITOS DA PESSOA IDOSA - FMDPI                                                ;3;DESPESAS CORRENTES                                                                                  ;3;OUTRAS DESPESAS CORRENTES                                                                           ;50  ;TRANSFERÊNCIAS À INSTITUIÇÕES PRIVADAS SEM FINS LUCRATIVOS                                                                                              ;21985000.0;21985000.0;;;
2026;4;EXECUTIVO                                         ;60;SECRETARIA DE DIREITOS HUMANOS E JUVENTUDE - ADMINISTRAÇÃO SUPERVISIONADA                           ;60.01;FUNDO MUNICIPAL DA CRIANÇA E DO ADOLESCENTE - FMCA                                                  ;3;DESPESAS CORRENTES                                                                                  ;3;OUTRAS DESPESAS CORRENTES                                                                           ;90  ;APLICAÇÕES DIRETAS                                                                                                                                      ;1930000.0;0.0;319031.02;309483.25;321693.98
2026;2;EXECUTIVO                                         ;07;GABINETE DE PROTEÇÃO E DEFESA DOS ANIMAIS                                                           ;07.01;GABINETE DE PROTEÇÃO E DEFESA DOS ANIMAIS - ADMINISTRAÇÃO DIRETA                                    ;4;DESPESAS DE CAPITAL                                                                                 ;4;INVESTIMENTOS                                                                                       ;90  ;APLICAÇÕES DIRETAS                                                                                                                                      ;125402.04;0.0;103542.03;29744.95;29744.95
2026;1;EXECUTIVO                                         ;29;SECRETARIA DE ASSISTÊNCIA SOCIAL E COMBATE À FOME                                                   ;29.01;SECRETARIA DE ASSISTÊNCIA SOCIAL E COMBATE À FOME - ADMINISTRAÇÃO DIRETA                            ;3;DESPESAS CORRENTES                                                                                  ;3;OUTRAS DESPESAS CORRENTES                                                                           ;50  ;TRANSFERÊNCIAS À INSTITUIÇÕES PRIVADAS SEM FINS LUCRATIVOS                                                                                              ;1080000.0;700000.0;;;
2026;1;EXECUTIVO                                         ;03;GAB. DE GERENC. DO PROG. DE REQUALIF. E RESILÊNCIA URB. EM ÁREAS DE VULNERABILIDADE SOCIOAMB.-PROMOR;03.01;GAB. DE GER. DO PROG. REQUALIF. E RESILIÊNCIA URB. EM ÁREAS DE VULNER. SOCIOAMB.-PROMORAR RECIFE - A;3;DESPESAS CORRENTES                                                                                  ;1;PESSOAL E ENCARGOS SOCIAIS                                                                          ;90  ;APLICAÇÕES DIRETAS                                                                                                                                      ;4310000.0;4310000.0;402710.25;402710.25;368637.76
2026;2;EXECUTIVO                                         ;39;SECRETARIA DE MEIO AMBIENTE                                                                         ;39.01;SECRETARIA DE MEIO AMBIENTE - ADMINISTRAÇÃO DIRETA                                                  ;3;DESPESAS CORRENTES                                                                                  ;3;OUTRAS DESPESAS CORRENTES                                                                           ;90  ;APLICAÇÕES DIRETAS                                                                                                                                      ;0.0;0.0;670898.41;121901.02;120333.84
2026;4;EXECUTIVO                                         ;32;SECRETARIA DE CULTURA                                                                               ;32.01;SECRETARIA DE CULTURA - ADMINISTRAÇÃO DIRETA                                                        ;3;DESPESAS CORRENTES                                                                                  ;1;PESSOAL E ENCARGOS SOCIAIS                                                                          ;90  ;APLICAÇÕES DIRETAS                                                                                                                                      ;;;0.0;0.0;318416.65
2026;1;EXECUTIVO                                         ;64;SECRETARIA DE DESENVOLVIMENTO URBANO E LICENCIAMENTO - ADMINISTRAÇÃO SUPERVISIONADA                 ;64.02;FUNDO DE LICENCIAMENTO E CONTROLE URBANO                                                            ;3;DESPESAS CORRENTES                                                                                  ;3;OUTRAS DESPESAS CORRENTES                                                                           ;90  ;APLICAÇÕES DIRETAS                                                                                                                                      ;930000.0;930000.0;;;
2026;2;EXECUTIVO                                         ;12;GABINETE DO VICE-PREFEITO                                                                           ;12.01;GABINETE DO VICE-PREFEITO - ADMINISTRAÇÃO DIRETA                                                    ;3;DESPESAS CORRENTES                                                                                  ;1;PESSOAL E ENCARGOS SOCIAIS                                                                          ;90  ;APLICAÇÕES DIRETAS                                                                                                                                      ;0.0;0.0;194351.9;194351.9;197332.73
2026;4;EXECUTIVO                                         ;10;GABINETE DO PREFEITO                                                                                ;10.01;GABINETE DO PREFEITO - ADMINISTRAÇÃO DIRETA                                                         ;3;DESPESAS CORRENTES                                                                                  ;1;PESSOAL E ENCARGOS SOCIAIS                                                                          ;90  ;APLICAÇÕES DIRETAS                                                                                                                                      ;;;0.0;0.0;87760.69
2026;4;EXECUTIVO                                         ;08;GABINETE DO CENTRO DO RECIFE                                                                        ;08.01;GABINETE DO CENTRO DO RECIFE - ADMINISTRAÇÃO DIRETA                                                 ;3;DESPESAS CORRENTES                                                                                  ;1;PESSOAL E ENCARGOS SOCIAIS                                                                          ;90  ;APLICAÇÕES DIRETAS                                                                                                                                      ;;;0.0;0.0;19051.79
2026;1;EXECUTIVO                                         ;21;SECRETARIA DE DESENVOLVIMENTO ECONÔMICO                                                             ;21.01;SECRETARIA DE DESENVOLVIMENTO ECONÔMICO - ADMINISTRAÇÃO DIRETA                                      ;4;DESPESAS DE CAPITAL                                                                                 ;4;INVESTIMENTOS                                                                                       ;90  ;APLICAÇÕES DIRETAS                                                                                                                                      ;4500000.0;4500000.0;;;
2026;1;EXECUTIVO                                         ;50;SECRETARIA DE INFRAESTRUTURA - ADMINISTRAÇÃO SUPERVISIONADA                                         ;50.10;AUTARQUIA DE MANUTENÇÃO E LIMPEZA URBANA - EMLURB                                                   ;4;DESPESAS DE CAPITAL                                                                                 ;6;AMORTIZAÇÃO DA DÍVIDA                                                                               ;90  ;APLICAÇÕES DIRETAS                                                                                                                                      ;5000000.0;5000000.0;;;
2026;2;EXECUTIVO                                         ;03;GAB. DE GERENC. DO PROG. DE REQUALIF. E RESILÊNCIA URB. EM ÁREAS DE VULNERABILIDADE SOCIOAMB.-PROMOR;03.01;GAB. DE GER. DO PROG. REQUALIF. E RESILIÊNCIA URB. EM ÁREAS DE VULNER. SOCIOAMB.-PROMORAR RECIFE - A;3;DESPESAS CORRENTES                                                                                  ;3;OUTRAS DESPESAS CORRENTES                                                                           ;90  ;APLICAÇÕES DIRETAS                                                                                                                                      ;0.0;0.0;2602.37;46343.66;46343.66
2026;2;EXECUTIVO                                         ;08;GABINETE DO CENTRO DO RECIFE                                                                        ;08.01;GABINETE DO CENTRO DO RECIFE - ADMINISTRAÇÃO DIRETA                                                 ;3;DESPESAS CORRENTES                                                                                  ;3;OUTRAS DESPESAS CORRENTES                                                                           ;90  ;APLICAÇÕES DIRETAS                                                                                                                                      ;0.0;0.0;-136437.74;158510.02;158499.8
2026;3;EXECUTIVO                                         ;47;SECRETARIA DE TRANSFORMAÇÃO DIGITAL, CIÊNCIA E TECNOLOGIA - ADMINISTRAÇÃO SUPERVISIONADA            ;47.01;EMPRESA MUNICIPAL DE INFORMÁTICA - EMPREL                                                           ;3;DESPESAS CORRENTES                                                                                  ;1;PESSOAL E ENCARGOS SOCIAIS                                                                          ;90  ;APLICAÇÕES DIRETAS                                                                                                                                      ;60000.0;0.0;4379308.13;4489487.53;4477319.5
2026;2;EXECUTIVO                                         ;68;SECRETARIA DE ORDEM PÚBLICA E SEGURANÇA - ADMINISTRAÇÃO SUPERVISIONADA                              ;68.02;CONVIVA MERCADOS E FEIRAS - AUTARQUIA MUNICIPAL                                                     ;3;DESPESAS CORRENTES                                                                                  ;3;OUTRAS DESPESAS CORRENTES                                                                           ;90  ;APLICAÇÕES DIRETAS                                                                                                                                      ;0.0;0.0;5344252.25;3105823.29;2872238.74
2026;2;EXECUTIVO                                         ;15;SECRETARIA DE FINANÇAS                                                                              ;15.01;SECRETARIA DE FINANÇAS - ADMINISTRAÇÃO DIRETA                                                       ;3;DESPESAS CORRENTES                                                                                  ;1;PESSOAL E ENCARGOS SOCIAIS                                                                          ;90  ;APLICAÇÕES DIRETAS                                                                                                                                      ;0.0;0.0;5995285.55;5995285.55;6001673.71
2026;3;EXECUTIVO                                         ;09;ASSESSORIA ESPECIAL DO PREFEITO DO RECIFE                                                           ;09.01;ASSESSORIA ESPECIAL DO PREFEITO DO RECIFE - ADMINISTRAÇÃO DIRETA                                    ;3;DESPESAS CORRENTES                                                                                  ;1;PESSOAL E ENCARGOS SOCIAIS                                                                          ;90  ;APLICAÇÕES DIRETAS                                                                                                                                      ;;;791165.08;791165.08;788101.51
2026;4;EXECUTIVO                                         ;59;SECRETARIA DE ASSISTÊNCIA SOCIAL E COMBATE À FOME - ADM. SUPERVISIONADA                             ;59.01;FUNDO MUNICIPAL DE ASSISTÊNCIA SOCIAL - FMAS                                                        ;3;DESPESAS CORRENTES                                                                                  ;3;OUTRAS DESPESAS CORRENTES                                                                           ;50  ;TRANSFERÊNCIAS À INSTITUIÇÕES PRIVADAS SEM FINS LUCRATIVOS                                                                                              ;-122468.71;0.0;166666.66;166666.66;0.0
2026;4;EXECUTIVO                                         ;50;SECRETARIA DE INFRAESTRUTURA - ADMINISTRAÇÃO SUPERVISIONADA                                         ;50.10;AUTARQUIA DE MANUTENÇÃO E LIMPEZA URBANA - EMLURB                                                   ;3;DESPESAS CORRENTES                                                                                  ;3;OUTRAS DESPESAS CORRENTES                                                                           ;90  ;APLICAÇÕES DIRETAS                                                                                                                                      ;21481958.0;0.0;21257405.29;43780449.73;45824083.3
2026;2;EXECUTIVO                                         ;21;SECRETARIA DE DESENVOLVIMENTO ECONÔMICO                                                             ;21.01;SECRETARIA DE DESENVOLVIMENTO ECONÔMICO - ADMINISTRAÇÃO DIRETA                                      ;3;DESPESAS CORRENTES                                                                                  ;1;PESSOAL E ENCARGOS SOCIAIS                                                                          ;90  ;APLICAÇÕES DIRETAS                                                                                                                                      ;0.0;0.0;180997.8;180997.8;180749.81
2026;2;EXECUTIVO                                         ;47;SECRETARIA DE TRANSFORMAÇÃO DIGITAL, CIÊNCIA E TECNOLOGIA - ADMINISTRAÇÃO SUPERVISIONADA            ;47.02;FUNDO MUNICIPAL DE FOMENTO AO EMPREENDEDORISMO - RECIFE ACREDITA - FMFE                             ;4;DESPESAS DE CAPITAL                                                                                 ;5;INVERSÕES FINANCEIRAS                                                                               ;90  ;APLICAÇÕES DIRETAS                                                                                                                                      ;-60000.0;0.0;;;
2026;1;EXECUTIVO                                         ;04;GABINETE DE INOVAÇÃO URBANA                                                                         ;04.01;GABINETE DE INOVAÇÃO URBANA - ADMINISTRAÇÃO DIRETA                                                  ;3;DESPESAS CORRENTES                                                                                  ;3;OUTRAS DESPESAS CORRENTES                                                                           ;90  ;APLICAÇÕES DIRETAS                                                                                                                                      ;1600000.0;1600000.0;789136.48;0.0;0.0
2026;3;EXECUTIVO                                         ;23;SECRETARIA DE SANEAMENTO                                                                            ;23.01;SECRETARIA DE SANEAMENTO - ADMINISTRAÇÃO DIRETA                                                     ;3;DESPESAS CORRENTES                                                                                  ;1;PESSOAL E ENCARGOS SOCIAIS                                                                          ;90  ;APLICAÇÕES DIRETAS                                                                                                                                      ;;;575629.88;575629.88;575492.08
2026;1;EXECUTIVO                                         ;29;SECRETARIA DE ASSISTÊNCIA SOCIAL E COMBATE À FOME                                                   ;29.01;SECRETARIA DE ASSISTÊNCIA SOCIAL E COMBATE À FOME - ADMINISTRAÇÃO DIRETA                            ;3;DESPESAS CORRENTES                                                                                  ;1;PESSOAL E ENCARGOS SOCIAIS                                                                          ;90  ;APLICAÇÕES DIRETAS                                                                                                                                      ;55600000.0;55600000.0;4226307.33;4226307.33;3436694.33
2026;4;EXECUTIVO                                         ;27;SECRETARIA DE PLANEJAMENTO E GESTÃO                                                                 ;27.01;SECRETARIA DE PLANEJAMENTO E GESTÃO - ADMINISTRAÇÃO DIRETA                                          ;3;DESPESAS CORRENTES                                                                                  ;1;PESSOAL E ENCARGOS SOCIAIS                                                                          ;90  ;APLICAÇÕES DIRETAS                                                                                                                                      ;;;0.0;0.0;230291.62
2026;3;EXECUTIVO                                         ;30;SECRETARIA DE DIREITOS HUMANOS E JUVENTUDE                                                          ;30.01;SECRETARIA DE DIREITOS HUMANOS E JUVENTUDE - ADMINISTRAÇÃO DIRETA                                   ;3;DESPESAS CORRENTES                                                                                  ;1;PESSOAL E ENCARGOS SOCIAIS                                                                          ;90  ;APLICAÇÕES DIRETAS                                                                                                                                      ;0.0;0.0;535365.69;535365.69;531078.52
2026;1;EXECUTIVO                                         ;37;SECRETARIA DE HABITAÇÃO                                                                             ;37.01;SECRETARIA DE HABITAÇÃO - ADMINISTRAÇÃO DIRETA                                                      ;4;DESPESAS DE CAPITAL                                                                                 ;4;INVESTIMENTOS                                                                                       ;90  ;APLICAÇÕES DIRETAS                                                                                                                                      ;48945000.0;48945000.0;;;
2026;2;EXECUTIVO                                         ;47;SECRETARIA DE TRANSFORMAÇÃO DIGITAL, CIÊNCIA E TECNOLOGIA - ADMINISTRAÇÃO SUPERVISIONADA            ;47.01;EMPRESA MUNICIPAL DE INFORMÁTICA - EMPREL                                                           ;4;DESPESAS DE CAPITAL                                                                                 ;6;AMORTIZAÇÃO DA DÍVIDA                                                                               ;90  ;APLICAÇÕES DIRETAS                                                                                                                                      ;;;278049.28;69512.32;34756.16
2026;3;EXECUTIVO                                         ;08;GABINETE DO CENTRO DO RECIFE                                                                        ;08.01;GABINETE DO CENTRO DO RECIFE - ADMINISTRAÇÃO DIRETA                                                 ;3;DESPESAS CORRENTES                                                                                  ;3;OUTRAS DESPESAS CORRENTES                                                                           ;90  ;APLICAÇÕES DIRETAS                                                                                                                                      ;0.0;0.0;275375.58;239242.74;239252.96
2026;3;EXECUTIVO                                         ;27;SECRETARIA DE PLANEJAMENTO E GESTÃO                                                                 ;27.01;SECRETARIA DE PLANEJAMENTO E GESTÃO - ADMINISTRAÇÃO DIRETA                                          ;3;DESPESAS CORRENTES                                                                                  ;1;PESSOAL E ENCARGOS SOCIAIS                                                                          ;90  ;APLICAÇÕES DIRETAS                                                                                                                                      ;;;1641528.1;1641528.1;1641895.04
2026;1;EXECUTIVO                                         ;48;SECRETARIA DE SAÚDE - ADMINISTRAÇÃO SUPERVISIONADA                                                  ;48.01;FUNDO MUNICIPAL DE SAÚDE - FMS                                                                      ;3;DESPESAS CORRENTES                                                                                  ;3;OUTRAS DESPESAS CORRENTES                                                                           ;50  ;TRANSFERÊNCIAS À INSTITUIÇÕES PRIVADAS SEM FINS LUCRATIVOS                                                                                              ;381614891.52;376460000.0;6390428.7;5141439.79;5141439.79
2026;3;EXECUTIVO                                         ;17;SECRETARIA DE TRANSFORMAÇÃO DIGITAL, CIÊNCIA E TECNOLOGIA                                           ;17.01;SECRETARIA DE TRANSFORMAÇÃO DIGITAL, CIÊNCIA E TECNOLOGIA - ADM. DIRETA                             ;3;DESPESAS CORRENTES                                                                                  ;1;PESSOAL E ENCARGOS SOCIAIS                                                                          ;90  ;APLICAÇÕES DIRETAS                                                                                                                                      ;0.0;0.0;338536.93;338536.93;338424.95
2026;1;EXECUTIVO                                         ;80;ENCARGOS GERAIS DO MUNICÍPIO                                                                        ;80.01;RECURSOS SOB A GESTÃO DA SECRETARIA DE FINANÇAS                                                     ;4;DESPESAS DE CAPITAL                                                                                 ;6;AMORTIZAÇÃO DA DÍVIDA                                                                               ;91  ;APLICAÇÃO DIRETA DECORRENTE DE OPERAÇÃO ENTRE ÓRGÃOS, FUNDOS E ENTIDADES INTEGRANTES DOS ORÇAMENTOS FISCAL E DE SEGURIDADE SOCIAL                       ;0.0;15000000.0;;;
2026;3;EXECUTIVO                                         ;34;SECRETARIA DE DESENVOLVIMENTO URBANO E LICENCIAMENTO                                                ;34.01;SECRETARIA DE DESENVOLVIMENTO URBANO E LICENCIAMENTO	 - ADMINISTRAÇÃO DIRETA                        ;3;DESPESAS CORRENTES                                                                                  ;1;PESSOAL E ENCARGOS SOCIAIS                                                                          ;90  ;APLICAÇÕES DIRETAS                                                                                                                                      ;-3254000.0;0.0;5775268.89;5775268.89;5792102.94
2026;2;EXECUTIVO                                         ;59;SECRETARIA DE ASSISTÊNCIA SOCIAL E COMBATE À FOME - ADM. SUPERVISIONADA                             ;59.01;FUNDO MUNICIPAL DE ASSISTÊNCIA SOCIAL - FMAS                                                        ;4;DESPESAS DE CAPITAL                                                                                 ;4;INVESTIMENTOS                                                                                       ;90  ;APLICAÇÕES DIRETAS                                                                                                                                      ;2112208.44;0.0;1380699.01;0.0;0.0
2026;4;EXECUTIVO                                         ;62;SECRETARIA DE CULTURA - ADMINISTRAÇÃO SUPERVISIONADA                                                ;62.01;FUNDAÇÃO DE CULTURA CIDADE DO RECIFE - FCCR                                                         ;3;DESPESAS CORRENTES                                                                                  ;1;PESSOAL E ENCARGOS SOCIAIS                                                                          ;90  ;APLICAÇÕES DIRETAS                                                                                                                                      ;;;-11804.59;1359765.9;2453973.5
2026;1;EXECUTIVO                                         ;23;SECRETARIA DE SANEAMENTO                                                                            ;23.01;SECRETARIA DE SANEAMENTO - ADMINISTRAÇÃO DIRETA                                                     ;3;DESPESAS CORRENTES                                                                                  ;3;OUTRAS DESPESAS CORRENTES                                                                           ;90  ;APLICAÇÕES DIRETAS                                                                                                                                      ;2680000.0;2680000.0;1962400.0;0.0;0.0
2026;2;EXECUTIVO                                         ;11;SECRETARIA DE ESPORTES                                                                              ;11.01;SECRETARIA DE ESPORTES - ADMINISTRAÇÃO DIRETA                                                       ;4;DESPESAS DE CAPITAL                                                                                 ;4;INVESTIMENTOS                                                                                       ;90  ;APLICAÇÕES DIRETAS                                                                                                                                      ;1563063.53;0.0;1436372.53;15276.0;15276.0
2026;4;EXECUTIVO                                         ;14;SECRETARIA DE EDUCAÇÃO                                                                              ;14.01;SECRETARIA DE EDUCAÇÃO - ADMINISTRAÇÃO DIRETA                                                       ;3;DESPESAS CORRENTES                                                                                  ;1;PESSOAL E ENCARGOS SOCIAIS                                                                          ;90  ;APLICAÇÕES DIRETAS                                                                                                                                      ;98876464.04;0.0;67757761.23;67757761.23;75410491.39
2026;4;EXECUTIVO                                         ;23;SECRETARIA DE SANEAMENTO                                                                            ;23.01;SECRETARIA DE SANEAMENTO - ADMINISTRAÇÃO DIRETA                                                     ;3;DESPESAS CORRENTES                                                                                  ;1;PESSOAL E ENCARGOS SOCIAIS                                                                          ;90  ;APLICAÇÕES DIRETAS                                                                                                                                      ;;;0.0;0.0;65868.0
2026;4;EXECUTIVO                                         ;13;PROCURADORIA GERAL DO MUNICÍPIO                                                                     ;13.01;PROCURADORIA GERAL DO MUNICÍPIO - ADMINISTRAÇÃO DIRETA                                              ;3;DESPESAS CORRENTES                                                                                  ;3;OUTRAS DESPESAS CORRENTES                                                                           ;90  ;APLICAÇÕES DIRETAS                                                                                                                                      ;0.0;0.0;63456.96;67491.19;70604.19
2026;1;EXECUTIVO                                         ;60;SECRETARIA DE DIREITOS HUMANOS E JUVENTUDE - ADMINISTRAÇÃO SUPERVISIONADA                           ;60.04;FUNDO MUNICIPAL DE JUVENTUDE - FMJ                                                                  ;3;DESPESAS CORRENTES                                                                                  ;3;OUTRAS DESPESAS CORRENTES                                                                           ;90  ;APLICAÇÕES DIRETAS                                                                                                                                      ;30000.0;30000.0;;;
2026;1;EXECUTIVO                                         ;80;ENCARGOS GERAIS DO MUNICÍPIO                                                                        ;80.01;RECURSOS SOB A GESTÃO DA SECRETARIA DE FINANÇAS                                                     ;3;DESPESAS CORRENTES                                                                                  ;2;JUROS E ENCARGOS DA DÍVIDA                                                                          ;91  ;APLICAÇÃO DIRETA DECORRENTE DE OPERAÇÃO ENTRE ÓRGÃOS, FUNDOS E ENTIDADES INTEGRANTES DOS ORÇAMENTOS FISCAL E DE SEGURIDADE SOCIAL                       ;0.0;15000000.0;;;
2026;3;EXECUTIVO                                         ;20;SECRETARIA DE INFRAESTRUTURA                                                                        ;20.01;SECRETARIA DE INFRAESTRUTURA - ADMINISTRAÇÃO DIRETA                                                 ;4;DESPESAS DE CAPITAL                                                                                 ;4;INVESTIMENTOS                                                                                       ;90  ;APLICAÇÕES DIRETAS                                                                                                                                      ;50509.8;0.0;51223.66;50509.8;50509.8
2026;3;EXECUTIVO                                         ;50;SECRETARIA DE INFRAESTRUTURA - ADMINISTRAÇÃO SUPERVISIONADA                                         ;50.08;FUNDO MUNICIPAL DO PREZEIS                                                                          ;3;DESPESAS CORRENTES                                                                                  ;3;OUTRAS DESPESAS CORRENTES                                                                           ;90  ;APLICAÇÕES DIRETAS                                                                                                                                      ;;;22200.0;74050.0;75450.0
2026;4;EXECUTIVO                                         ;62;SECRETARIA DE CULTURA - ADMINISTRAÇÃO SUPERVISIONADA                                                ;62.02;FUNDO DE INCENTIVO À CULTURA - FIC                                                                  ;3;DESPESAS CORRENTES                                                                                  ;3;OUTRAS DESPESAS CORRENTES                                                                           ;60  ;TRANSFERÊNCIAS À INSTITUIÇÕES PRIVADAS COM FINS LUCRATIVOS                                                                                              ;;;535122.5;550122.5;563022.5
2026;4;EXECUTIVO                                         ;48;SECRETARIA DE SAÚDE - ADMINISTRAÇÃO SUPERVISIONADA                                                  ;48.01;FUNDO MUNICIPAL DE SAÚDE - FMS                                                                      ;3;DESPESAS CORRENTES                                                                                  ;3;OUTRAS DESPESAS CORRENTES                                                                           ;50  ;TRANSFERÊNCIAS À INSTITUIÇÕES PRIVADAS SEM FINS LUCRATIVOS                                                                                              ;-9709685.34;0.0;2025410.61;42822341.85;44047008.68
2026;1;EXECUTIVO                                         ;61;SECRETARIA DE ADMINISTRAÇÃO - ADMINISTRAÇÃO SUPERVISIONADA                                          ;61.01;AUTARQUIA MUNICIPAL DE PREVIDÊNCIA E ASSISTÊNCIA À SAÚDE DOS SERVIDORES                             ;3;DESPESAS CORRENTES                                                                                  ;1;PESSOAL E ENCARGOS SOCIAIS                                                                          ;91  ;APLICAÇÃO DIRETA DECORRENTE DE OPERAÇÃO ENTRE ÓRGÃOS, FUNDOS E ENTIDADES INTEGRANTES DOS ORÇAMENTOS FISCAL E DE SEGURIDADE SOCIAL                       ;10000.0;10000.0;;;
2026;4;EXECUTIVO                                         ;15;SECRETARIA DE FINANÇAS                                                                              ;15.01;SECRETARIA DE FINANÇAS - ADMINISTRAÇÃO DIRETA                                                       ;3;DESPESAS CORRENTES                                                                                  ;3;OUTRAS DESPESAS CORRENTES                                                                           ;90  ;APLICAÇÕES DIRETAS                                                                                                                                      ;0.0;0.0;540939.54;1380870.37;1369578.62
2026;1;EXECUTIVO                                         ;29;SECRETARIA DE ASSISTÊNCIA SOCIAL E COMBATE À FOME                                                   ;29.01;SECRETARIA DE ASSISTÊNCIA SOCIAL E COMBATE À FOME - ADMINISTRAÇÃO DIRETA                            ;3;DESPESAS CORRENTES                                                                                  ;3;OUTRAS DESPESAS CORRENTES                                                                           ;90  ;APLICAÇÕES DIRETAS                                                                                                                                      ;5870000.0;3680000.0;13435.91;0.0;0.0
2026;2;EXECUTIVO                                         ;50;SECRETARIA DE INFRAESTRUTURA - ADMINISTRAÇÃO SUPERVISIONADA                                         ;50.11;AUTARQUIA DE URBANIZAÇÃO DO RECIFE - URB RECIFE                                                     ;4;DESPESAS DE CAPITAL                                                                                 ;6;AMORTIZAÇÃO DA DÍVIDA                                                                               ;90  ;APLICAÇÕES DIRETAS                                                                                                                                      ;-303000.0;0.0;2943593.79;400725.14;89015.01
2026;4;EXECUTIVO                                         ;50;SECRETARIA DE INFRAESTRUTURA - ADMINISTRAÇÃO SUPERVISIONADA                                         ;50.10;AUTARQUIA DE MANUTENÇÃO E LIMPEZA URBANA - EMLURB                                                   ;3;DESPESAS CORRENTES                                                                                  ;1;PESSOAL E ENCARGOS SOCIAIS                                                                          ;90  ;APLICAÇÕES DIRETAS                                                                                                                                      ;3000000.0;0.0;7178322.58;8384733.56;4479827.84
2026;4;EXECUTIVO                                         ;19;SECRETARIA DO TRABALHO E QUALIFICAÇÃO PROFISSIONAL                                                  ;19.01;SECRETARIA DO TRABALHO E QUALIFICAÇÃO PROFISSIONAL - ADMINISTRAÇÃO DIRETA                           ;4;DESPESAS DE CAPITAL                                                                                 ;4;INVESTIMENTOS                                                                                       ;90  ;APLICAÇÕES DIRETAS                                                                                                                                      ;;;1850.0;0.0;0.0
2026;4;EXECUTIVO                                         ;05;SECRETARIA DE RELAÇÕES INSTITUCIONAIS                                                               ;05.01;SECRETARIA DE RELAÇÕES INSTITUCIONAIS - ADMINISTRAÇÃO DIRETA                                        ;3;DESPESAS CORRENTES                                                                                  ;3;OUTRAS DESPESAS CORRENTES                                                                           ;90  ;APLICAÇÕES DIRETAS                                                                                                                                      ;0.0;0.0;19602.0;52911.27;52911.27
2026;4;EXECUTIVO                                         ;64;SECRETARIA DE DESENVOLVIMENTO URBANO E LICENCIAMENTO - ADMINISTRAÇÃO SUPERVISIONADA                 ;64.01;FUNDO MUNICIPAL DE MEIO AMBIENTE - FMMA                                                             ;4;DESPESAS DE CAPITAL                                                                                 ;4;INVESTIMENTOS                                                                                       ;90  ;APLICAÇÕES DIRETAS                                                                                                                                      ;102000.0;0.0;102000.0;148813.69;148813.69
2026;1;EXECUTIVO                                         ;80;ENCARGOS GERAIS DO MUNICÍPIO                                                                        ;80.02;RECURSOS SOB A GESTÃO DA PROCURADORIA GERAL DO MUNÍCIPIO                                            ;3;DESPESAS CORRENTES                                                                                  ;3;OUTRAS DESPESAS CORRENTES                                                                           ;90  ;APLICAÇÕES DIRETAS                                                                                                                                      ;21775000.0;15000000.0;203343.7;203343.7;203343.7
2026;4;EXECUTIVO                                         ;23;SECRETARIA DE SANEAMENTO                                                                            ;23.01;SECRETARIA DE SANEAMENTO - ADMINISTRAÇÃO DIRETA                                                     ;4;DESPESAS DE CAPITAL                                                                                 ;4;INVESTIMENTOS                                                                                       ;90  ;APLICAÇÕES DIRETAS                                                                                                                                      ;1592155.32;0.0;2446428.51;2713670.32;2967046.43
2026;3;EXECUTIVO                                         ;07;GABINETE DE PROTEÇÃO E DEFESA DOS ANIMAIS                                                           ;07.01;GABINETE DE PROTEÇÃO E DEFESA DOS ANIMAIS - ADMINISTRAÇÃO DIRETA                                    ;3;DESPESAS CORRENTES                                                                                  ;3;OUTRAS DESPESAS CORRENTES                                                                           ;90  ;APLICAÇÕES DIRETAS                                                                                                                                      ;1290000.0;0.0;777241.82;182384.52;182384.52
2026;2;EXECUTIVO                                         ;29;SECRETARIA DE ASSISTÊNCIA SOCIAL E COMBATE À FOME                                                   ;29.01;SECRETARIA DE ASSISTÊNCIA SOCIAL E COMBATE À FOME - ADMINISTRAÇÃO DIRETA                            ;3;DESPESAS CORRENTES                                                                                  ;3;OUTRAS DESPESAS CORRENTES                                                                           ;90  ;APLICAÇÕES DIRETAS                                                                                                                                      ;30000.0;0.0;692866.25;135627.95;130787.2
2026;4;EXECUTIVO                                         ;14;SECRETARIA DE EDUCAÇÃO                                                                              ;14.01;SECRETARIA DE EDUCAÇÃO - ADMINISTRAÇÃO DIRETA                                                       ;3;DESPESAS CORRENTES                                                                                  ;1;PESSOAL E ENCARGOS SOCIAIS                                                                          ;91  ;APLICAÇÃO DIRETA DECORRENTE DE OPERAÇÃO ENTRE ÓRGÃOS, FUNDOS E ENTIDADES INTEGRANTES DOS ORÇAMENTOS FISCAL E DE SEGURIDADE SOCIAL                       ;0.0;0.0;7832875.0;7832875.0;7832875.0
2026;3;EXECUTIVO                                         ;50;SECRETARIA DE INFRAESTRUTURA - ADMINISTRAÇÃO SUPERVISIONADA                                         ;50.10;AUTARQUIA DE MANUTENÇÃO E LIMPEZA URBANA - EMLURB                                                   ;3;DESPESAS CORRENTES                                                                                  ;1;PESSOAL E ENCARGOS SOCIAIS                                                                          ;91  ;APLICAÇÃO DIRETA DECORRENTE DE OPERAÇÃO ENTRE ÓRGÃOS, FUNDOS E ENTIDADES INTEGRANTES DOS ORÇAMENTOS FISCAL E DE SEGURIDADE SOCIAL                       ;110000.0;0.0;9357.33;9357.33;9357.33
2026;3;EXECUTIVO                                         ;61;SECRETARIA DE ADMINISTRAÇÃO - ADMINISTRAÇÃO SUPERVISIONADA                                          ;61.01;AUTARQUIA MUNICIPAL DE PREVIDÊNCIA E ASSISTÊNCIA À SAÚDE DOS SERVIDORES                             ;3;DESPESAS CORRENTES                                                                                  ;1;PESSOAL E ENCARGOS SOCIAIS                                                                          ;91  ;APLICAÇÃO DIRETA DECORRENTE DE OPERAÇÃO ENTRE ÓRGÃOS, FUNDOS E ENTIDADES INTEGRANTES DOS ORÇAMENTOS FISCAL E DE SEGURIDADE SOCIAL                       ;;;0.0;1971.14;1971.14
2026;2;EXECUTIVO                                         ;25;SECRETARIA DE ARTICULAÇÃO POLÍTICA E SOCIAL                                                         ;25.01;SECRETARIA DE ARTICULAÇÃO POLÍTICA E SOCIAL - ADMINISTRAÇÃO DIRETA                                  ;3;DESPESAS CORRENTES                                                                                  ;3;OUTRAS DESPESAS CORRENTES                                                                           ;90  ;APLICAÇÕES DIRETAS                                                                                                                                      ;-35821352.73;0.0;520310.84;2718146.02;2731917.62
2026;3;EXECUTIVO                                         ;59;SECRETARIA DE ASSISTÊNCIA SOCIAL E COMBATE À FOME - ADM. SUPERVISIONADA                             ;59.01;FUNDO MUNICIPAL DE ASSISTÊNCIA SOCIAL - FMAS                                                        ;4;DESPESAS DE CAPITAL                                                                                 ;4;INVESTIMENTOS                                                                                       ;90  ;APLICAÇÕES DIRETAS                                                                                                                                      ;952008.6;0.0;710496.21;322808.43;317506.83
2026;4;EXECUTIVO                                         ;27;SECRETARIA DE PLANEJAMENTO E GESTÃO                                                                 ;27.01;SECRETARIA DE PLANEJAMENTO E GESTÃO - ADMINISTRAÇÃO DIRETA                                          ;3;DESPESAS CORRENTES                                                                                  ;3;OUTRAS DESPESAS CORRENTES                                                                           ;50  ;TRANSFERÊNCIAS À INSTITUIÇÕES PRIVADAS SEM FINS LUCRATIVOS                                                                                              ;;;203731.14;0.0;0.0
2026;4;EXECUTIVO                                         ;37;SECRETARIA DE HABITAÇÃO                                                                             ;37.01;SECRETARIA DE HABITAÇÃO - ADMINISTRAÇÃO DIRETA                                                      ;3;DESPESAS CORRENTES                                                                                  ;1;PESSOAL E ENCARGOS SOCIAIS                                                                          ;90  ;APLICAÇÕES DIRETAS                                                                                                                                      ;;;0.0;0.0;26042.1
2026;2;EXECUTIVO                                         ;26;SECRETARIA DE PROJETOS ESPECIAIS                                                                    ;26.01;SECRETARIA DE PROJETOS ESPECIAIS - ADMINISTRAÇÃO DIRETA                                             ;3;DESPESAS CORRENTES                                                                                  ;3;OUTRAS DESPESAS CORRENTES                                                                           ;90  ;APLICAÇÕES DIRETAS                                                                                                                                      ;0.0;0.0;40571.19;215856.6;178725.71
2026;2;EXECUTIVO                                         ;29;SECRETARIA DE ASSISTÊNCIA SOCIAL E COMBATE À FOME                                                   ;29.01;SECRETARIA DE ASSISTÊNCIA SOCIAL E COMBATE À FOME - ADMINISTRAÇÃO DIRETA                            ;3;DESPESAS CORRENTES                                                                                  ;1;PESSOAL E ENCARGOS SOCIAIS                                                                          ;90  ;APLICAÇÕES DIRETAS                                                                                                                                      ;0.0;0.0;4002464.48;4002464.48;3984015.14
2026;4;EXECUTIVO                                         ;30;SECRETARIA DE DIREITOS HUMANOS E JUVENTUDE                                                          ;30.01;SECRETARIA DE DIREITOS HUMANOS E JUVENTUDE - ADMINISTRAÇÃO DIRETA                                   ;3;DESPESAS CORRENTES                                                                                  ;1;PESSOAL E ENCARGOS SOCIAIS                                                                          ;90  ;APLICAÇÕES DIRETAS                                                                                                                                      ;;;0.0;0.0;83255.24
2026;4;EXECUTIVO                                         ;16;GABINETE DE COMUNICAÇÃO                                                                             ;16.01;GABINETE DE COMUNICAÇÃO - ADMINISTRAÇÃO DIRETA                                                      ;3;DESPESAS CORRENTES                                                                                  ;3;OUTRAS DESPESAS CORRENTES                                                                           ;90  ;APLICAÇÕES DIRETAS                                                                                                                                      ;0.0;0.0;39339.66;71794.96;75671.2
2026;2;EXECUTIVO                                         ;62;SECRETARIA DE CULTURA - ADMINISTRAÇÃO SUPERVISIONADA                                                ;62.01;FUNDAÇÃO DE CULTURA CIDADE DO RECIFE - FCCR                                                         ;3;DESPESAS CORRENTES                                                                                  ;1;PESSOAL E ENCARGOS SOCIAIS                                                                          ;91  ;APLICAÇÃO DIRETA DECORRENTE DE OPERAÇÃO ENTRE ÓRGÃOS, FUNDOS E ENTIDADES INTEGRANTES DOS ORÇAMENTOS FISCAL E DE SEGURIDADE SOCIAL                       ;0.0;0.0;900000.0;179148.91;179148.91
2026;4;EXECUTIVO                                         ;04;GABINETE DE INOVAÇÃO URBANA                                                                         ;04.01;GABINETE DE INOVAÇÃO URBANA - ADMINISTRAÇÃO DIRETA                                                  ;3;DESPESAS CORRENTES                                                                                  ;3;OUTRAS DESPESAS CORRENTES                                                                           ;90  ;APLICAÇÕES DIRETAS                                                                                                                                      ;-120602.28;0.0;52873.07;401543.93;401543.93
2026;1;EXECUTIVO                                         ;13;PROCURADORIA GERAL DO MUNICÍPIO                                                                     ;13.01;PROCURADORIA GERAL DO MUNICÍPIO - ADMINISTRAÇÃO DIRETA                                              ;3;DESPESAS CORRENTES                                                                                  ;3;OUTRAS DESPESAS CORRENTES                                                                           ;90  ;APLICAÇÕES DIRETAS                                                                                                                                      ;4440000.0;4440000.0;3816313.36;714763.94;709882.74
2026;3;EXECUTIVO                                         ;14;SECRETARIA DE EDUCAÇÃO                                                                              ;14.01;SECRETARIA DE EDUCAÇÃO - ADMINISTRAÇÃO DIRETA                                                       ;3;DESPESAS CORRENTES                                                                                  ;1;PESSOAL E ENCARGOS SOCIAIS                                                                          ;91  ;APLICAÇÃO DIRETA DECORRENTE DE OPERAÇÃO ENTRE ÓRGÃOS, FUNDOS E ENTIDADES INTEGRANTES DOS ORÇAMENTOS FISCAL E DE SEGURIDADE SOCIAL                       ;;;1375154.76;7851234.22;7851234.22
2026;3;EXECUTIVO                                         ;22;SECRETARIA DA MULHER                                                                                ;22.01;SECRETARIA DA MULHER - ADMINISTRAÇÃO DIRETA                                                         ;3;DESPESAS CORRENTES                                                                                  ;1;PESSOAL E ENCARGOS SOCIAIS                                                                          ;90  ;APLICAÇÕES DIRETAS                                                                                                                                      ;;;385378.51;385378.51;388489.82
2026;1;EXECUTIVO                                         ;32;SECRETARIA DE CULTURA                                                                               ;32.01;SECRETARIA DE CULTURA - ADMINISTRAÇÃO DIRETA                                                        ;3;DESPESAS CORRENTES                                                                                  ;3;OUTRAS DESPESAS CORRENTES                                                                           ;90  ;APLICAÇÕES DIRETAS                                                                                                                                      ;610000.0;610000.0;31554.98;31554.98;31554.98
2026;3;EXECUTIVO                                         ;03;GAB. DE GERENC. DO PROG. DE REQUALIF. E RESILÊNCIA URB. EM ÁREAS DE VULNERABILIDADE SOCIOAMB.-PROMOR;03.01;GAB. DE GER. DO PROG. REQUALIF. E RESILIÊNCIA URB. EM ÁREAS DE VULNER. SOCIOAMB.-PROMORAR RECIFE - A;4;DESPESAS DE CAPITAL                                                                                 ;4;INVESTIMENTOS                                                                                       ;50  ;TRANSFERÊNCIAS À INSTITUIÇÕES PRIVADAS SEM FINS LUCRATIVOS                                                                                              ;100000.0;0.0;7250.0;7250.0;7250.0
2026;2;EXECUTIVO                                         ;26;SECRETARIA DE PROJETOS ESPECIAIS                                                                    ;26.01;SECRETARIA DE PROJETOS ESPECIAIS - ADMINISTRAÇÃO DIRETA                                             ;3;DESPESAS CORRENTES                                                                                  ;1;PESSOAL E ENCARGOS SOCIAIS                                                                          ;90  ;APLICAÇÕES DIRETAS                                                                                                                                      ;0.0;0.0;805942.13;805942.13;806525.17
2026;1;EXECUTIVO                                         ;38;SECRETARIA DE ORDEM PÚBLICA E SEGURANÇA                                                             ;38.01;SECRETARIA DE ORDEM PÚBLICA E SEGURANÇA - ADMINISTRAÇÃO DIRETA                                      ;4;DESPESAS DE CAPITAL                                                                                 ;4;INVESTIMENTOS                                                                                       ;90  ;APLICAÇÕES DIRETAS                                                                                                                                      ;30077500.0;28740000.0;1337500.0;0.0;0.0
2026;4;EXECUTIVO                                         ;68;SECRETARIA DE ORDEM PÚBLICA E SEGURANÇA - ADMINISTRAÇÃO SUPERVISIONADA                              ;68.01;AUTARQUIA DE TRÂNSITO E TRANSPORTE URBANO DO RECIFE - CTTU                                          ;3;DESPESAS CORRENTES                                                                                  ;3;OUTRAS DESPESAS CORRENTES                                                                           ;90  ;APLICAÇÕES DIRETAS                                                                                                                                      ;-30823.2;0.0;1407554.73;6615424.09;5134924.44
2026;3;EXECUTIVO                                         ;62;SECRETARIA DE CULTURA - ADMINISTRAÇÃO SUPERVISIONADA                                                ;62.01;FUNDAÇÃO DE CULTURA CIDADE DO RECIFE - FCCR                                                         ;3;DESPESAS CORRENTES                                                                                  ;3;OUTRAS DESPESAS CORRENTES                                                                           ;90  ;APLICAÇÕES DIRETAS                                                                                                                                      ;8000000.0;0.0;6800867.99;65256030.43;27188919.95
2026;1;EXECUTIVO                                         ;68;SECRETARIA DE ORDEM PÚBLICA E SEGURANÇA - ADMINISTRAÇÃO SUPERVISIONADA                              ;68.01;AUTARQUIA DE TRÂNSITO E TRANSPORTE URBANO DO RECIFE - CTTU                                          ;3;DESPESAS CORRENTES                                                                                  ;3;OUTRAS DESPESAS CORRENTES                                                                           ;91  ;APLICAÇÃO DIRETA DECORRENTE DE OPERAÇÃO ENTRE ÓRGÃOS, FUNDOS E ENTIDADES INTEGRANTES DOS ORÇAMENTOS FISCAL E DE SEGURIDADE SOCIAL                       ;120000.0;0.0;120000.0;0.0;0.0
2026;3;EXECUTIVO                                         ;61;SECRETARIA DE ADMINISTRAÇÃO - ADMINISTRAÇÃO SUPERVISIONADA                                          ;61.03;FUNDO FINANCEIRO - RECIFIN                                                                          ;3;DESPESAS CORRENTES                                                                                  ;3;OUTRAS DESPESAS CORRENTES                                                                           ;91  ;APLICAÇÃO DIRETA DECORRENTE DE OPERAÇÃO ENTRE ÓRGÃOS, FUNDOS E ENTIDADES INTEGRANTES DOS ORÇAMENTOS FISCAL E DE SEGURIDADE SOCIAL                       ;;;1046427.02;1046427.02;1046427.02
2026;3;EXECUTIVO                                         ;59;SECRETARIA DE ASSISTÊNCIA SOCIAL E COMBATE À FOME - ADM. SUPERVISIONADA                             ;59.01;FUNDO MUNICIPAL DE ASSISTÊNCIA SOCIAL - FMAS                                                        ;3;DESPESAS CORRENTES                                                                                  ;3;OUTRAS DESPESAS CORRENTES                                                                           ;90  ;APLICAÇÕES DIRETAS                                                                                                                                      ;2675288.85;0.0;14448092.24;11955949.19;10605073.68
2026;2;EXECUTIVO                                         ;50;SECRETARIA DE INFRAESTRUTURA - ADMINISTRAÇÃO SUPERVISIONADA                                         ;50.10;AUTARQUIA DE MANUTENÇÃO E LIMPEZA URBANA - EMLURB                                                   ;3;DESPESAS CORRENTES                                                                                  ;1;PESSOAL E ENCARGOS SOCIAIS                                                                          ;90  ;APLICAÇÕES DIRETAS                                                                                                                                      ;0.0;0.0;24301068.39;8744840.56;7816731.07
2026;2;EXECUTIVO                                         ;31;SECRETARIA DE ADMINISTRAÇÃO                                                                         ;31.01;SECRETARIA DE ADMINISTRAÇÃO - ADMINISTRAÇÃO DIRETA                                                  ;3;DESPESAS CORRENTES                                                                                  ;1;PESSOAL E ENCARGOS SOCIAIS                                                                          ;90  ;APLICAÇÕES DIRETAS                                                                                                                                      ;0.0;0.0;2541351.73;2541351.73;2538341.91
2026;1;EXECUTIVO                                         ;56;SECRETARIA DE PROJETOS ESPECIAIS	 - ADMINISTRAÇÃO SUPERVISIONADA                                    ;56.01;FUNDO MUNI. DE INVEST EM INFRA URBANA EDUC. SAÚDE MEIO AMB. SUSTENTABILIDADE SEG. E DESENV. SOCIAL  ;4;DESPESAS DE CAPITAL                                                                                 ;4;INVESTIMENTOS                                                                                       ;90  ;APLICAÇÕES DIRETAS                                                                                                                                      ;20000.0;20000.0;;;
2026;3;EXECUTIVO                                         ;62;SECRETARIA DE CULTURA - ADMINISTRAÇÃO SUPERVISIONADA                                                ;62.02;FUNDO DE INCENTIVO À CULTURA - FIC                                                                  ;3;DESPESAS CORRENTES                                                                                  ;3;OUTRAS DESPESAS CORRENTES                                                                           ;50  ;TRANSFERÊNCIAS À INSTITUIÇÕES PRIVADAS SEM FINS LUCRATIVOS                                                                                              ;;;65000.0;115000.0;115000.0
2026;1;EXECUTIVO                                         ;03;GAB. DE GERENC. DO PROG. DE REQUALIF. E RESILÊNCIA URB. EM ÁREAS DE VULNERABILIDADE SOCIOAMB.-PROMOR;03.01;GAB. DE GER. DO PROG. REQUALIF. E RESILIÊNCIA URB. EM ÁREAS DE VULNER. SOCIOAMB.-PROMORAR RECIFE - A;4;DESPESAS DE CAPITAL                                                                                 ;4;INVESTIMENTOS                                                                                       ;50  ;TRANSFERÊNCIAS À INSTITUIÇÕES PRIVADAS SEM FINS LUCRATIVOS                                                                                              ;40455.73;0.0;;;
2026;3;EXECUTIVO                                         ;47;SECRETARIA DE TRANSFORMAÇÃO DIGITAL, CIÊNCIA E TECNOLOGIA - ADMINISTRAÇÃO SUPERVISIONADA            ;47.01;EMPRESA MUNICIPAL DE INFORMÁTICA - EMPREL                                                           ;4;DESPESAS DE CAPITAL                                                                                 ;6;AMORTIZAÇÃO DA DÍVIDA                                                                               ;90  ;APLICAÇÕES DIRETAS                                                                                                                                      ;;;0.0;34756.16;34756.16
2026;2;EXECUTIVO                                         ;68;SECRETARIA DE ORDEM PÚBLICA E SEGURANÇA - ADMINISTRAÇÃO SUPERVISIONADA                              ;68.01;AUTARQUIA DE TRÂNSITO E TRANSPORTE URBANO DO RECIFE - CTTU                                          ;3;DESPESAS CORRENTES                                                                                  ;3;OUTRAS DESPESAS CORRENTES                                                                           ;90  ;APLICAÇÕES DIRETAS                                                                                                                                      ;-651106.27;0.0;39703626.69;2699697.67;1766373.3
2026;1;EXECUTIVO                                         ;24;CONTROLADORIA GERAL DO MUNICÍPIO                                                                    ;24.01;CONTROLADORIA GERAL DO MUNICÍPIO - ADMINISTRAÇÃO DIRETA                                             ;3;DESPESAS CORRENTES                                                                                  ;1;PESSOAL E ENCARGOS SOCIAIS                                                                          ;90  ;APLICAÇÕES DIRETAS                                                                                                                                      ;13870000.0;13870000.0;1059054.22;1059054.22;885842.85
2026;1;EXECUTIVO                                         ;62;SECRETARIA DE CULTURA - ADMINISTRAÇÃO SUPERVISIONADA                                                ;62.02;FUNDO DE INCENTIVO À CULTURA - FIC                                                                  ;3;DESPESAS CORRENTES                                                                                  ;3;OUTRAS DESPESAS CORRENTES                                                                           ;50  ;TRANSFERÊNCIAS À INSTITUIÇÕES PRIVADAS SEM FINS LUCRATIVOS                                                                                              ;691000.0;0.0;56840.0;0.0;0.0
2026;4;EXECUTIVO                                         ;11;SECRETARIA DE ESPORTES                                                                              ;11.01;SECRETARIA DE ESPORTES - ADMINISTRAÇÃO DIRETA                                                       ;3;DESPESAS CORRENTES                                                                                  ;1;PESSOAL E ENCARGOS SOCIAIS                                                                          ;90  ;APLICAÇÕES DIRETAS                                                                                                                                      ;;;0.0;0.0;57349.28
2026;3;EXECUTIVO                                         ;24;CONTROLADORIA GERAL DO MUNICÍPIO                                                                    ;24.01;CONTROLADORIA GERAL DO MUNICÍPIO - ADMINISTRAÇÃO DIRETA                                             ;3;DESPESAS CORRENTES                                                                                  ;3;OUTRAS DESPESAS CORRENTES                                                                           ;90  ;APLICAÇÕES DIRETAS                                                                                                                                      ;0.0;0.0;-62214.1;132185.29;204647.08
2026;3;EXECUTIVO                                         ;19;SECRETARIA DO TRABALHO E QUALIFICAÇÃO PROFISSIONAL                                                  ;19.01;SECRETARIA DO TRABALHO E QUALIFICAÇÃO PROFISSIONAL - ADMINISTRAÇÃO DIRETA                           ;4;DESPESAS DE CAPITAL                                                                                 ;4;INVESTIMENTOS                                                                                       ;90  ;APLICAÇÕES DIRETAS                                                                                                                                      ;58909.85;0.0;;;
2026;4;EXECUTIVO                                         ;50;SECRETARIA DE INFRAESTRUTURA - ADMINISTRAÇÃO SUPERVISIONADA                                         ;50.10;AUTARQUIA DE MANUTENÇÃO E LIMPEZA URBANA - EMLURB                                                   ;3;DESPESAS CORRENTES                                                                                  ;1;PESSOAL E ENCARGOS SOCIAIS                                                                          ;91  ;APLICAÇÃO DIRETA DECORRENTE DE OPERAÇÃO ENTRE ÓRGÃOS, FUNDOS E ENTIDADES INTEGRANTES DOS ORÇAMENTOS FISCAL E DE SEGURIDADE SOCIAL                       ;;;9089.17;9089.17;9089.17
2026;2;EXECUTIVO                                         ;50;SECRETARIA DE INFRAESTRUTURA - ADMINISTRAÇÃO SUPERVISIONADA                                         ;50.11;AUTARQUIA DE URBANIZAÇÃO DO RECIFE - URB RECIFE                                                     ;4;DESPESAS DE CAPITAL                                                                                 ;4;INVESTIMENTOS                                                                                       ;90  ;APLICAÇÕES DIRETAS                                                                                                                                      ;-26420576.26;0.0;7973828.94;1207247.8;443233.32
2026;4;EXECUTIVO                                         ;39;SECRETARIA DE MEIO AMBIENTE                                                                         ;39.01;SECRETARIA DE MEIO AMBIENTE - ADMINISTRAÇÃO DIRETA                                                  ;3;DESPESAS CORRENTES                                                                                  ;1;PESSOAL E ENCARGOS SOCIAIS                                                                          ;90  ;APLICAÇÕES DIRETAS                                                                                                                                      ;;;0.0;0.0;77126.1
2026;4;EXECUTIVO                                         ;47;SECRETARIA DE TRANSFORMAÇÃO DIGITAL, CIÊNCIA E TECNOLOGIA - ADMINISTRAÇÃO SUPERVISIONADA            ;47.01;EMPRESA MUNICIPAL DE INFORMÁTICA - EMPREL                                                           ;3;DESPESAS CORRENTES                                                                                  ;2;JUROS E ENCARGOS DA DÍVIDA                                                                          ;90  ;APLICAÇÕES DIRETAS                                                                                                                                      ;;;0.0;24989.68;24989.68
2026;1;EXECUTIVO                                         ;30;SECRETARIA DE DIREITOS HUMANOS E JUVENTUDE                                                          ;30.01;SECRETARIA DE DIREITOS HUMANOS E JUVENTUDE - ADMINISTRAÇÃO DIRETA                                   ;3;DESPESAS CORRENTES                                                                                  ;3;OUTRAS DESPESAS CORRENTES                                                                           ;90  ;APLICAÇÕES DIRETAS                                                                                                                                      ;18960000.0;18960000.0;344555.61;211371.61;211371.61
2026;5;EXECUTIVO                                         ;35;SECRETARIA DE TURISMO E LAZER                                                                       ;35.01;SECRETARIA DE TURISMO E LAZER - ADMINISTRAÇÃO DIRETA                                                ;3;DESPESAS CORRENTES                                                                                  ;3;OUTRAS DESPESAS CORRENTES                                                                           ;90  ;APLICAÇÕES DIRETAS                                                                                                                                      ;;;0.0;68045.29;0.0
2026;3;EXECUTIVO                                         ;61;SECRETARIA DE ADMINISTRAÇÃO - ADMINISTRAÇÃO SUPERVISIONADA                                          ;61.01;AUTARQUIA MUNICIPAL DE PREVIDÊNCIA E ASSISTÊNCIA À SAÚDE DOS SERVIDORES                             ;4;DESPESAS DE CAPITAL                                                                                 ;4;INVESTIMENTOS                                                                                       ;90  ;APLICAÇÕES DIRETAS                                                                                                                                      ;;;176550.0;0.0;0.0
2026;1;EXECUTIVO                                         ;48;SECRETARIA DE SAÚDE - ADMINISTRAÇÃO SUPERVISIONADA                                                  ;48.01;FUNDO MUNICIPAL DE SAÚDE - FMS                                                                      ;4;DESPESAS DE CAPITAL                                                                                 ;4;INVESTIMENTOS                                                                                       ;90  ;APLICAÇÕES DIRETAS                                                                                                                                      ;35787000.0;28830000.0;996012.0;0.0;0.0
2026;1;EXECUTIVO                                         ;60;SECRETARIA DE DIREITOS HUMANOS E JUVENTUDE - ADMINISTRAÇÃO SUPERVISIONADA                           ;60.02;FUNDO MUNICIPAL DE DIREITOS HUMANOS - FMDH                                                          ;3;DESPESAS CORRENTES                                                                                  ;3;OUTRAS DESPESAS CORRENTES                                                                           ;90  ;APLICAÇÕES DIRETAS                                                                                                                                      ;10000.0;10000.0;;;
2026;4;EXECUTIVO                                         ;80;ENCARGOS GERAIS DO MUNICÍPIO                                                                        ;80.03;RECURSOS SOB A GESTÃO DA SECRETARIA DE ADMINISTRAÇÃO                                                ;3;DESPESAS CORRENTES                                                                                  ;3;OUTRAS DESPESAS CORRENTES                                                                           ;90  ;APLICAÇÕES DIRETAS                                                                                                                                      ;10000000.0;0.0;12872836.74;2538011.59;2538011.59
2026;4;EXECUTIVO                                         ;68;SECRETARIA DE ORDEM PÚBLICA E SEGURANÇA - ADMINISTRAÇÃO SUPERVISIONADA                              ;68.01;AUTARQUIA DE TRÂNSITO E TRANSPORTE URBANO DO RECIFE - CTTU                                          ;3;DESPESAS CORRENTES                                                                                  ;1;PESSOAL E ENCARGOS SOCIAIS                                                                          ;90  ;APLICAÇÕES DIRETAS                                                                                                                                      ;;;935242.09;1156617.37;1171904.23
2026;4;EXECUTIVO                                         ;14;SECRETARIA DE EDUCAÇÃO                                                                              ;14.01;SECRETARIA DE EDUCAÇÃO - ADMINISTRAÇÃO DIRETA                                                       ;3;DESPESAS CORRENTES                                                                                  ;3;OUTRAS DESPESAS CORRENTES                                                                           ;90  ;APLICAÇÕES DIRETAS                                                                                                                                      ;17756874.66;0.0;55976557.17;84422825.17;75862550.65
2026;2;EXECUTIVO                                         ;68;SECRETARIA DE ORDEM PÚBLICA E SEGURANÇA - ADMINISTRAÇÃO SUPERVISIONADA                              ;68.01;AUTARQUIA DE TRÂNSITO E TRANSPORTE URBANO DO RECIFE - CTTU                                          ;4;DESPESAS DE CAPITAL                                                                                 ;4;INVESTIMENTOS                                                                                       ;90  ;APLICAÇÕES DIRETAS                                                                                                                                      ;651106.27;0.0;1217417.04;0.0;0.0
2026;3;EXECUTIVO                                         ;60;SECRETARIA DE DIREITOS HUMANOS E JUVENTUDE - ADMINISTRAÇÃO SUPERVISIONADA                           ;60.03;FUNDO MUNICIPAL DOS DIREITOS DA PESSOA IDOSA - FMDPI                                                ;3;DESPESAS CORRENTES                                                                                  ;3;OUTRAS DESPESAS CORRENTES                                                                           ;90  ;APLICAÇÕES DIRETAS                                                                                                                                      ;0.0;0.0;549615.53;485750.74;423733.67
2026;2;EXECUTIVO                                         ;13;PROCURADORIA GERAL DO MUNICÍPIO                                                                     ;13.01;PROCURADORIA GERAL DO MUNICÍPIO - ADMINISTRAÇÃO DIRETA                                              ;3;DESPESAS CORRENTES                                                                                  ;1;PESSOAL E ENCARGOS SOCIAIS                                                                          ;90  ;APLICAÇÕES DIRETAS                                                                                                                                      ;0.0;0.0;4335707.24;4335707.24;4334894.21
2026;3;EXECUTIVO                                         ;67;SECRETARIA DE HABITAÇÃO - ADMINISTRAÇÃO SUPERVISIONADA                                              ;67.01;FUNDO MUNICIPAL DE HABITAÇÃO DE INTERESSE SOCIAL - FMHIS                                            ;3;DESPESAS CORRENTES                                                                                  ;3;OUTRAS DESPESAS CORRENTES                                                                           ;90  ;APLICAÇÕES DIRETAS                                                                                                                                      ;;;1458.38;2985.18;2875.33
2026;1;EXECUTIVO                                         ;53;SECRETARIA DE SANEAMENTO - ADMINISTRAÇÃO SUPERVISIONADA                                             ;53.02;FUNDO MUNICIPAL DE SANEAMENTO - FMSAN                                                               ;4;DESPESAS DE CAPITAL                                                                                 ;4;INVESTIMENTOS                                                                                       ;90  ;APLICAÇÕES DIRETAS                                                                                                                                      ;5810000.0;5810000.0;;;
2026;1;EXECUTIVO                                         ;50;SECRETARIA DE INFRAESTRUTURA - ADMINISTRAÇÃO SUPERVISIONADA                                         ;50.11;AUTARQUIA DE URBANIZAÇÃO DO RECIFE - URB RECIFE                                                     ;4;DESPESAS DE CAPITAL                                                                                 ;5;INVERSÕES FINANCEIRAS                                                                               ;90  ;APLICAÇÕES DIRETAS                                                                                                                                      ;500000.0;500000.0;;;
2026;4;EXECUTIVO                                         ;35;SECRETARIA DE TURISMO E LAZER                                                                       ;35.01;SECRETARIA DE TURISMO E LAZER - ADMINISTRAÇÃO DIRETA                                                ;3;DESPESAS CORRENTES                                                                                  ;1;PESSOAL E ENCARGOS SOCIAIS                                                                          ;90  ;APLICAÇÕES DIRETAS                                                                                                                                      ;;;0.0;0.0;29657.76
2026;2;EXECUTIVO                                         ;35;SECRETARIA DE TURISMO E LAZER                                                                       ;35.01;SECRETARIA DE TURISMO E LAZER - ADMINISTRAÇÃO DIRETA                                                ;3;DESPESAS CORRENTES                                                                                  ;3;OUTRAS DESPESAS CORRENTES                                                                           ;90  ;APLICAÇÕES DIRETAS                                                                                                                                      ;-8397.0;0.0;2101808.42;5475404.5;5329225.18
2026;3;EXECUTIVO                                         ;80;ENCARGOS GERAIS DO MUNICÍPIO                                                                        ;80.01;RECURSOS SOB A GESTÃO DA SECRETARIA DE FINANÇAS                                                     ;3;DESPESAS CORRENTES                                                                                  ;2;JUROS E ENCARGOS DA DÍVIDA                                                                          ;90  ;APLICAÇÕES DIRETAS                                                                                                                                      ;15000000.0;0.0;45573355.8;50352776.39;61595397.72
2026;3;EXECUTIVO                                         ;68;SECRETARIA DE ORDEM PÚBLICA E SEGURANÇA - ADMINISTRAÇÃO SUPERVISIONADA                              ;68.02;CONVIVA MERCADOS E FEIRAS - AUTARQUIA MUNICIPAL                                                     ;3;DESPESAS CORRENTES                                                                                  ;1;PESSOAL E ENCARGOS SOCIAIS                                                                          ;90  ;APLICAÇÕES DIRETAS                                                                                                                                      ;0.0;0.0;-50069.83;1293940.56;461776.76
2026;2;EXECUTIVO                                         ;62;SECRETARIA DE CULTURA - ADMINISTRAÇÃO SUPERVISIONADA                                                ;62.01;FUNDAÇÃO DE CULTURA CIDADE DO RECIFE - FCCR                                                         ;3;DESPESAS CORRENTES                                                                                  ;1;PESSOAL E ENCARGOS SOCIAIS                                                                          ;90  ;APLICAÇÕES DIRETAS                                                                                                                                      ;0.0;0.0;19691740.23;2424662.28;2256593.83
2026;4;EXECUTIVO                                         ;61;SECRETARIA DE ADMINISTRAÇÃO - ADMINISTRAÇÃO SUPERVISIONADA                                          ;61.02;FUNDO PREVIDENCIÁRIO - RECIPREV                                                                     ;3;DESPESAS CORRENTES                                                                                  ;1;PESSOAL E ENCARGOS SOCIAIS                                                                          ;90  ;APLICAÇÕES DIRETAS                                                                                                                                      ;0.0;0.0;18234400.11;18234400.11;18762738.32
2026;2;EXECUTIVO                                         ;24;CONTROLADORIA GERAL DO MUNICÍPIO                                                                    ;24.01;CONTROLADORIA GERAL DO MUNICÍPIO - ADMINISTRAÇÃO DIRETA                                             ;4;DESPESAS DE CAPITAL                                                                                 ;4;INVESTIMENTOS                                                                                       ;90  ;APLICAÇÕES DIRETAS                                                                                                                                      ;12864.0;0.0;12864.0;12864.0;12864.0
2026;4;EXECUTIVO                                         ;68;SECRETARIA DE ORDEM PÚBLICA E SEGURANÇA - ADMINISTRAÇÃO SUPERVISIONADA                              ;68.02;CONVIVA MERCADOS E FEIRAS - AUTARQUIA MUNICIPAL                                                     ;3;DESPESAS CORRENTES                                                                                  ;1;PESSOAL E ENCARGOS SOCIAIS                                                                          ;90  ;APLICAÇÕES DIRETAS                                                                                                                                      ;0.0;0.0;-68729.26;1301253.22;2179015.54
2026;3;EXECUTIVO                                         ;60;SECRETARIA DE DIREITOS HUMANOS E JUVENTUDE - ADMINISTRAÇÃO SUPERVISIONADA                           ;60.01;FUNDO MUNICIPAL DA CRIANÇA E DO ADOLESCENTE - FMCA                                                  ;3;DESPESAS CORRENTES                                                                                  ;3;OUTRAS DESPESAS CORRENTES                                                                           ;90  ;APLICAÇÕES DIRETAS                                                                                                                                      ;0.0;0.0;1090851.0;185155.17;153981.16
2026;2;EXECUTIVO                                         ;35;SECRETARIA DE TURISMO E LAZER                                                                       ;35.01;SECRETARIA DE TURISMO E LAZER - ADMINISTRAÇÃO DIRETA                                                ;4;DESPESAS DE CAPITAL                                                                                 ;4;INVESTIMENTOS                                                                                       ;90  ;APLICAÇÕES DIRETAS                                                                                                                                      ;8397.0;0.0;8397.0;7300.0;7300.0
2026;3;EXECUTIVO                                         ;36;GABINETE DE IMPRENSA                                                                                ;36.01;GABINETE DE IMPRENSA - ADMINISTRAÇÃO DIRETA                                                         ;3;DESPESAS CORRENTES                                                                                  ;3;OUTRAS DESPESAS CORRENTES                                                                           ;90  ;APLICAÇÕES DIRETAS                                                                                                                                      ;-7780.0;0.0;-27772.91;160448.2;214399.1
2026;1;EXECUTIVO                                         ;17;SECRETARIA DE TRANSFORMAÇÃO DIGITAL, CIÊNCIA E TECNOLOGIA                                           ;17.01;SECRETARIA DE TRANSFORMAÇÃO DIGITAL, CIÊNCIA E TECNOLOGIA - ADM. DIRETA                             ;3;DESPESAS CORRENTES                                                                                  ;1;PESSOAL E ENCARGOS SOCIAIS                                                                          ;90  ;APLICAÇÕES DIRETAS                                                                                                                                      ;3500000.0;3500000.0;319499.33;319499.33;287931.96
2026;2;EXECUTIVO                                         ;61;SECRETARIA DE ADMINISTRAÇÃO - ADMINISTRAÇÃO SUPERVISIONADA                                          ;61.01;AUTARQUIA MUNICIPAL DE PREVIDÊNCIA E ASSISTÊNCIA À SAÚDE DOS SERVIDORES                             ;3;DESPESAS CORRENTES                                                                                  ;1;PESSOAL E ENCARGOS SOCIAIS                                                                          ;91  ;APLICAÇÃO DIRETA DECORRENTE DE OPERAÇÃO ENTRE ÓRGÃOS, FUNDOS E ENTIDADES INTEGRANTES DOS ORÇAMENTOS FISCAL E DE SEGURIDADE SOCIAL                       ;50000.0;0.0;26971.14;3942.28;3942.28
2026;1;EXECUTIVO                                         ;61;SECRETARIA DE ADMINISTRAÇÃO - ADMINISTRAÇÃO SUPERVISIONADA                                          ;61.01;AUTARQUIA MUNICIPAL DE PREVIDÊNCIA E ASSISTÊNCIA À SAÚDE DOS SERVIDORES                             ;4;DESPESAS DE CAPITAL                                                                                 ;6;AMORTIZAÇÃO DA DÍVIDA                                                                               ;91  ;APLICAÇÃO DIRETA DECORRENTE DE OPERAÇÃO ENTRE ÓRGÃOS, FUNDOS E ENTIDADES INTEGRANTES DOS ORÇAMENTOS FISCAL E DE SEGURIDADE SOCIAL                       ;2292000.0;0.0;;;
2026;3;EXECUTIVO                                         ;64;SECRETARIA DE DESENVOLVIMENTO URBANO E LICENCIAMENTO - ADMINISTRAÇÃO SUPERVISIONADA                 ;64.02;FUNDO DE LICENCIAMENTO E CONTROLE URBANO                                                            ;3;DESPESAS CORRENTES                                                                                  ;3;OUTRAS DESPESAS CORRENTES                                                                           ;90  ;APLICAÇÕES DIRETAS                                                                                                                                      ;0.0;0.0;3100.0;3100.0;3100.0
2026;1;EXECUTIVO                                         ;16;GABINETE DE COMUNICAÇÃO                                                                             ;16.01;GABINETE DE COMUNICAÇÃO - ADMINISTRAÇÃO DIRETA                                                      ;3;DESPESAS CORRENTES                                                                                  ;3;OUTRAS DESPESAS CORRENTES                                                                           ;90  ;APLICAÇÕES DIRETAS                                                                                                                                      ;1010000.0;1010000.0;358398.65;0.0;0.0
2026;2;EXECUTIVO                                         ;32;SECRETARIA DE CULTURA                                                                               ;32.01;SECRETARIA DE CULTURA - ADMINISTRAÇÃO DIRETA                                                        ;3;DESPESAS CORRENTES                                                                                  ;1;PESSOAL E ENCARGOS SOCIAIS                                                                          ;90  ;APLICAÇÕES DIRETAS                                                                                                                                      ;0.0;0.0;1267124.57;1267124.57;1279728.65
2026;2;EXECUTIVO                                         ;12;GABINETE DO VICE-PREFEITO                                                                           ;12.01;GABINETE DO VICE-PREFEITO - ADMINISTRAÇÃO DIRETA                                                    ;3;DESPESAS CORRENTES                                                                                  ;3;OUTRAS DESPESAS CORRENTES                                                                           ;90  ;APLICAÇÕES DIRETAS                                                                                                                                      ;0.0;0.0;-50137.52;23465.96;22126.16
2026;1;EXECUTIVO                                         ;37;SECRETARIA DE HABITAÇÃO                                                                             ;37.01;SECRETARIA DE HABITAÇÃO - ADMINISTRAÇÃO DIRETA                                                      ;4;DESPESAS DE CAPITAL                                                                                 ;5;INVERSÕES FINANCEIRAS                                                                               ;90  ;APLICAÇÕES DIRETAS                                                                                                                                      ;3000000.0;3000000.0;;;
2026;1;EXECUTIVO                                         ;48;SECRETARIA DE SAÚDE - ADMINISTRAÇÃO SUPERVISIONADA                                                  ;48.01;FUNDO MUNICIPAL DE SAÚDE - FMS                                                                      ;3;DESPESAS CORRENTES                                                                                  ;1;PESSOAL E ENCARGOS SOCIAIS                                                                          ;91  ;APLICAÇÃO DIRETA DECORRENTE DE OPERAÇÃO ENTRE ÓRGÃOS, FUNDOS E ENTIDADES INTEGRANTES DOS ORÇAMENTOS FISCAL E DE SEGURIDADE SOCIAL                       ;100000000.0;100000000.0;;;
2026;4;EXECUTIVO                                         ;14;SECRETARIA DE EDUCAÇÃO                                                                              ;14.01;SECRETARIA DE EDUCAÇÃO - ADMINISTRAÇÃO DIRETA                                                       ;3;DESPESAS CORRENTES                                                                                  ;3;OUTRAS DESPESAS CORRENTES                                                                           ;50  ;TRANSFERÊNCIAS À INSTITUIÇÕES PRIVADAS SEM FINS LUCRATIVOS                                                                                              ;-16735000.0;0.0;2654992.62;13453129.69;10243450.26
2026;1;EXECUTIVO                                         ;50;SECRETARIA DE INFRAESTRUTURA - ADMINISTRAÇÃO SUPERVISIONADA                                         ;50.10;AUTARQUIA DE MANUTENÇÃO E LIMPEZA URBANA - EMLURB                                                   ;3;DESPESAS CORRENTES                                                                                  ;3;OUTRAS DESPESAS CORRENTES                                                                           ;90  ;APLICAÇÕES DIRETAS                                                                                                                                      ;484136500.0;484140000.0;323758182.2;15188174.48;13784332.62
2026;4;EXECUTIVO                                         ;07;GABINETE DE PROTEÇÃO E DEFESA DOS ANIMAIS                                                           ;07.01;GABINETE DE PROTEÇÃO E DEFESA DOS ANIMAIS - ADMINISTRAÇÃO DIRETA                                    ;3;DESPESAS CORRENTES                                                                                  ;1;PESSOAL E ENCARGOS SOCIAIS                                                                          ;90  ;APLICAÇÕES DIRETAS                                                                                                                                      ;;;0.0;0.0;14777.66
2026;3;EXECUTIVO                                         ;07;GABINETE DE PROTEÇÃO E DEFESA DOS ANIMAIS                                                           ;07.01;GABINETE DE PROTEÇÃO E DEFESA DOS ANIMAIS - ADMINISTRAÇÃO DIRETA                                    ;3;DESPESAS CORRENTES                                                                                  ;1;PESSOAL E ENCARGOS SOCIAIS                                                                          ;90  ;APLICAÇÕES DIRETAS                                                                                                                                      ;0.0;0.0;154616.56;154616.56;155619.21
2026;4;EXECUTIVO                                         ;50;SECRETARIA DE INFRAESTRUTURA - ADMINISTRAÇÃO SUPERVISIONADA                                         ;50.11;AUTARQUIA DE URBANIZAÇÃO DO RECIFE - URB RECIFE                                                     ;3;DESPESAS CORRENTES                                                                                  ;3;OUTRAS DESPESAS CORRENTES                                                                           ;90  ;APLICAÇÕES DIRETAS                                                                                                                                      ;1891188.0;0.0;344333.2;1127462.23;883985.27
2026;1;EXECUTIVO                                         ;68;SECRETARIA DE ORDEM PÚBLICA E SEGURANÇA - ADMINISTRAÇÃO SUPERVISIONADA                              ;68.02;CONVIVA MERCADOS E FEIRAS - AUTARQUIA MUNICIPAL                                                     ;3;DESPESAS CORRENTES                                                                                  ;3;OUTRAS DESPESAS CORRENTES                                                                           ;90  ;APLICAÇÕES DIRETAS                                                                                                                                      ;34999236.0;35030000.0;10110211.68;991121.07;978646.88
2026;4;EXECUTIVO                                         ;38;SECRETARIA DE ORDEM PÚBLICA E SEGURANÇA                                                             ;38.01;SECRETARIA DE ORDEM PÚBLICA E SEGURANÇA - ADMINISTRAÇÃO DIRETA                                      ;3;DESPESAS CORRENTES                                                                                  ;1;PESSOAL E ENCARGOS SOCIAIS                                                                          ;90  ;APLICAÇÕES DIRETAS                                                                                                                                      ;22118.31;0.0;0.0;0.0;1935859.02
2026;4;EXECUTIVO                                         ;18;SECRETARIA DE SAÚDE                                                                                 ;18.01;SECRETARIA DE SAÚDE - ADMINISTRAÇÃO DIRETA                                                          ;3;DESPESAS CORRENTES                                                                                  ;1;PESSOAL E ENCARGOS SOCIAIS                                                                          ;90  ;APLICAÇÕES DIRETAS                                                                                                                                      ;19327.92;0.0;;;
2026;1;EXECUTIVO                                         ;68;SECRETARIA DE ORDEM PÚBLICA E SEGURANÇA - ADMINISTRAÇÃO SUPERVISIONADA                              ;68.02;CONVIVA MERCADOS E FEIRAS - AUTARQUIA MUNICIPAL                                                     ;4;DESPESAS DE CAPITAL                                                                                 ;6;AMORTIZAÇÃO DA DÍVIDA                                                                               ;90  ;APLICAÇÕES DIRETAS                                                                                                                                      ;10000.0;10000.0;;;
2026;1;EXECUTIVO                                         ;08;GABINETE DO CENTRO DO RECIFE                                                                        ;08.01;GABINETE DO CENTRO DO RECIFE - ADMINISTRAÇÃO DIRETA                                                 ;3;DESPESAS CORRENTES                                                                                  ;1;PESSOAL E ENCARGOS SOCIAIS                                                                          ;90  ;APLICAÇÕES DIRETAS                                                                                                                                      ;2350000.0;2350000.0;208595.92;208595.92;189611.09
2026;2;EXECUTIVO                                         ;80;ENCARGOS GERAIS DO MUNICÍPIO                                                                        ;80.01;RECURSOS SOB A GESTÃO DA SECRETARIA DE FINANÇAS                                                     ;3;DESPESAS CORRENTES                                                                                  ;3;OUTRAS DESPESAS CORRENTES                                                                           ;90  ;APLICAÇÕES DIRETAS                                                                                                                                      ;0.0;0.0;30820491.79;15429071.5;15131146.13
2026;4;EXECUTIVO                                         ;68;SECRETARIA DE ORDEM PÚBLICA E SEGURANÇA - ADMINISTRAÇÃO SUPERVISIONADA                              ;68.02;CONVIVA MERCADOS E FEIRAS - AUTARQUIA MUNICIPAL                                                     ;3;DESPESAS CORRENTES                                                                                  ;3;OUTRAS DESPESAS CORRENTES                                                                           ;90  ;APLICAÇÕES DIRETAS                                                                                                                                      ;-3490000.0;0.0;755850.28;725556.36;1334107.34
2026;3;EXECUTIVO                                         ;12;GABINETE DO VICE-PREFEITO                                                                           ;12.01;GABINETE DO VICE-PREFEITO - ADMINISTRAÇÃO DIRETA                                                    ;3;DESPESAS CORRENTES                                                                                  ;1;PESSOAL E ENCARGOS SOCIAIS                                                                          ;90  ;APLICAÇÕES DIRETAS                                                                                                                                      ;0.0;0.0;222796.42;222796.42;220558.19
2026;2;EXECUTIVO                                         ;23;SECRETARIA DE SANEAMENTO                                                                            ;23.01;SECRETARIA DE SANEAMENTO - ADMINISTRAÇÃO DIRETA                                                     ;4;DESPESAS DE CAPITAL                                                                                 ;4;INVESTIMENTOS                                                                                       ;90  ;APLICAÇÕES DIRETAS                                                                                                                                      ;7009523.87;0.0;6153018.26;4700035.15;4700035.15
2026;3;EXECUTIVO                                         ;07;GABINETE DE PROTEÇÃO E DEFESA DOS ANIMAIS                                                           ;07.01;GABINETE DE PROTEÇÃO E DEFESA DOS ANIMAIS - ADMINISTRAÇÃO DIRETA                                    ;4;DESPESAS DE CAPITAL                                                                                 ;4;INVESTIMENTOS                                                                                       ;90  ;APLICAÇÕES DIRETAS                                                                                                                                      ;0.0;0.0;457.21;49192.99;48573.16
2026;4;EXECUTIVO                                         ;22;SECRETARIA DA MULHER                                                                                ;22.01;SECRETARIA DA MULHER - ADMINISTRAÇÃO DIRETA                                                         ;3;DESPESAS CORRENTES                                                                                  ;1;PESSOAL E ENCARGOS SOCIAIS                                                                          ;90  ;APLICAÇÕES DIRETAS                                                                                                                                      ;45883.53;0.0;0.0;0.0;63426.02
2026;2;EXECUTIVO                                         ;50;SECRETARIA DE INFRAESTRUTURA - ADMINISTRAÇÃO SUPERVISIONADA                                         ;50.10;AUTARQUIA DE MANUTENÇÃO E LIMPEZA URBANA - EMLURB                                                   ;3;DESPESAS CORRENTES                                                                                  ;2;JUROS E ENCARGOS DA DÍVIDA                                                                          ;90  ;APLICAÇÕES DIRETAS                                                                                                                                      ;0.0;0.0;1694000.0;140303.7;140303.7
2026;1;EXECUTIVO                                         ;53;SECRETARIA DE SANEAMENTO - ADMINISTRAÇÃO SUPERVISIONADA                                             ;53.02;FUNDO MUNICIPAL DE SANEAMENTO - FMSAN                                                               ;3;DESPESAS CORRENTES                                                                                  ;3;OUTRAS DESPESAS CORRENTES                                                                           ;90  ;APLICAÇÕES DIRETAS                                                                                                                                      ;3250000.0;3250000.0;;;
2026;4;EXECUTIVO                                         ;62;SECRETARIA DE CULTURA - ADMINISTRAÇÃO SUPERVISIONADA                                                ;62.01;FUNDAÇÃO DE CULTURA CIDADE DO RECIFE - FCCR                                                         ;3;DESPESAS CORRENTES                                                                                  ;1;PESSOAL E ENCARGOS SOCIAIS                                                                          ;91  ;APLICAÇÃO DIRETA DECORRENTE DE OPERAÇÃO ENTRE ÓRGÃOS, FUNDOS E ENTIDADES INTEGRANTES DOS ORÇAMENTOS FISCAL E DE SEGURIDADE SOCIAL                       ;;;0.0;85074.9;85074.9
2026;2;EXECUTIVO                                         ;29;SECRETARIA DE ASSISTÊNCIA SOCIAL E COMBATE À FOME                                                   ;29.01;SECRETARIA DE ASSISTÊNCIA SOCIAL E COMBATE À FOME - ADMINISTRAÇÃO DIRETA                            ;3;DESPESAS CORRENTES                                                                                  ;3;OUTRAS DESPESAS CORRENTES                                                                           ;50  ;TRANSFERÊNCIAS À INSTITUIÇÕES PRIVADAS SEM FINS LUCRATIVOS                                                                                              ;-30000.0;0.0;270000.0;90000.0;90000.0
2026;3;EXECUTIVO                                         ;50;SECRETARIA DE INFRAESTRUTURA - ADMINISTRAÇÃO SUPERVISIONADA                                         ;50.10;AUTARQUIA DE MANUTENÇÃO E LIMPEZA URBANA - EMLURB                                                   ;4;DESPESAS DE CAPITAL                                                                                 ;4;INVESTIMENTOS                                                                                       ;90  ;APLICAÇÕES DIRETAS                                                                                                                                      ;1994010.96;0.0;15989308.87;18488845.33;27444013.04
2026;2;EXECUTIVO                                         ;23;SECRETARIA DE SANEAMENTO                                                                            ;23.01;SECRETARIA DE SANEAMENTO - ADMINISTRAÇÃO DIRETA                                                     ;3;DESPESAS CORRENTES                                                                                  ;1;PESSOAL E ENCARGOS SOCIAIS                                                                          ;90  ;APLICAÇÕES DIRETAS                                                                                                                                      ;0.0;0.0;568625.09;568625.09;566972.68
2026;4;EXECUTIVO                                         ;08;GABINETE DO CENTRO DO RECIFE                                                                        ;08.01;GABINETE DO CENTRO DO RECIFE - ADMINISTRAÇÃO DIRETA                                                 ;3;DESPESAS CORRENTES                                                                                  ;3;OUTRAS DESPESAS CORRENTES                                                                           ;90  ;APLICAÇÕES DIRETAS                                                                                                                                      ;0.0;0.0;85159.25;285835.37;284308.91
2026;4;EXECUTIVO                                         ;03;GAB. DE GERENC. DO PROG. DE REQUALIF. E RESILÊNCIA URB. EM ÁREAS DE VULNERABILIDADE SOCIOAMB.-PROMOR;03.01;GAB. DE GER. DO PROG. REQUALIF. E RESILIÊNCIA URB. EM ÁREAS DE VULNER. SOCIOAMB.-PROMORAR RECIFE - A;3;DESPESAS CORRENTES                                                                                  ;1;PESSOAL E ENCARGOS SOCIAIS                                                                          ;90  ;APLICAÇÕES DIRETAS                                                                                                                                      ;;;0.0;0.0;33365.91
2026;4;EXECUTIVO                                         ;30;SECRETARIA DE DIREITOS HUMANOS E JUVENTUDE                                                          ;30.01;SECRETARIA DE DIREITOS HUMANOS E JUVENTUDE - ADMINISTRAÇÃO DIRETA                                   ;3;DESPESAS CORRENTES                                                                                  ;3;OUTRAS DESPESAS CORRENTES                                                                           ;90  ;APLICAÇÕES DIRETAS                                                                                                                                      ;-1835260.73;0.0;1023877.94;949538.52;774827.49
2026;2;EXECUTIVO                                         ;26;SECRETARIA DE PROJETOS ESPECIAIS                                                                    ;26.01;SECRETARIA DE PROJETOS ESPECIAIS - ADMINISTRAÇÃO DIRETA                                             ;4;DESPESAS DE CAPITAL                                                                                 ;4;INVESTIMENTOS                                                                                       ;90  ;APLICAÇÕES DIRETAS                                                                                                                                      ;20619301.39;0.0;20572835.59;20558535.59;20378684.16
2026;3;EXECUTIVO                                         ;29;SECRETARIA DE ASSISTÊNCIA SOCIAL E COMBATE À FOME                                                   ;29.01;SECRETARIA DE ASSISTÊNCIA SOCIAL E COMBATE À FOME - ADMINISTRAÇÃO DIRETA                            ;3;DESPESAS CORRENTES                                                                                  ;1;PESSOAL E ENCARGOS SOCIAIS                                                                          ;90  ;APLICAÇÕES DIRETAS                                                                                                                                      ;0.0;0.0;4037274.2;4037274.2;4029955.9
2026;3;EXECUTIVO                                         ;06;SECRETARIA DE CIDADANIA E CULTURA DE PAZ                                                            ;06.01;SECRETARIA DE CIDADANIA E CULTURA DE PAZ - ADMINISTRAÇÃO DIRETA                                     ;3;DESPESAS CORRENTES                                                                                  ;1;PESSOAL E ENCARGOS SOCIAIS                                                                          ;90  ;APLICAÇÕES DIRETAS                                                                                                                                      ;0.0;0.0;477613.11;477613.11;480681.49
2026;1;EXECUTIVO                                         ;80;ENCARGOS GERAIS DO MUNICÍPIO                                                                        ;80.03;RECURSOS SOB A GESTÃO DA SECRETARIA DE ADMINISTRAÇÃO                                                ;3;DESPESAS CORRENTES                                                                                  ;1;PESSOAL E ENCARGOS SOCIAIS                                                                          ;91  ;APLICAÇÃO DIRETA DECORRENTE DE OPERAÇÃO ENTRE ÓRGÃOS, FUNDOS E ENTIDADES INTEGRANTES DOS ORÇAMENTOS FISCAL E DE SEGURIDADE SOCIAL                       ;226980000.0;226980000.0;226980000.0;0.0;0.0
2026;2;EXECUTIVO                                         ;37;SECRETARIA DE HABITAÇÃO                                                                             ;37.01;SECRETARIA DE HABITAÇÃO - ADMINISTRAÇÃO DIRETA                                                      ;3;DESPESAS CORRENTES                                                                                  ;1;PESSOAL E ENCARGOS SOCIAIS                                                                          ;90  ;APLICAÇÕES DIRETAS                                                                                                                                      ;0.0;0.0;251014.09;251014.09;249588.96
2026;4;EXECUTIVO                                         ;03;GAB. DE GERENC. DO PROG. DE REQUALIF. E RESILÊNCIA URB. EM ÁREAS DE VULNERABILIDADE SOCIOAMB.-PROMOR;03.01;GAB. DE GER. DO PROG. REQUALIF. E RESILIÊNCIA URB. EM ÁREAS DE VULNER. SOCIOAMB.-PROMORAR RECIFE - A;4;DESPESAS DE CAPITAL                                                                                 ;4;INVESTIMENTOS                                                                                       ;50  ;TRANSFERÊNCIAS À INSTITUIÇÕES PRIVADAS SEM FINS LUCRATIVOS                                                                                              ;-25005.73;0.0;9800.0;9800.0;9800.0
2026;3;EXECUTIVO                                         ;26;SECRETARIA DE PROJETOS ESPECIAIS                                                                    ;26.01;SECRETARIA DE PROJETOS ESPECIAIS - ADMINISTRAÇÃO DIRETA                                             ;4;DESPESAS DE CAPITAL                                                                                 ;4;INVESTIMENTOS                                                                                       ;90  ;APLICAÇÕES DIRETAS                                                                                                                                      ;30487981.84;0.0;29784771.16;17130397.63;17074945.74
2026;2;EXECUTIVO                                         ;48;SECRETARIA DE SAÚDE - ADMINISTRAÇÃO SUPERVISIONADA                                                  ;48.01;FUNDO MUNICIPAL DE SAÚDE - FMS                                                                      ;4;DESPESAS DE CAPITAL                                                                                 ;4;INVESTIMENTOS                                                                                       ;50  ;TRANSFERÊNCIAS À INSTITUIÇÕES PRIVADAS SEM FINS LUCRATIVOS                                                                                              ;11983257.1;0.0;11132774.08;10467774.08;10467774.08
2026;1;EXECUTIVO                                         ;50;SECRETARIA DE INFRAESTRUTURA - ADMINISTRAÇÃO SUPERVISIONADA                                         ;50.11;AUTARQUIA DE URBANIZAÇÃO DO RECIFE - URB RECIFE                                                     ;3;DESPESAS CORRENTES                                                                                  ;3;OUTRAS DESPESAS CORRENTES                                                                           ;90  ;APLICAÇÕES DIRETAS                                                                                                                                      ;31800000.0;31800000.0;4326557.39;394566.94;222002.28
2026;4;EXECUTIVO                                         ;26;SECRETARIA DE PROJETOS ESPECIAIS                                                                    ;26.01;SECRETARIA DE PROJETOS ESPECIAIS - ADMINISTRAÇÃO DIRETA                                             ;3;DESPESAS CORRENTES                                                                                  ;3;OUTRAS DESPESAS CORRENTES                                                                           ;90  ;APLICAÇÕES DIRETAS                                                                                                                                      ;0.0;0.0;-47835.53;225774.56;226605.2
2026;4;EXECUTIVO                                         ;61;SECRETARIA DE ADMINISTRAÇÃO - ADMINISTRAÇÃO SUPERVISIONADA                                          ;61.01;AUTARQUIA MUNICIPAL DE PREVIDÊNCIA E ASSISTÊNCIA À SAÚDE DOS SERVIDORES                             ;4;DESPESAS DE CAPITAL                                                                                 ;6;AMORTIZAÇÃO DA DÍVIDA                                                                               ;91  ;APLICAÇÃO DIRETA DECORRENTE DE OPERAÇÃO ENTRE ÓRGÃOS, FUNDOS E ENTIDADES INTEGRANTES DOS ORÇAMENTOS FISCAL E DE SEGURIDADE SOCIAL                       ;-2292000.0;0.0;;;
2026;3;EXECUTIVO                                         ;50;SECRETARIA DE INFRAESTRUTURA - ADMINISTRAÇÃO SUPERVISIONADA                                         ;50.11;AUTARQUIA DE URBANIZAÇÃO DO RECIFE - URB RECIFE                                                     ;3;DESPESAS CORRENTES                                                                                  ;2;JUROS E ENCARGOS DA DÍVIDA                                                                          ;90  ;APLICAÇÕES DIRETAS                                                                                                                                      ;;;0.0;152046.12;258409.48
2026;4;EXECUTIVO                                         ;24;CONTROLADORIA GERAL DO MUNICÍPIO                                                                    ;24.01;CONTROLADORIA GERAL DO MUNICÍPIO - ADMINISTRAÇÃO DIRETA                                             ;3;DESPESAS CORRENTES                                                                                  ;3;OUTRAS DESPESAS CORRENTES                                                                           ;90  ;APLICAÇÕES DIRETAS                                                                                                                                      ;0.0;0.0;19570.45;212876.49;106843.27
2026;1;EXECUTIVO                                         ;14;SECRETARIA DE EDUCAÇÃO                                                                              ;14.01;SECRETARIA DE EDUCAÇÃO - ADMINISTRAÇÃO DIRETA                                                       ;3;DESPESAS CORRENTES                                                                                  ;1;PESSOAL E ENCARGOS SOCIAIS                                                                          ;90  ;APLICAÇÕES DIRETAS                                                                                                                                      ;1078977500.0;1078980000.0;80817206.82;80817206.82;65769036.89
2026;4;EXECUTIVO                                         ;19;SECRETARIA DO TRABALHO E QUALIFICAÇÃO PROFISSIONAL                                                  ;19.01;SECRETARIA DO TRABALHO E QUALIFICAÇÃO PROFISSIONAL - ADMINISTRAÇÃO DIRETA                           ;3;DESPESAS CORRENTES                                                                                  ;1;PESSOAL E ENCARGOS SOCIAIS                                                                          ;90  ;APLICAÇÕES DIRETAS                                                                                                                                      ;48196.05;0.0;0.0;0.0;39427.75
2026;2;EXECUTIVO                                         ;50;SECRETARIA DE INFRAESTRUTURA - ADMINISTRAÇÃO SUPERVISIONADA                                         ;50.11;AUTARQUIA DE URBANIZAÇÃO DO RECIFE - URB RECIFE                                                     ;3;DESPESAS CORRENTES                                                                                  ;3;OUTRAS DESPESAS CORRENTES                                                                           ;90  ;APLICAÇÕES DIRETAS                                                                                                                                      ;-50000.0;0.0;2078158.13;722309.63;691956.41
2026;3;EXECUTIVO                                         ;39;SECRETARIA DE MEIO AMBIENTE                                                                         ;39.01;SECRETARIA DE MEIO AMBIENTE - ADMINISTRAÇÃO DIRETA                                                  ;3;DESPESAS CORRENTES                                                                                  ;1;PESSOAL E ENCARGOS SOCIAIS                                                                          ;90  ;APLICAÇÕES DIRETAS                                                                                                                                      ;;;561899.61;561899.61;564208.26
2026;1;EXECUTIVO                                         ;37;SECRETARIA DE HABITAÇÃO                                                                             ;37.01;SECRETARIA DE HABITAÇÃO - ADMINISTRAÇÃO DIRETA                                                      ;3;DESPESAS CORRENTES                                                                                  ;3;OUTRAS DESPESAS CORRENTES                                                                           ;90  ;APLICAÇÕES DIRETAS                                                                                                                                      ;3150000.0;3150000.0;1867500.88;100014.02;82192.19
2026;4;EXECUTIVO                                         ;34;SECRETARIA DE DESENVOLVIMENTO URBANO E LICENCIAMENTO                                                ;34.01;SECRETARIA DE DESENVOLVIMENTO URBANO E LICENCIAMENTO	 - ADMINISTRAÇÃO DIRETA                        ;3;DESPESAS CORRENTES                                                                                  ;3;OUTRAS DESPESAS CORRENTES                                                                           ;90  ;APLICAÇÕES DIRETAS                                                                                                                                      ;0.0;0.0;5146368.61;598216.03;872301.98
2026;3;EXECUTIVO                                         ;25;SECRETARIA DE ARTICULAÇÃO POLÍTICA E SOCIAL                                                         ;25.01;SECRETARIA DE ARTICULAÇÃO POLÍTICA E SOCIAL - ADMINISTRAÇÃO DIRETA                                  ;3;DESPESAS CORRENTES                                                                                  ;1;PESSOAL E ENCARGOS SOCIAIS                                                                          ;90  ;APLICAÇÕES DIRETAS                                                                                                                                      ;;;1699335.08;1699335.08;1689677.71
2026;3;EXECUTIVO                                         ;64;SECRETARIA DE DESENVOLVIMENTO URBANO E LICENCIAMENTO - ADMINISTRAÇÃO SUPERVISIONADA                 ;64.01;FUNDO MUNICIPAL DE MEIO AMBIENTE - FMMA                                                             ;4;DESPESAS DE CAPITAL                                                                                 ;4;INVESTIMENTOS                                                                                       ;90  ;APLICAÇÕES DIRETAS                                                                                                                                      ;-1009000.0;0.0;;;
2026;3;EXECUTIVO                                         ;06;SECRETARIA DE CIDADANIA E CULTURA DE PAZ                                                            ;06.01;SECRETARIA DE CIDADANIA E CULTURA DE PAZ - ADMINISTRAÇÃO DIRETA                                     ;4;DESPESAS DE CAPITAL                                                                                 ;4;INVESTIMENTOS                                                                                       ;90  ;APLICAÇÕES DIRETAS                                                                                                                                      ;-120000.0;0.0;2405.6;5880.0;0.0
2026;1;EXECUTIVO                                         ;36;GABINETE DE IMPRENSA                                                                                ;36.01;GABINETE DE IMPRENSA - ADMINISTRAÇÃO DIRETA                                                         ;3;DESPESAS CORRENTES                                                                                  ;1;PESSOAL E ENCARGOS SOCIAIS                                                                          ;90  ;APLICAÇÕES DIRETAS                                                                                                                                      ;6680000.0;6680000.0;449769.81;449769.81;400654.94
2026;4;EXECUTIVO                                         ;67;SECRETARIA DE HABITAÇÃO - ADMINISTRAÇÃO SUPERVISIONADA                                              ;67.01;FUNDO MUNICIPAL DE HABITAÇÃO DE INTERESSE SOCIAL - FMHIS                                            ;3;DESPESAS CORRENTES                                                                                  ;3;OUTRAS DESPESAS CORRENTES                                                                           ;90  ;APLICAÇÕES DIRETAS                                                                                                                                      ;;;0.0;3117.76;3227.61
2026;1;EXECUTIVO                                         ;27;SECRETARIA DE PLANEJAMENTO E GESTÃO                                                                 ;27.01;SECRETARIA DE PLANEJAMENTO E GESTÃO - ADMINISTRAÇÃO DIRETA                                          ;4;DESPESAS DE CAPITAL                                                                                 ;4;INVESTIMENTOS                                                                                       ;90  ;APLICAÇÕES DIRETAS                                                                                                                                      ;5500000.0;5500000.0;;;
2026;3;EXECUTIVO                                         ;45;SECRETARIA DE FINANÇAS - ADMINISTRAÇÃO SUPERVISIONADA                                               ;45.02;FUNDO ESPECIAL DE INCREMENTO À ARRECADAÇÃO TRIBUTÁRIA - FEIAT                                       ;3;DESPESAS CORRENTES                                                                                  ;3;OUTRAS DESPESAS CORRENTES                                                                           ;90  ;APLICAÇÕES DIRETAS                                                                                                                                      ;0.0;0.0;130412.56;101408.56;26776.15
2026;2;EXECUTIVO                                         ;50;SECRETARIA DE INFRAESTRUTURA - ADMINISTRAÇÃO SUPERVISIONADA                                         ;50.11;AUTARQUIA DE URBANIZAÇÃO DO RECIFE - URB RECIFE                                                     ;3;DESPESAS CORRENTES                                                                                  ;1;PESSOAL E ENCARGOS SOCIAIS                                                                          ;90  ;APLICAÇÕES DIRETAS                                                                                                                                      ;0.0;0.0;27481699.98;8304756.34;8944616.26
2026;1;EXECUTIVO                                         ;16;GABINETE DE COMUNICAÇÃO                                                                             ;16.01;GABINETE DE COMUNICAÇÃO - ADMINISTRAÇÃO DIRETA                                                      ;3;DESPESAS CORRENTES                                                                                  ;1;PESSOAL E ENCARGOS SOCIAIS                                                                          ;90  ;APLICAÇÕES DIRETAS                                                                                                                                      ;3450000.0;3450000.0;244309.97;244309.97;218457.53
2026;2;EXECUTIVO                                         ;05;SECRETARIA DE RELAÇÕES INSTITUCIONAIS                                                               ;05.01;SECRETARIA DE RELAÇÕES INSTITUCIONAIS - ADMINISTRAÇÃO DIRETA                                        ;3;DESPESAS CORRENTES                                                                                  ;1;PESSOAL E ENCARGOS SOCIAIS                                                                          ;90  ;APLICAÇÕES DIRETAS                                                                                                                                      ;0.0;0.0;212442.21;212442.21;212047.26
2026;1;EXECUTIVO                                         ;26;SECRETARIA DE PROJETOS ESPECIAIS                                                                    ;26.01;SECRETARIA DE PROJETOS ESPECIAIS - ADMINISTRAÇÃO DIRETA                                             ;3;DESPESAS CORRENTES                                                                                  ;3;OUTRAS DESPESAS CORRENTES                                                                           ;90  ;APLICAÇÕES DIRETAS                                                                                                                                      ;2500000.0;2500000.0;1576854.29;0.0;0.0
2026;4;EXECUTIVO                                         ;60;SECRETARIA DE DIREITOS HUMANOS E JUVENTUDE - ADMINISTRAÇÃO SUPERVISIONADA                           ;60.01;FUNDO MUNICIPAL DA CRIANÇA E DO ADOLESCENTE - FMCA                                                  ;3;DESPESAS CORRENTES                                                                                  ;3;OUTRAS DESPESAS CORRENTES                                                                           ;50  ;TRANSFERÊNCIAS À INSTITUIÇÕES PRIVADAS SEM FINS LUCRATIVOS                                                                                              ;4575956.72;0.0;3833960.76;2253770.53;2109770.53
2026;1;EXECUTIVO                                         ;68;SECRETARIA DE ORDEM PÚBLICA E SEGURANÇA - ADMINISTRAÇÃO SUPERVISIONADA                              ;68.01;AUTARQUIA DE TRÂNSITO E TRANSPORTE URBANO DO RECIFE - CTTU                                          ;4;DESPESAS DE CAPITAL                                                                                 ;4;INVESTIMENTOS                                                                                       ;90  ;APLICAÇÕES DIRETAS                                                                                                                                      ;1280913.04;100000.0;;;
2026;4;EXECUTIVO                                         ;04;GABINETE DE INOVAÇÃO URBANA                                                                         ;04.01;GABINETE DE INOVAÇÃO URBANA - ADMINISTRAÇÃO DIRETA                                                  ;3;DESPESAS CORRENTES                                                                                  ;1;PESSOAL E ENCARGOS SOCIAIS                                                                          ;90  ;APLICAÇÕES DIRETAS                                                                                                                                      ;;;0.0;0.0;22268.83
2026;4;EXECUTIVO                                         ;21;SECRETARIA DE DESENVOLVIMENTO ECONÔMICO                                                             ;21.01;SECRETARIA DE DESENVOLVIMENTO ECONÔMICO - ADMINISTRAÇÃO DIRETA                                      ;3;DESPESAS CORRENTES                                                                                  ;1;PESSOAL E ENCARGOS SOCIAIS                                                                          ;90  ;APLICAÇÕES DIRETAS                                                                                                                                      ;;;0.0;0.0;16437.35
2026;1;EXECUTIVO                                         ;61;SECRETARIA DE ADMINISTRAÇÃO - ADMINISTRAÇÃO SUPERVISIONADA                                          ;61.02;FUNDO PREVIDENCIÁRIO - RECIPREV                                                                     ;3;DESPESAS CORRENTES                                                                                  ;1;PESSOAL E ENCARGOS SOCIAIS                                                                          ;90  ;APLICAÇÕES DIRETAS                                                                                                                                      ;260420000.0;260420000.0;10221932.91;10181767.93;8053212.08
2026;2;EXECUTIVO                                         ;47;SECRETARIA DE TRANSFORMAÇÃO DIGITAL, CIÊNCIA E TECNOLOGIA - ADMINISTRAÇÃO SUPERVISIONADA            ;47.01;EMPRESA MUNICIPAL DE INFORMÁTICA - EMPREL                                                           ;3;DESPESAS CORRENTES                                                                                  ;2;JUROS E ENCARGOS DA DÍVIDA                                                                          ;90  ;APLICAÇÕES DIRETAS                                                                                                                                      ;0.0;0.0;0.0;24221.57;24221.57
2026;4;EXECUTIVO                                         ;38;SECRETARIA DE ORDEM PÚBLICA E SEGURANÇA                                                             ;38.01;SECRETARIA DE ORDEM PÚBLICA E SEGURANÇA - ADMINISTRAÇÃO DIRETA                                      ;3;DESPESAS CORRENTES                                                                                  ;3;OUTRAS DESPESAS CORRENTES                                                                           ;90  ;APLICAÇÕES DIRETAS                                                                                                                                      ;-1611488.9;0.0;2661887.86;12404458.8;12435401.43
2026;3;EXECUTIVO                                         ;23;SECRETARIA DE SANEAMENTO                                                                            ;23.01;SECRETARIA DE SANEAMENTO - ADMINISTRAÇÃO DIRETA                                                     ;4;DESPESAS DE CAPITAL                                                                                 ;4;INVESTIMENTOS                                                                                       ;90  ;APLICAÇÕES DIRETAS                                                                                                                                      ;2415073.41;0.0;4823339.22;4056316.43;3802940.32
2026;4;EXECUTIVO                                         ;36;GABINETE DE IMPRENSA                                                                                ;36.01;GABINETE DE IMPRENSA - ADMINISTRAÇÃO DIRETA                                                         ;3;DESPESAS CORRENTES                                                                                  ;3;OUTRAS DESPESAS CORRENTES                                                                           ;90  ;APLICAÇÕES DIRETAS                                                                                                                                      ;0.0;0.0;232321.01;384278.9;384378.9
2026;3;EXECUTIVO                                         ;61;SECRETARIA DE ADMINISTRAÇÃO - ADMINISTRAÇÃO SUPERVISIONADA                                          ;61.03;FUNDO FINANCEIRO - RECIFIN                                                                          ;3;DESPESAS CORRENTES                                                                                  ;1;PESSOAL E ENCARGOS SOCIAIS                                                                          ;90  ;APLICAÇÕES DIRETAS                                                                                                                                      ;3000000.0;0.0;46846071.69;29872092.9;29723519.98
2026;3;EXECUTIVO                                         ;38;SECRETARIA DE ORDEM PÚBLICA E SEGURANÇA                                                             ;38.01;SECRETARIA DE ORDEM PÚBLICA E SEGURANÇA - ADMINISTRAÇÃO DIRETA                                      ;4;DESPESAS DE CAPITAL                                                                                 ;4;INVESTIMENTOS                                                                                       ;90  ;APLICAÇÕES DIRETAS                                                                                                                                      ;2292456.41;0.0;6549625.61;2890388.59;1975372.6
2026;3;EXECUTIVO                                         ;26;SECRETARIA DE PROJETOS ESPECIAIS                                                                    ;26.01;SECRETARIA DE PROJETOS ESPECIAIS - ADMINISTRAÇÃO DIRETA                                             ;3;DESPESAS CORRENTES                                                                                  ;3;OUTRAS DESPESAS CORRENTES                                                                           ;90  ;APLICAÇÕES DIRETAS                                                                                                                                      ;0.0;0.0;30300.51;225453.53;261753.78
2026;1;EXECUTIVO                                         ;64;SECRETARIA DE DESENVOLVIMENTO URBANO E LICENCIAMENTO - ADMINISTRAÇÃO SUPERVISIONADA                 ;64.01;FUNDO MUNICIPAL DE MEIO AMBIENTE - FMMA                                                             ;3;DESPESAS CORRENTES                                                                                  ;3;OUTRAS DESPESAS CORRENTES                                                                           ;90  ;APLICAÇÕES DIRETAS                                                                                                                                      ;284035.05;310000.0;;;
2026;1;EXECUTIVO                                         ;50;SECRETARIA DE INFRAESTRUTURA - ADMINISTRAÇÃO SUPERVISIONADA                                         ;50.11;AUTARQUIA DE URBANIZAÇÃO DO RECIFE - URB RECIFE                                                     ;3;DESPESAS CORRENTES                                                                                  ;1;PESSOAL E ENCARGOS SOCIAIS                                                                          ;90  ;APLICAÇÕES DIRETAS                                                                                                                                      ;231790000.0;249790000.0;6989685.31;6356637.59;9617.82
2026;3;EXECUTIVO                                         ;10;GABINETE DO PREFEITO                                                                                ;10.01;GABINETE DO PREFEITO - ADMINISTRAÇÃO DIRETA                                                         ;3;DESPESAS CORRENTES                                                                                  ;3;OUTRAS DESPESAS CORRENTES                                                                           ;90  ;APLICAÇÕES DIRETAS                                                                                                                                      ;-4480.5;0.0;73920.8;93476.2;101235.28
2026;1;EXECUTIVO                                         ;21;SECRETARIA DE DESENVOLVIMENTO ECONÔMICO                                                             ;21.01;SECRETARIA DE DESENVOLVIMENTO ECONÔMICO - ADMINISTRAÇÃO DIRETA                                      ;3;DESPESAS CORRENTES                                                                                  ;3;OUTRAS DESPESAS CORRENTES                                                                           ;90  ;APLICAÇÕES DIRETAS                                                                                                                                      ;2830000.0;2830000.0;932482.88;50404.64;50404.64
2026;3;EXECUTIVO                                         ;68;SECRETARIA DE ORDEM PÚBLICA E SEGURANÇA - ADMINISTRAÇÃO SUPERVISIONADA                              ;68.02;CONVIVA MERCADOS E FEIRAS - AUTARQUIA MUNICIPAL                                                     ;4;DESPESAS DE CAPITAL                                                                                 ;4;INVESTIMENTOS                                                                                       ;90  ;APLICAÇÕES DIRETAS                                                                                                                                      ;1193800.59;0.0;1079623.14;684343.14;349727.4
2026;2;EXECUTIVO                                         ;60;SECRETARIA DE DIREITOS HUMANOS E JUVENTUDE - ADMINISTRAÇÃO SUPERVISIONADA                           ;60.01;FUNDO MUNICIPAL DA CRIANÇA E DO ADOLESCENTE - FMCA                                                  ;3;DESPESAS CORRENTES                                                                                  ;3;OUTRAS DESPESAS CORRENTES                                                                           ;50  ;TRANSFERÊNCIAS À INSTITUIÇÕES PRIVADAS SEM FINS LUCRATIVOS                                                                                              ;48000.0;0.0;48000.0;48000.0;48000.0
2026;1;EXECUTIVO                                         ;14;SECRETARIA DE EDUCAÇÃO                                                                              ;14.01;SECRETARIA DE EDUCAÇÃO - ADMINISTRAÇÃO DIRETA                                                       ;3;DESPESAS CORRENTES                                                                                  ;3;OUTRAS DESPESAS CORRENTES                                                                           ;50  ;TRANSFERÊNCIAS À INSTITUIÇÕES PRIVADAS SEM FINS LUCRATIVOS                                                                                              ;70000000.0;90000000.0;25360381.2;8288526.54;7918103.6
2026;1;EXECUTIVO                                         ;80;ENCARGOS GERAIS DO MUNICÍPIO                                                                        ;80.01;RECURSOS SOB A GESTÃO DA SECRETARIA DE FINANÇAS                                                     ;3;DESPESAS CORRENTES                                                                                  ;2;JUROS E ENCARGOS DA DÍVIDA                                                                          ;90  ;APLICAÇÕES DIRETAS                                                                                                                                      ;353899000.0;344900000.0;;;
2026;1;EXECUTIVO                                         ;62;SECRETARIA DE CULTURA - ADMINISTRAÇÃO SUPERVISIONADA                                                ;62.02;FUNDO DE INCENTIVO À CULTURA - FIC                                                                  ;3;DESPESAS CORRENTES                                                                                  ;3;OUTRAS DESPESAS CORRENTES                                                                           ;60  ;TRANSFERÊNCIAS À INSTITUIÇÕES PRIVADAS COM FINS LUCRATIVOS                                                                                              ;2594735.61;0.0;898278.6;295641.5;0.0
2026;2;EXECUTIVO                                         ;32;SECRETARIA DE CULTURA                                                                               ;32.01;SECRETARIA DE CULTURA - ADMINISTRAÇÃO DIRETA                                                        ;3;DESPESAS CORRENTES                                                                                  ;3;OUTRAS DESPESAS CORRENTES                                                                           ;90  ;APLICAÇÕES DIRETAS                                                                                                                                      ;1490000.0;0.0;1163972.66;35054.98;35054.98
2026;3;EXECUTIVO                                         ;50;SECRETARIA DE INFRAESTRUTURA - ADMINISTRAÇÃO SUPERVISIONADA                                         ;50.11;AUTARQUIA DE URBANIZAÇÃO DO RECIFE - URB RECIFE                                                     ;4;DESPESAS DE CAPITAL                                                                                 ;6;AMORTIZAÇÃO DA DÍVIDA                                                                               ;90  ;APLICAÇÕES DIRETAS                                                                                                                                      ;;;0.0;250988.97;404804.39
2026;4;EXECUTIVO                                         ;50;SECRETARIA DE INFRAESTRUTURA - ADMINISTRAÇÃO SUPERVISIONADA                                         ;50.11;AUTARQUIA DE URBANIZAÇÃO DO RECIFE - URB RECIFE                                                     ;3;DESPESAS CORRENTES                                                                                  ;2;JUROS E ENCARGOS DA DÍVIDA                                                                          ;90  ;APLICAÇÕES DIRETAS                                                                                                                                      ;;;0.0;153177.51;153177.51
2026;3;EXECUTIVO                                         ;19;SECRETARIA DO TRABALHO E QUALIFICAÇÃO PROFISSIONAL                                                  ;19.01;SECRETARIA DO TRABALHO E QUALIFICAÇÃO PROFISSIONAL - ADMINISTRAÇÃO DIRETA                           ;3;DESPESAS CORRENTES                                                                                  ;1;PESSOAL E ENCARGOS SOCIAIS                                                                          ;90  ;APLICAÇÕES DIRETAS                                                                                                                                      ;;;372860.46;372860.46;374437.55
2026;2;EXECUTIVO                                         ;17;SECRETARIA DE TRANSFORMAÇÃO DIGITAL, CIÊNCIA E TECNOLOGIA                                           ;17.01;SECRETARIA DE TRANSFORMAÇÃO DIGITAL, CIÊNCIA E TECNOLOGIA - ADM. DIRETA                             ;3;DESPESAS CORRENTES                                                                                  ;1;PESSOAL E ENCARGOS SOCIAIS                                                                          ;90  ;APLICAÇÕES DIRETAS                                                                                                                                      ;;;326473.36;326473.36;325765.98
2026;3;EXECUTIVO                                         ;43;PROCURADORIA GERAL DO MUNICÍPIO - ADMINISTRAÇÃO SUPERVISIONADA                                      ;43.03;FUNDO ESPECIAL DE HONORÁRIOS ADVOCATÍCIOS - FEHA                                                    ;3;DESPESAS CORRENTES                                                                                  ;1;PESSOAL E ENCARGOS SOCIAIS                                                                          ;90  ;APLICAÇÕES DIRETAS                                                                                                                                      ;6508000.0;0.0;564385.72;564385.72;0.0
2026;1;EXECUTIVO                                         ;68;SECRETARIA DE ORDEM PÚBLICA E SEGURANÇA - ADMINISTRAÇÃO SUPERVISIONADA                              ;68.02;CONVIVA MERCADOS E FEIRAS - AUTARQUIA MUNICIPAL                                                     ;4;DESPESAS DE CAPITAL                                                                                 ;4;INVESTIMENTOS                                                                                       ;90  ;APLICAÇÕES DIRETAS                                                                                                                                      ;280764.0;250000.0;;;
2026;1;EXECUTIVO                                         ;47;SECRETARIA DE TRANSFORMAÇÃO DIGITAL, CIÊNCIA E TECNOLOGIA - ADMINISTRAÇÃO SUPERVISIONADA            ;47.02;FUNDO MUNICIPAL DE FOMENTO AO EMPREENDEDORISMO - RECIFE ACREDITA - FMFE                             ;4;DESPESAS DE CAPITAL                                                                                 ;5;INVERSÕES FINANCEIRAS                                                                               ;90  ;APLICAÇÕES DIRETAS                                                                                                                                      ;6500000.0;6500000.0;;;
2026;4;EXECUTIVO                                         ;04;GABINETE DE INOVAÇÃO URBANA                                                                         ;04.01;GABINETE DE INOVAÇÃO URBANA - ADMINISTRAÇÃO DIRETA                                                  ;4;DESPESAS DE CAPITAL                                                                                 ;4;INVESTIMENTOS                                                                                       ;90  ;APLICAÇÕES DIRETAS                                                                                                                                      ;120602.28;0.0;;;
2026;1;EXECUTIVO                                         ;62;SECRETARIA DE CULTURA - ADMINISTRAÇÃO SUPERVISIONADA                                                ;62.01;FUNDAÇÃO DE CULTURA CIDADE DO RECIFE - FCCR                                                         ;3;DESPESAS CORRENTES                                                                                  ;1;PESSOAL E ENCARGOS SOCIAIS                                                                          ;91  ;APLICAÇÃO DIRETA DECORRENTE DE OPERAÇÃO ENTRE ÓRGÃOS, FUNDOS E ENTIDADES INTEGRANTES DOS ORÇAMENTOS FISCAL E DE SEGURIDADE SOCIAL                       ;900000.0;900000.0;;;
2026;2;EXECUTIVO                                         ;16;GABINETE DE COMUNICAÇÃO                                                                             ;16.01;GABINETE DE COMUNICAÇÃO - ADMINISTRAÇÃO DIRETA                                                      ;3;DESPESAS CORRENTES                                                                                  ;1;PESSOAL E ENCARGOS SOCIAIS                                                                          ;90  ;APLICAÇÕES DIRETAS                                                                                                                                      ;;;250290.95;250290.95;249959.59
2026;3;EXECUTIVO                                         ;20;SECRETARIA DE INFRAESTRUTURA                                                                        ;20.01;SECRETARIA DE INFRAESTRUTURA - ADMINISTRAÇÃO DIRETA                                                 ;3;DESPESAS CORRENTES                                                                                  ;1;PESSOAL E ENCARGOS SOCIAIS                                                                          ;90  ;APLICAÇÕES DIRETAS                                                                                                                                      ;;;187731.88;187731.88;186952.38
2026;1;EXECUTIVO                                         ;48;SECRETARIA DE SAÚDE - ADMINISTRAÇÃO SUPERVISIONADA                                                  ;48.01;FUNDO MUNICIPAL DE SAÚDE - FMS                                                                      ;3;DESPESAS CORRENTES                                                                                  ;1;PESSOAL E ENCARGOS SOCIAIS                                                                          ;90  ;APLICAÇÕES DIRETAS                                                                                                                                      ;928420500.0;902180000.0;78233542.91;72802667.56;60518759.61
2026;1;EXECUTIVO                                         ;47;SECRETARIA DE TRANSFORMAÇÃO DIGITAL, CIÊNCIA E TECNOLOGIA - ADMINISTRAÇÃO SUPERVISIONADA            ;47.01;EMPRESA MUNICIPAL DE INFORMÁTICA - EMPREL                                                           ;4;DESPESAS DE CAPITAL                                                                                 ;6;AMORTIZAÇÃO DA DÍVIDA                                                                               ;90  ;APLICAÇÕES DIRETAS                                                                                                                                      ;278049.28;0.0;;;
2026;4;EXECUTIVO                                         ;61;SECRETARIA DE ADMINISTRAÇÃO - ADMINISTRAÇÃO SUPERVISIONADA                                          ;61.01;AUTARQUIA MUNICIPAL DE PREVIDÊNCIA E ASSISTÊNCIA À SAÚDE DOS SERVIDORES                             ;3;DESPESAS CORRENTES                                                                                  ;3;OUTRAS DESPESAS CORRENTES                                                                           ;90  ;APLICAÇÕES DIRETAS                                                                                                                                      ;0.0;0.0;8990718.2;9114997.84;9330901.55
2026;2;EXECUTIVO                                         ;03;GAB. DE GERENC. DO PROG. DE REQUALIF. E RESILÊNCIA URB. EM ÁREAS DE VULNERABILIDADE SOCIOAMB.-PROMOR;03.01;GAB. DE GER. DO PROG. REQUALIF. E RESILIÊNCIA URB. EM ÁREAS DE VULNER. SOCIOAMB.-PROMORAR RECIFE - A;3;DESPESAS CORRENTES                                                                                  ;1;PESSOAL E ENCARGOS SOCIAIS                                                                          ;90  ;APLICAÇÕES DIRETAS                                                                                                                                      ;0.0;0.0;411300.15;411300.15;410402.07
2026;1;EXECUTIVO                                         ;50;SECRETARIA DE INFRAESTRUTURA - ADMINISTRAÇÃO SUPERVISIONADA                                         ;50.10;AUTARQUIA DE MANUTENÇÃO E LIMPEZA URBANA - EMLURB                                                   ;3;DESPESAS CORRENTES                                                                                  ;1;PESSOAL E ENCARGOS SOCIAIS                                                                          ;90  ;APLICAÇÕES DIRETAS                                                                                                                                      ;244625000.0;244625000.0;7247566.4;6017088.64;72303.99
2026;4;EXECUTIVO                                         ;17;SECRETARIA DE TRANSFORMAÇÃO DIGITAL, CIÊNCIA E TECNOLOGIA                                           ;17.01;SECRETARIA DE TRANSFORMAÇÃO DIGITAL, CIÊNCIA E TECNOLOGIA - ADM. DIRETA                             ;3;DESPESAS CORRENTES                                                                                  ;1;PESSOAL E ENCARGOS SOCIAIS                                                                          ;90  ;APLICAÇÕES DIRETAS                                                                                                                                      ;;;0.0;0.0;32386.73
2026;1;EXECUTIVO                                         ;05;SECRETARIA DE RELAÇÕES INSTITUCIONAIS                                                               ;05.01;SECRETARIA DE RELAÇÕES INSTITUCIONAIS - ADMINISTRAÇÃO DIRETA                                        ;3;DESPESAS CORRENTES                                                                                  ;3;OUTRAS DESPESAS CORRENTES                                                                           ;90  ;APLICAÇÕES DIRETAS                                                                                                                                      ;500000.0;500000.0;119596.44;0.0;0.0
2026;3;EXECUTIVO                                         ;64;SECRETARIA DE DESENVOLVIMENTO URBANO E LICENCIAMENTO - ADMINISTRAÇÃO SUPERVISIONADA                 ;64.03;FUNDO DE DESENVOLVIMENTO URBANO - FDU                                                               ;3;DESPESAS CORRENTES                                                                                  ;3;OUTRAS DESPESAS CORRENTES                                                                           ;90  ;APLICAÇÕES DIRETAS                                                                                                                                      ;0.0;0.0;3100.0;3100.0;3100.0
2026;4;EXECUTIVO                                         ;48;SECRETARIA DE SAÚDE - ADMINISTRAÇÃO SUPERVISIONADA                                                  ;48.01;FUNDO MUNICIPAL DE SAÚDE - FMS                                                                      ;3;DESPESAS CORRENTES                                                                                  ;1;PESSOAL E ENCARGOS SOCIAIS                                                                          ;91  ;APLICAÇÃO DIRETA DECORRENTE DE OPERAÇÃO ENTRE ÓRGÃOS, FUNDOS E ENTIDADES INTEGRANTES DOS ORÇAMENTOS FISCAL E DE SEGURIDADE SOCIAL                       ;0.0;0.0;2000000.0;7541312.12;7541312.12
2026;3;EXECUTIVO                                         ;22;SECRETARIA DA MULHER                                                                                ;22.01;SECRETARIA DA MULHER - ADMINISTRAÇÃO DIRETA                                                         ;3;DESPESAS CORRENTES                                                                                  ;3;OUTRAS DESPESAS CORRENTES                                                                           ;90  ;APLICAÇÕES DIRETAS                                                                                                                                      ;0.0;0.0;248539.28;374306.89;374136.27
2026;1;EXECUTIVO                                         ;50;SECRETARIA DE INFRAESTRUTURA - ADMINISTRAÇÃO SUPERVISIONADA                                         ;50.10;AUTARQUIA DE MANUTENÇÃO E LIMPEZA URBANA - EMLURB                                                   ;3;DESPESAS CORRENTES                                                                                  ;2;JUROS E ENCARGOS DA DÍVIDA                                                                          ;90  ;APLICAÇÕES DIRETAS                                                                                                                                      ;2000000.0;2000000.0;;;
2026;3;EXECUTIVO                                         ;36;GABINETE DE IMPRENSA                                                                                ;36.01;GABINETE DE IMPRENSA - ADMINISTRAÇÃO DIRETA                                                         ;4;DESPESAS DE CAPITAL                                                                                 ;4;INVESTIMENTOS                                                                                       ;90  ;APLICAÇÕES DIRETAS                                                                                                                                      ;7780.0;0.0;7780.0;7780.0;7780.0
2026;2;EXECUTIVO                                         ;43;PROCURADORIA GERAL DO MUNICÍPIO - ADMINISTRAÇÃO SUPERVISIONADA                                      ;43.03;FUNDO ESPECIAL DE HONORÁRIOS ADVOCATÍCIOS - FEHA                                                    ;3;DESPESAS CORRENTES                                                                                  ;1;PESSOAL E ENCARGOS SOCIAIS                                                                          ;90  ;APLICAÇÕES DIRETAS                                                                                                                                      ;70000.0;0.0;66764.78;66764.78;0.0
2026;4;EXECUTIVO                                         ;60;SECRETARIA DE DIREITOS HUMANOS E JUVENTUDE - ADMINISTRAÇÃO SUPERVISIONADA                           ;60.03;FUNDO MUNICIPAL DOS DIREITOS DA PESSOA IDOSA - FMDPI                                                ;4;DESPESAS DE CAPITAL                                                                                 ;4;INVESTIMENTOS                                                                                       ;90  ;APLICAÇÕES DIRETAS                                                                                                                                      ;0.0;0.0;;;
2026;3;EXECUTIVO                                         ;53;SECRETARIA DE SANEAMENTO - ADMINISTRAÇÃO SUPERVISIONADA                                             ;53.02;FUNDO MUNICIPAL DE SANEAMENTO - FMSAN                                                               ;3;DESPESAS CORRENTES                                                                                  ;3;OUTRAS DESPESAS CORRENTES                                                                           ;90  ;APLICAÇÕES DIRETAS                                                                                                                                      ;0.0;0.0;0.0;872364.36;876105.37
2026;1;EXECUTIVO                                         ;47;SECRETARIA DE TRANSFORMAÇÃO DIGITAL, CIÊNCIA E TECNOLOGIA - ADMINISTRAÇÃO SUPERVISIONADA            ;47.02;FUNDO MUNICIPAL DE FOMENTO AO EMPREENDEDORISMO - RECIFE ACREDITA - FMFE                             ;3;DESPESAS CORRENTES                                                                                  ;3;OUTRAS DESPESAS CORRENTES                                                                           ;90  ;APLICAÇÕES DIRETAS                                                                                                                                      ;10000.0;10000.0;;;
2026;3;EXECUTIVO                                         ;61;SECRETARIA DE ADMINISTRAÇÃO - ADMINISTRAÇÃO SUPERVISIONADA                                          ;61.01;AUTARQUIA MUNICIPAL DE PREVIDÊNCIA E ASSISTÊNCIA À SAÚDE DOS SERVIDORES                             ;3;DESPESAS CORRENTES                                                                                  ;3;OUTRAS DESPESAS CORRENTES                                                                           ;90  ;APLICAÇÕES DIRETAS                                                                                                                                      ;-16883.62;0.0;14702003.41;14071222.62;13943591.79
2026;4;EXECUTIVO                                         ;07;GABINETE DE PROTEÇÃO E DEFESA DOS ANIMAIS                                                           ;07.01;GABINETE DE PROTEÇÃO E DEFESA DOS ANIMAIS - ADMINISTRAÇÃO DIRETA                                    ;4;DESPESAS DE CAPITAL                                                                                 ;4;INVESTIMENTOS                                                                                       ;90  ;APLICAÇÕES DIRETAS                                                                                                                                      ;0.0;0.0;12792.78;64724.7;23191.87
2026;2;EXECUTIVO                                         ;45;SECRETARIA DE FINANÇAS - ADMINISTRAÇÃO SUPERVISIONADA                                               ;45.02;FUNDO ESPECIAL DE INCREMENTO À ARRECADAÇÃO TRIBUTÁRIA - FEIAT                                       ;3;DESPESAS CORRENTES                                                                                  ;3;OUTRAS DESPESAS CORRENTES                                                                           ;90  ;APLICAÇÕES DIRETAS                                                                                                                                      ;0.0;0.0;;;
2026;2;EXECUTIVO                                         ;15;SECRETARIA DE FINANÇAS                                                                              ;15.01;SECRETARIA DE FINANÇAS - ADMINISTRAÇÃO DIRETA                                                       ;3;DESPESAS CORRENTES                                                                                  ;3;OUTRAS DESPESAS CORRENTES                                                                           ;90  ;APLICAÇÕES DIRETAS                                                                                                                                      ;0.0;0.0;-47903.68;543950.43;359716.51
2026;4;EXECUTIVO                                         ;60;SECRETARIA DE DIREITOS HUMANOS E JUVENTUDE - ADMINISTRAÇÃO SUPERVISIONADA                           ;60.01;FUNDO MUNICIPAL DA CRIANÇA E DO ADOLESCENTE - FMCA                                                  ;4;DESPESAS DE CAPITAL                                                                                 ;4;INVESTIMENTOS                                                                                       ;90  ;APLICAÇÕES DIRETAS                                                                                                                                      ;70000.0;0.0;19597.9;19597.9;19597.9
2026;3;EXECUTIVO                                         ;32;SECRETARIA DE CULTURA                                                                               ;32.01;SECRETARIA DE CULTURA - ADMINISTRAÇÃO DIRETA                                                        ;4;DESPESAS DE CAPITAL                                                                                 ;4;INVESTIMENTOS                                                                                       ;90  ;APLICAÇÕES DIRETAS                                                                                                                                      ;2414981.04;0.0;;;
2026;3;EXECUTIVO                                         ;11;SECRETARIA DE ESPORTES                                                                              ;11.01;SECRETARIA DE ESPORTES - ADMINISTRAÇÃO DIRETA                                                       ;3;DESPESAS CORRENTES                                                                                  ;3;OUTRAS DESPESAS CORRENTES                                                                           ;90  ;APLICAÇÕES DIRETAS                                                                                                                                      ;-372534.49;0.0;-1503923.23;3448092.04;3231221.3
2026;2;EXECUTIVO                                         ;10;GABINETE DO PREFEITO                                                                                ;10.01;GABINETE DO PREFEITO - ADMINISTRAÇÃO DIRETA                                                         ;3;DESPESAS CORRENTES                                                                                  ;1;PESSOAL E ENCARGOS SOCIAIS                                                                          ;90  ;APLICAÇÕES DIRETAS                                                                                                                                      ;0.0;0.0;670806.48;670806.48;668499.65
2026;3;EXECUTIVO                                         ;61;SECRETARIA DE ADMINISTRAÇÃO - ADMINISTRAÇÃO SUPERVISIONADA                                          ;61.02;FUNDO PREVIDENCIÁRIO - RECIPREV                                                                     ;3;DESPESAS CORRENTES                                                                                  ;3;OUTRAS DESPESAS CORRENTES                                                                           ;91  ;APLICAÇÃO DIRETA DECORRENTE DE OPERAÇÃO ENTRE ÓRGÃOS, FUNDOS E ENTIDADES INTEGRANTES DOS ORÇAMENTOS FISCAL E DE SEGURIDADE SOCIAL                       ;;;1860175.94;1860175.94;1860175.94
2026;2;EXECUTIVO                                         ;60;SECRETARIA DE DIREITOS HUMANOS E JUVENTUDE - ADMINISTRAÇÃO SUPERVISIONADA                           ;60.03;FUNDO MUNICIPAL DOS DIREITOS DA PESSOA IDOSA - FMDPI                                                ;3;DESPESAS CORRENTES                                                                                  ;3;OUTRAS DESPESAS CORRENTES                                                                           ;90  ;APLICAÇÕES DIRETAS                                                                                                                                      ;9897877.72;0.0;359262.37;335139.55;306429.75
2026;4;EXECUTIVO                                         ;09;ASSESSORIA ESPECIAL DO PREFEITO DO RECIFE                                                           ;09.01;ASSESSORIA ESPECIAL DO PREFEITO DO RECIFE - ADMINISTRAÇÃO DIRETA                                    ;3;DESPESAS CORRENTES                                                                                  ;1;PESSOAL E ENCARGOS SOCIAIS                                                                          ;90  ;APLICAÇÕES DIRETAS                                                                                                                                      ;8661.3;0.0;0.0;0.0;78683.44
2026;3;EXECUTIVO                                         ;27;SECRETARIA DE PLANEJAMENTO E GESTÃO                                                                 ;27.01;SECRETARIA DE PLANEJAMENTO E GESTÃO - ADMINISTRAÇÃO DIRETA                                          ;3;DESPESAS CORRENTES                                                                                  ;3;OUTRAS DESPESAS CORRENTES                                                                           ;50  ;TRANSFERÊNCIAS À INSTITUIÇÕES PRIVADAS SEM FINS LUCRATIVOS                                                                                              ;203731.14;0.0;;;
2026;2;EXECUTIVO                                         ;34;SECRETARIA DE DESENVOLVIMENTO URBANO E LICENCIAMENTO                                                ;34.01;SECRETARIA DE DESENVOLVIMENTO URBANO E LICENCIAMENTO	 - ADMINISTRAÇÃO DIRETA                        ;3;DESPESAS CORRENTES                                                                                  ;1;PESSOAL E ENCARGOS SOCIAIS                                                                          ;90  ;APLICAÇÕES DIRETAS                                                                                                                                      ;0.0;0.0;5165717.62;5165717.62;5181793.63
2026;3;EXECUTIVO                                         ;19;SECRETARIA DO TRABALHO E QUALIFICAÇÃO PROFISSIONAL                                                  ;19.01;SECRETARIA DO TRABALHO E QUALIFICAÇÃO PROFISSIONAL - ADMINISTRAÇÃO DIRETA                           ;3;DESPESAS CORRENTES                                                                                  ;3;OUTRAS DESPESAS CORRENTES                                                                           ;90  ;APLICAÇÕES DIRETAS                                                                                                                                      ;-6858445.39;0.0;857643.89;916092.71;1017744.11
2026;1;EXECUTIVO                                         ;20;SECRETARIA DE INFRAESTRUTURA                                                                        ;20.01;SECRETARIA DE INFRAESTRUTURA - ADMINISTRAÇÃO DIRETA                                                 ;3;DESPESAS CORRENTES                                                                                  ;1;PESSOAL E ENCARGOS SOCIAIS                                                                          ;90  ;APLICAÇÕES DIRETAS                                                                                                                                      ;7580000.0;7580000.0;192508.23;192508.23;173290.36
2026;1;EXECUTIVO                                         ;80;ENCARGOS GERAIS DO MUNICÍPIO                                                                        ;80.02;RECURSOS SOB A GESTÃO DA PROCURADORIA GERAL DO MUNÍCIPIO                                            ;3;DESPESAS CORRENTES                                                                                  ;1;PESSOAL E ENCARGOS SOCIAIS                                                                          ;90  ;APLICAÇÕES DIRETAS                                                                                                                                      ;0.0;6775000.0;;;
2026;4;EXECUTIVO                                         ;10;GABINETE DO PREFEITO                                                                                ;10.01;GABINETE DO PREFEITO - ADMINISTRAÇÃO DIRETA                                                         ;3;DESPESAS CORRENTES                                                                                  ;3;OUTRAS DESPESAS CORRENTES                                                                           ;90  ;APLICAÇÕES DIRETAS                                                                                                                                      ;0.0;0.0;543990.28;415988.98;439744.82
2026;1;EXECUTIVO                                         ;09;ASSESSORIA ESPECIAL DO PREFEITO DO RECIFE                                                           ;09.01;ASSESSORIA ESPECIAL DO PREFEITO DO RECIFE - ADMINISTRAÇÃO DIRETA                                    ;3;DESPESAS CORRENTES                                                                                  ;1;PESSOAL E ENCARGOS SOCIAIS                                                                          ;90  ;APLICAÇÕES DIRETAS                                                                                                                                      ;8820000.0;8820000.0;770513.38;770513.38;695522.42
2026;2;EXECUTIVO                                         ;68;SECRETARIA DE ORDEM PÚBLICA E SEGURANÇA - ADMINISTRAÇÃO SUPERVISIONADA                              ;68.02;CONVIVA MERCADOS E FEIRAS - AUTARQUIA MUNICIPAL                                                     ;4;DESPESAS DE CAPITAL                                                                                 ;4;INVESTIMENTOS                                                                                       ;90  ;APLICAÇÕES DIRETAS                                                                                                                                      ;;;30764.0;30764.0;30764.0
2026;1;EXECUTIVO                                         ;19;SECRETARIA DO TRABALHO E QUALIFICAÇÃO PROFISSIONAL                                                  ;19.01;SECRETARIA DO TRABALHO E QUALIFICAÇÃO PROFISSIONAL - ADMINISTRAÇÃO DIRETA                           ;3;DESPESAS CORRENTES                                                                                  ;1;PESSOAL E ENCARGOS SOCIAIS                                                                          ;90  ;APLICAÇÕES DIRETAS                                                                                                                                      ;6680000.0;6680000.0;453517.67;453517.67;405427.53
2026;3;EXECUTIVO                                         ;48;SECRETARIA DE SAÚDE - ADMINISTRAÇÃO SUPERVISIONADA                                                  ;48.01;FUNDO MUNICIPAL DE SAÚDE - FMS                                                                      ;3;DESPESAS CORRENTES                                                                                  ;1;PESSOAL E ENCARGOS SOCIAIS                                                                          ;90  ;APLICAÇÕES DIRETAS                                                                                                                                      ;11000000.0;0.0;73175441.63;79147756.16;74029388.04
2026;4;EXECUTIVO                                         ;50;SECRETARIA DE INFRAESTRUTURA - ADMINISTRAÇÃO SUPERVISIONADA                                         ;50.11;AUTARQUIA DE URBANIZAÇÃO DO RECIFE - URB RECIFE                                                     ;4;DESPESAS DE CAPITAL                                                                                 ;4;INVESTIMENTOS                                                                                       ;90  ;APLICAÇÕES DIRETAS                                                                                                                                      ;16138760.33;0.0;35923689.13;5969793.79;7759214.7
2026;3;EXECUTIVO                                         ;50;SECRETARIA DE INFRAESTRUTURA - ADMINISTRAÇÃO SUPERVISIONADA                                         ;50.10;AUTARQUIA DE MANUTENÇÃO E LIMPEZA URBANA - EMLURB                                                   ;4;DESPESAS DE CAPITAL                                                                                 ;6;AMORTIZAÇÃO DA DÍVIDA                                                                               ;90  ;APLICAÇÕES DIRETAS                                                                                                                                      ;;;0.0;205689.37;403466.84
2026;4;EXECUTIVO                                         ;80;ENCARGOS GERAIS DO MUNICÍPIO                                                                        ;80.02;RECURSOS SOB A GESTÃO DA PROCURADORIA GERAL DO MUNÍCIPIO                                            ;3;DESPESAS CORRENTES                                                                                  ;3;OUTRAS DESPESAS CORRENTES                                                                           ;90  ;APLICAÇÕES DIRETAS                                                                                                                                      ;;;301780.46;263860.24;358714.25
2026;1;EXECUTIVO                                         ;31;SECRETARIA DE ADMINISTRAÇÃO                                                                         ;31.01;SECRETARIA DE ADMINISTRAÇÃO - ADMINISTRAÇÃO DIRETA                                                  ;4;DESPESAS DE CAPITAL                                                                                 ;4;INVESTIMENTOS                                                                                       ;90  ;APLICAÇÕES DIRETAS                                                                                                                                      ;15900000.0;15900000.0;776255.98;0.0;0.0
2026;2;EXECUTIVO                                         ;25;SECRETARIA DE ARTICULAÇÃO POLÍTICA E SOCIAL                                                         ;25.01;SECRETARIA DE ARTICULAÇÃO POLÍTICA E SOCIAL - ADMINISTRAÇÃO DIRETA                                  ;3;DESPESAS CORRENTES                                                                                  ;1;PESSOAL E ENCARGOS SOCIAIS                                                                          ;90  ;APLICAÇÕES DIRETAS                                                                                                                                      ;0.0;0.0;1518043.44;1518043.44;1517711.07
2026;1;EXECUTIVO                                         ;80;ENCARGOS GERAIS DO MUNICÍPIO                                                                        ;80.03;RECURSOS SOB A GESTÃO DA SECRETARIA DE ADMINISTRAÇÃO                                                ;3;DESPESAS CORRENTES                                                                                  ;3;OUTRAS DESPESAS CORRENTES                                                                           ;90  ;APLICAÇÕES DIRETAS                                                                                                                                      ;15540000.0;15540000.0;11040000.0;551837.13;551837.13
2026;2;EXECUTIVO                                         ;48;SECRETARIA DE SAÚDE - ADMINISTRAÇÃO SUPERVISIONADA                                                  ;48.01;FUNDO MUNICIPAL DE SAÚDE - FMS                                                                      ;3;DESPESAS CORRENTES                                                                                  ;1;PESSOAL E ENCARGOS SOCIAIS                                                                          ;91  ;APLICAÇÃO DIRETA DECORRENTE DE OPERAÇÃO ENTRE ÓRGÃOS, FUNDOS E ENTIDADES INTEGRANTES DOS ORÇAMENTOS FISCAL E DE SEGURIDADE SOCIAL                       ;14883597.01;0.0;100000000.0;22424326.53;22424326.53
2026;2;EXECUTIVO                                         ;38;SECRETARIA DE ORDEM PÚBLICA E SEGURANÇA                                                             ;38.01;SECRETARIA DE ORDEM PÚBLICA E SEGURANÇA - ADMINISTRAÇÃO DIRETA                                      ;3;DESPESAS CORRENTES                                                                                  ;3;OUTRAS DESPESAS CORRENTES                                                                           ;90  ;APLICAÇÕES DIRETAS                                                                                                                                      ;-636080.91;0.0;29235686.62;10627267.27;8587186.38
2026;2;EXECUTIVO                                         ;04;GABINETE DE INOVAÇÃO URBANA                                                                         ;04.01;GABINETE DE INOVAÇÃO URBANA - ADMINISTRAÇÃO DIRETA                                                  ;3;DESPESAS CORRENTES                                                                                  ;3;OUTRAS DESPESAS CORRENTES                                                                           ;90  ;APLICAÇÕES DIRETAS                                                                                                                                      ;;;246416.53;55167.52;0.0
2026;2;EXECUTIVO                                         ;16;GABINETE DE COMUNICAÇÃO                                                                             ;16.01;GABINETE DE COMUNICAÇÃO - ADMINISTRAÇÃO DIRETA                                                      ;3;DESPESAS CORRENTES                                                                                  ;3;OUTRAS DESPESAS CORRENTES                                                                           ;90  ;APLICAÇÕES DIRETAS                                                                                                                                      ;0.0;0.0;96986.56;80934.26;80934.26
2026;2;EXECUTIVO                                         ;07;GABINETE DE PROTEÇÃO E DEFESA DOS ANIMAIS                                                           ;07.01;GABINETE DE PROTEÇÃO E DEFESA DOS ANIMAIS - ADMINISTRAÇÃO DIRETA                                    ;3;DESPESAS CORRENTES                                                                                  ;1;PESSOAL E ENCARGOS SOCIAIS                                                                          ;90  ;APLICAÇÕES DIRETAS                                                                                                                                      ;0.0;0.0;144296.6;144296.6;141399.86
2026;4;EXECUTIVO                                         ;13;PROCURADORIA GERAL DO MUNICÍPIO                                                                     ;13.01;PROCURADORIA GERAL DO MUNICÍPIO - ADMINISTRAÇÃO DIRETA                                              ;3;DESPESAS CORRENTES                                                                                  ;1;PESSOAL E ENCARGOS SOCIAIS                                                                          ;90  ;APLICAÇÕES DIRETAS                                                                                                                                      ;;;0.0;0.0;483160.27
2026;4;EXECUTIVO                                         ;26;SECRETARIA DE PROJETOS ESPECIAIS                                                                    ;26.01;SECRETARIA DE PROJETOS ESPECIAIS - ADMINISTRAÇÃO DIRETA                                             ;3;DESPESAS CORRENTES                                                                                  ;1;PESSOAL E ENCARGOS SOCIAIS                                                                          ;90  ;APLICAÇÕES DIRETAS                                                                                                                                      ;;;0.0;0.0;82772.79
2026;1;EXECUTIVO                                         ;50;SECRETARIA DE INFRAESTRUTURA - ADMINISTRAÇÃO SUPERVISIONADA                                         ;50.11;AUTARQUIA DE URBANIZAÇÃO DO RECIFE - URB RECIFE                                                     ;4;DESPESAS DE CAPITAL                                                                                 ;4;INVESTIMENTOS                                                                                       ;90  ;APLICAÇÕES DIRETAS                                                                                                                                      ;402401119.65;382545000.0;300000.0;0.0;0.0
2026;4;EXECUTIVO                                         ;50;SECRETARIA DE INFRAESTRUTURA - ADMINISTRAÇÃO SUPERVISIONADA                                         ;50.11;AUTARQUIA DE URBANIZAÇÃO DO RECIFE - URB RECIFE                                                     ;3;DESPESAS CORRENTES                                                                                  ;1;PESSOAL E ENCARGOS SOCIAIS                                                                          ;90  ;APLICAÇÕES DIRETAS                                                                                                                                      ;-3000000.0;0.0;6846285.47;2773972.27;814684.08
2026;3;EXECUTIVO                                         ;14;SECRETARIA DE EDUCAÇÃO                                                                              ;14.01;SECRETARIA DE EDUCAÇÃO - ADMINISTRAÇÃO DIRETA                                                       ;3;DESPESAS CORRENTES                                                                                  ;3;OUTRAS DESPESAS CORRENTES                                                                           ;50  ;TRANSFERÊNCIAS À INSTITUIÇÕES PRIVADAS SEM FINS LUCRATIVOS                                                                                              ;30704200.0;0.0;26649534.66;9018738.88;9402471.03
2026;2;EXECUTIVO                                         ;08;GABINETE DO CENTRO DO RECIFE                                                                        ;08.01;GABINETE DO CENTRO DO RECIFE - ADMINISTRAÇÃO DIRETA                                                 ;3;DESPESAS CORRENTES                                                                                  ;1;PESSOAL E ENCARGOS SOCIAIS                                                                          ;90  ;APLICAÇÕES DIRETAS                                                                                                                                      ;;;204314.39;204314.39;204541.05
2026;2;EXECUTIVO                                         ;60;SECRETARIA DE DIREITOS HUMANOS E JUVENTUDE - ADMINISTRAÇÃO SUPERVISIONADA                           ;60.03;FUNDO MUNICIPAL DOS DIREITOS DA PESSOA IDOSA - FMDPI                                                ;4;DESPESAS DE CAPITAL                                                                                 ;4;INVESTIMENTOS                                                                                       ;90  ;APLICAÇÕES DIRETAS                                                                                                                                      ;1000000.0;0.0;;;
2026;2;EXECUTIVO                                         ;61;SECRETARIA DE ADMINISTRAÇÃO - ADMINISTRAÇÃO SUPERVISIONADA                                          ;61.03;FUNDO FINANCEIRO - RECIFIN                                                                          ;3;DESPESAS CORRENTES                                                                                  ;3;OUTRAS DESPESAS CORRENTES                                                                           ;91  ;APLICAÇÃO DIRETA DECORRENTE DE OPERAÇÃO ENTRE ÓRGÃOS, FUNDOS E ENTIDADES INTEGRANTES DOS ORÇAMENTOS FISCAL E DE SEGURIDADE SOCIAL                       ;;;584239.3;584239.3;584239.3
2026;1;EXECUTIVO                                         ;68;SECRETARIA DE ORDEM PÚBLICA E SEGURANÇA - ADMINISTRAÇÃO SUPERVISIONADA                              ;68.02;CONVIVA MERCADOS E FEIRAS - AUTARQUIA MUNICIPAL                                                     ;3;DESPESAS CORRENTES                                                                                  ;1;PESSOAL E ENCARGOS SOCIAIS                                                                          ;90  ;APLICAÇÕES DIRETAS                                                                                                                                      ;18070000.0;18070000.0;13999874.7;943767.5;765709.19
2026;2;EXECUTIVO                                         ;64;SECRETARIA DE DESENVOLVIMENTO URBANO E LICENCIAMENTO - ADMINISTRAÇÃO SUPERVISIONADA                 ;64.01;FUNDO MUNICIPAL DE MEIO AMBIENTE - FMMA                                                             ;4;DESPESAS DE CAPITAL                                                                                 ;4;INVESTIMENTOS                                                                                       ;90  ;APLICAÇÕES DIRETAS                                                                                                                                      ;0.0;0.0;46813.69;0.0;0.0
2026;3;EXECUTIVO                                         ;80;ENCARGOS GERAIS DO MUNICÍPIO                                                                        ;80.03;RECURSOS SOB A GESTÃO DA SECRETARIA DE ADMINISTRAÇÃO                                                ;3;DESPESAS CORRENTES                                                                                  ;1;PESSOAL E ENCARGOS SOCIAIS                                                                          ;91  ;APLICAÇÃO DIRETA DECORRENTE DE OPERAÇÃO ENTRE ÓRGÃOS, FUNDOS E ENTIDADES INTEGRANTES DOS ORÇAMENTOS FISCAL E DE SEGURIDADE SOCIAL                       ;-20000000.0;0.0;-76000000.0;22512223.52;18489049.58
2026;4;EXECUTIVO                                         ;09;ASSESSORIA ESPECIAL DO PREFEITO DO RECIFE                                                           ;09.01;ASSESSORIA ESPECIAL DO PREFEITO DO RECIFE - ADMINISTRAÇÃO DIRETA                                    ;3;DESPESAS CORRENTES                                                                                  ;3;OUTRAS DESPESAS CORRENTES                                                                           ;90  ;APLICAÇÕES DIRETAS                                                                                                                                      ;0.0;0.0;-21502.21;90268.25;90268.25
2026;2;EXECUTIVO                                         ;38;SECRETARIA DE ORDEM PÚBLICA E SEGURANÇA                                                             ;38.01;SECRETARIA DE ORDEM PÚBLICA E SEGURANÇA - ADMINISTRAÇÃO DIRETA                                      ;3;DESPESAS CORRENTES                                                                                  ;1;PESSOAL E ENCARGOS SOCIAIS                                                                          ;90  ;APLICAÇÕES DIRETAS                                                                                                                                      ;0.0;0.0;10317119.63;10317119.63;10340813.57
2026;4;EXECUTIVO                                         ;61;SECRETARIA DE ADMINISTRAÇÃO - ADMINISTRAÇÃO SUPERVISIONADA                                          ;61.01;AUTARQUIA MUNICIPAL DE PREVIDÊNCIA E ASSISTÊNCIA À SAÚDE DOS SERVIDORES                             ;3;DESPESAS CORRENTES                                                                                  ;1;PESSOAL E ENCARGOS SOCIAIS                                                                          ;90  ;APLICAÇÕES DIRETAS                                                                                                                                      ;0.0;0.0;365683.14;408859.16;502327.81
2026;3;EXECUTIVO                                         ;14;SECRETARIA DE EDUCAÇÃO                                                                              ;14.01;SECRETARIA DE EDUCAÇÃO - ADMINISTRAÇÃO DIRETA                                                       ;4;DESPESAS DE CAPITAL                                                                                 ;4;INVESTIMENTOS                                                                                       ;90  ;APLICAÇÕES DIRETAS                                                                                                                                      ;691557.97;0.0;2417045.88;978324.24;693098.62
2026;3;EXECUTIVO                                         ;17;SECRETARIA DE TRANSFORMAÇÃO DIGITAL, CIÊNCIA E TECNOLOGIA                                           ;17.01;SECRETARIA DE TRANSFORMAÇÃO DIGITAL, CIÊNCIA E TECNOLOGIA - ADM. DIRETA                             ;3;DESPESAS CORRENTES                                                                                  ;3;OUTRAS DESPESAS CORRENTES                                                                           ;90  ;APLICAÇÕES DIRETAS                                                                                                                                      ;0.0;0.0;1745614.78;876807.1;643964.14
2026;4;EXECUTIVO                                         ;68;SECRETARIA DE ORDEM PÚBLICA E SEGURANÇA - ADMINISTRAÇÃO SUPERVISIONADA                              ;68.01;AUTARQUIA DE TRÂNSITO E TRANSPORTE URBANO DO RECIFE - CTTU                                          ;4;DESPESAS DE CAPITAL                                                                                 ;4;INVESTIMENTOS                                                                                       ;90  ;APLICAÇÕES DIRETAS                                                                                                                                      ;30823.2;0.0;0.0;274947.78;311451.78
2026;1;EXECUTIVO                                         ;49;SECRETARIA DO TRABALHO E QUALIFICAÇÃO PROFISSIONAL - ADMINISTRAÇÃO SUPERVISIONADA                   ;49.03;FUNDO DO TRABALHO DO MUNICÍPIO DO RECIFE                                                            ;4;DESPESAS DE CAPITAL                                                                                 ;4;INVESTIMENTOS                                                                                       ;50  ;TRANSFERÊNCIAS À INSTITUIÇÕES PRIVADAS SEM FINS LUCRATIVOS                                                                                              ;5000.0;5000.0;;;
2026;4;EXECUTIVO                                         ;47;SECRETARIA DE TRANSFORMAÇÃO DIGITAL, CIÊNCIA E TECNOLOGIA - ADMINISTRAÇÃO SUPERVISIONADA            ;47.01;EMPRESA MUNICIPAL DE INFORMÁTICA - EMPREL                                                           ;3;DESPESAS CORRENTES                                                                                  ;3;OUTRAS DESPESAS CORRENTES                                                                           ;90  ;APLICAÇÕES DIRETAS                                                                                                                                      ;974793.61;0.0;3032905.39;4442435.52;4391420.44
2026;1;EXECUTIVO                                         ;26;SECRETARIA DE PROJETOS ESPECIAIS                                                                    ;26.01;SECRETARIA DE PROJETOS ESPECIAIS - ADMINISTRAÇÃO DIRETA                                             ;3;DESPESAS CORRENTES                                                                                  ;1;PESSOAL E ENCARGOS SOCIAIS                                                                          ;90  ;APLICAÇÕES DIRETAS                                                                                                                                      ;10205000.0;10205000.0;871184.42;871184.42;789537.63
2026;1;EXECUTIVO                                         ;60;SECRETARIA DE DIREITOS HUMANOS E JUVENTUDE - ADMINISTRAÇÃO SUPERVISIONADA                           ;60.03;FUNDO MUNICIPAL DOS DIREITOS DA PESSOA IDOSA - FMDPI                                                ;3;DESPESAS CORRENTES                                                                                  ;3;OUTRAS DESPESAS CORRENTES                                                                           ;90  ;APLICAÇÕES DIRETAS                                                                                                                                      ;1000000.0;1000000.0;;;
2026;4;EXECUTIVO                                         ;48;SECRETARIA DE SAÚDE - ADMINISTRAÇÃO SUPERVISIONADA                                                  ;48.01;FUNDO MUNICIPAL DE SAÚDE - FMS                                                                      ;3;DESPESAS CORRENTES                                                                                  ;1;PESSOAL E ENCARGOS SOCIAIS                                                                          ;90  ;APLICAÇÕES DIRETAS                                                                                                                                      ;0.0;0.0;15468458.11;15759899.28;33635761.73
2026;2;EXECUTIVO                                         ;20;SECRETARIA DE INFRAESTRUTURA                                                                        ;20.01;SECRETARIA DE INFRAESTRUTURA - ADMINISTRAÇÃO DIRETA                                                 ;3;DESPESAS CORRENTES                                                                                  ;3;OUTRAS DESPESAS CORRENTES                                                                           ;90  ;APLICAÇÕES DIRETAS                                                                                                                                      ;-242497.98;0.0;1935.47;43148.68;43148.68
2026;2;EXECUTIVO                                         ;38;SECRETARIA DE ORDEM PÚBLICA E SEGURANÇA                                                             ;38.01;SECRETARIA DE ORDEM PÚBLICA E SEGURANÇA - ADMINISTRAÇÃO DIRETA                                      ;4;DESPESAS DE CAPITAL                                                                                 ;4;INVESTIMENTOS                                                                                       ;90  ;APLICAÇÕES DIRETAS                                                                                                                                      ;1590884.61;0.0;5926564.73;716714.64;627217.69
2026;4;EXECUTIVO                                         ;03;GAB. DE GERENC. DO PROG. DE REQUALIF. E RESILÊNCIA URB. EM ÁREAS DE VULNERABILIDADE SOCIOAMB.-PROMOR;03.01;GAB. DE GER. DO PROG. REQUALIF. E RESILIÊNCIA URB. EM ÁREAS DE VULNER. SOCIOAMB.-PROMORAR RECIFE - A;3;DESPESAS CORRENTES                                                                                  ;3;OUTRAS DESPESAS CORRENTES                                                                           ;90  ;APLICAÇÕES DIRETAS                                                                                                                                      ;0.0;0.0;21817.19;52255.66;52255.66
2026;1;EXECUTIVO                                         ;27;SECRETARIA DE PLANEJAMENTO E GESTÃO                                                                 ;27.01;SECRETARIA DE PLANEJAMENTO E GESTÃO - ADMINISTRAÇÃO DIRETA                                          ;3;DESPESAS CORRENTES                                                                                  ;3;OUTRAS DESPESAS CORRENTES                                                                           ;90  ;APLICAÇÕES DIRETAS                                                                                                                                      ;14000000.0;14000000.0;5474419.19;0.0;0.0
2026;2;EXECUTIVO                                         ;47;SECRETARIA DE TRANSFORMAÇÃO DIGITAL, CIÊNCIA E TECNOLOGIA - ADMINISTRAÇÃO SUPERVISIONADA            ;47.01;EMPRESA MUNICIPAL DE INFORMÁTICA - EMPREL                                                           ;3;DESPESAS CORRENTES                                                                                  ;3;OUTRAS DESPESAS CORRENTES                                                                           ;90  ;APLICAÇÕES DIRETAS                                                                                                                                      ;790358.44;0.0;6677715.36;3303653.74;3245407.15
2026;4;EXECUTIVO                                         ;80;ENCARGOS GERAIS DO MUNICÍPIO                                                                        ;80.01;RECURSOS SOB A GESTÃO DA SECRETARIA DE FINANÇAS                                                     ;3;DESPESAS CORRENTES                                                                                  ;2;JUROS E ENCARGOS DA DÍVIDA                                                                          ;90  ;APLICAÇÕES DIRETAS                                                                                                                                      ;;;24591527.28;24591527.28;32184030.58
2026;2;EXECUTIVO                                         ;10;GABINETE DO PREFEITO                                                                                ;10.01;GABINETE DO PREFEITO - ADMINISTRAÇÃO DIRETA                                                         ;3;DESPESAS CORRENTES                                                                                  ;3;OUTRAS DESPESAS CORRENTES                                                                           ;90  ;APLICAÇÕES DIRETAS                                                                                                                                      ;0.0;0.0;39862.78;73163.56;65667.28
2026;1;EXECUTIVO                                         ;67;SECRETARIA DE HABITAÇÃO - ADMINISTRAÇÃO SUPERVISIONADA                                              ;67.01;FUNDO MUNICIPAL DE HABITAÇÃO DE INTERESSE SOCIAL - FMHIS                                            ;3;DESPESAS CORRENTES                                                                                  ;3;OUTRAS DESPESAS CORRENTES                                                                           ;90  ;APLICAÇÕES DIRETAS                                                                                                                                      ;110000.0;110000.0;32836.98;0.0;0.0
2026;1;EXECUTIVO                                         ;35;SECRETARIA DE TURISMO E LAZER                                                                       ;35.01;SECRETARIA DE TURISMO E LAZER - ADMINISTRAÇÃO DIRETA                                                ;3;DESPESAS CORRENTES                                                                                  ;3;OUTRAS DESPESAS CORRENTES                                                                           ;90  ;APLICAÇÕES DIRETAS                                                                                                                                      ;38861000.0;38861000.0;16109952.08;307151.57;207473.2
2026;1;EXECUTIVO                                         ;52;SECRETARIA DA MULHER - ADMINISTRAÇÃO SUPERVISIONADA                                                 ;52.01;FUNDO MUNICIPAL DE POLÍTICA PARA A MULHER                                                           ;3;DESPESAS CORRENTES                                                                                  ;3;OUTRAS DESPESAS CORRENTES                                                                           ;90  ;APLICAÇÕES DIRETAS                                                                                                                                      ;50000.0;50000.0;;;
2026;1;EXECUTIVO                                         ;14;SECRETARIA DE EDUCAÇÃO                                                                              ;14.01;SECRETARIA DE EDUCAÇÃO - ADMINISTRAÇÃO DIRETA                                                       ;4;DESPESAS DE CAPITAL                                                                                 ;4;INVESTIMENTOS                                                                                       ;90  ;APLICAÇÕES DIRETAS                                                                                                                                      ;111185000.0;111185000.0;3252409.76;0.0;0.0
2026;2;EXECUTIVO                                         ;30;SECRETARIA DE DIREITOS HUMANOS E JUVENTUDE                                                          ;30.01;SECRETARIA DE DIREITOS HUMANOS E JUVENTUDE - ADMINISTRAÇÃO DIRETA                                   ;3;DESPESAS CORRENTES                                                                                  ;3;OUTRAS DESPESAS CORRENTES                                                                           ;90  ;APLICAÇÕES DIRETAS                                                                                                                                      ;-1622274.34;0.0;747920.4;420314.74;379963.17
2026;1;EXECUTIVO                                         ;03;GAB. DE GERENC. DO PROG. DE REQUALIF. E RESILÊNCIA URB. EM ÁREAS DE VULNERABILIDADE SOCIOAMB.-PROMOR;03.01;GAB. DE GER. DO PROG. REQUALIF. E RESILIÊNCIA URB. EM ÁREAS DE VULNER. SOCIOAMB.-PROMORAR RECIFE - A;4;DESPESAS DE CAPITAL                                                                                 ;4;INVESTIMENTOS                                                                                       ;90  ;APLICAÇÕES DIRETAS                                                                                                                                      ;219514445.91;180000000.0;31807392.29;0.0;0.0
2026;2;EXECUTIVO                                         ;50;SECRETARIA DE INFRAESTRUTURA - ADMINISTRAÇÃO SUPERVISIONADA                                         ;50.10;AUTARQUIA DE MANUTENÇÃO E LIMPEZA URBANA - EMLURB                                                   ;3;DESPESAS CORRENTES                                                                                  ;1;PESSOAL E ENCARGOS SOCIAIS                                                                          ;91  ;APLICAÇÃO DIRETA DECORRENTE DE OPERAÇÃO ENTRE ÓRGÃOS, FUNDOS E ENTIDADES INTEGRANTES DOS ORÇAMENTOS FISCAL E DE SEGURIDADE SOCIAL                       ;0.0;0.0;9436.25;9436.25;9436.25
2026;4;EXECUTIVO                                         ;32;SECRETARIA DE CULTURA                                                                               ;32.01;SECRETARIA DE CULTURA - ADMINISTRAÇÃO DIRETA                                                        ;3;DESPESAS CORRENTES                                                                                  ;3;OUTRAS DESPESAS CORRENTES                                                                           ;90  ;APLICAÇÕES DIRETAS                                                                                                                                      ;5000000.0;0.0;-1809.15;35450.35;35450.35
2026;3;EXECUTIVO                                         ;13;PROCURADORIA GERAL DO MUNICÍPIO                                                                     ;13.01;PROCURADORIA GERAL DO MUNICÍPIO - ADMINISTRAÇÃO DIRETA                                              ;3;DESPESAS CORRENTES                                                                                  ;3;OUTRAS DESPESAS CORRENTES                                                                           ;90  ;APLICAÇÕES DIRETAS                                                                                                                                      ;0.0;0.0;88249.52;292063.91;288950.91
2026;1;EXECUTIVO                                         ;80;ENCARGOS GERAIS DO MUNICÍPIO                                                                        ;80.03;RECURSOS SOB A GESTÃO DA SECRETARIA DE ADMINISTRAÇÃO                                                ;3;DESPESAS CORRENTES                                                                                  ;1;PESSOAL E ENCARGOS SOCIAIS                                                                          ;90  ;APLICAÇÕES DIRETAS                                                                                                                                      ;46160000.0;46160000.0;36632102.96;82102.96;73212.16
2026;4;EXECUTIVO                                         ;35;SECRETARIA DE TURISMO E LAZER                                                                       ;35.01;SECRETARIA DE TURISMO E LAZER - ADMINISTRAÇÃO DIRETA                                                ;3;DESPESAS CORRENTES                                                                                  ;3;OUTRAS DESPESAS CORRENTES                                                                           ;90  ;APLICAÇÕES DIRETAS                                                                                                                                      ;0.0;0.0;9180380.9;10436980.34;11683845.56
2026;1;EXECUTIVO                                         ;49;SECRETARIA DO TRABALHO E QUALIFICAÇÃO PROFISSIONAL - ADMINISTRAÇÃO SUPERVISIONADA                   ;49.03;FUNDO DO TRABALHO DO MUNICÍPIO DO RECIFE                                                            ;3;DESPESAS CORRENTES                                                                                  ;3;OUTRAS DESPESAS CORRENTES                                                                           ;90  ;APLICAÇÕES DIRETAS                                                                                                                                      ;40000.0;40000.0;;;
2026;2;EXECUTIVO                                         ;22;SECRETARIA DA MULHER                                                                                ;22.01;SECRETARIA DA MULHER - ADMINISTRAÇÃO DIRETA                                                         ;4;DESPESAS DE CAPITAL                                                                                 ;4;INVESTIMENTOS                                                                                       ;90  ;APLICAÇÕES DIRETAS                                                                                                                                      ;467883.0;0.0;18941.5;0.0;0.0
2026;1;EXECUTIVO                                         ;80;ENCARGOS GERAIS DO MUNICÍPIO                                                                        ;80.01;RECURSOS SOB A GESTÃO DA SECRETARIA DE FINANÇAS                                                     ;3;DESPESAS CORRENTES                                                                                  ;3;OUTRAS DESPESAS CORRENTES                                                                           ;90  ;APLICAÇÕES DIRETAS                                                                                                                                      ;123515500.0;117245000.0;21514310.85;1035324.12;1014124.2
2026;3;EXECUTIVO                                         ;61;SECRETARIA DE ADMINISTRAÇÃO - ADMINISTRAÇÃO SUPERVISIONADA                                          ;61.02;FUNDO PREVIDENCIÁRIO - RECIPREV                                                                     ;3;DESPESAS CORRENTES                                                                                  ;1;PESSOAL E ENCARGOS SOCIAIS                                                                          ;90  ;APLICAÇÕES DIRETAS                                                                                                                                      ;0.0;0.0;18631243.93;18631243.93;18613787.82
2026;2;EXECUTIVO                                         ;11;SECRETARIA DE ESPORTES                                                                              ;11.01;SECRETARIA DE ESPORTES - ADMINISTRAÇÃO DIRETA                                                       ;3;DESPESAS CORRENTES                                                                                  ;1;PESSOAL E ENCARGOS SOCIAIS                                                                          ;90  ;APLICAÇÕES DIRETAS                                                                                                                                      ;0.0;0.0;466910.9;466910.9;464994.67
2026;2;EXECUTIVO                                         ;27;SECRETARIA DE PLANEJAMENTO E GESTÃO                                                                 ;27.01;SECRETARIA DE PLANEJAMENTO E GESTÃO - ADMINISTRAÇÃO DIRETA                                          ;3;DESPESAS CORRENTES                                                                                  ;1;PESSOAL E ENCARGOS SOCIAIS                                                                          ;90  ;APLICAÇÕES DIRETAS                                                                                                                                      ;0.0;0.0;1623562.57;1623562.57;1622118.86
2026;2;EXECUTIVO                                         ;03;GAB. DE GERENC. DO PROG. DE REQUALIF. E RESILÊNCIA URB. EM ÁREAS DE VULNERABILIDADE SOCIOAMB.-PROMOR;03.01;GAB. DE GER. DO PROG. REQUALIF. E RESILIÊNCIA URB. EM ÁREAS DE VULNER. SOCIOAMB.-PROMORAR RECIFE - A;4;DESPESAS DE CAPITAL                                                                                 ;4;INVESTIMENTOS                                                                                       ;90  ;APLICAÇÕES DIRETAS                                                                                                                                      ;0.0;0.0;20345035.17;18009161.76;17747809.62
2026;1;EXECUTIVO                                         ;06;SECRETARIA DE CIDADANIA E CULTURA DE PAZ                                                            ;06.01;SECRETARIA DE CIDADANIA E CULTURA DE PAZ - ADMINISTRAÇÃO DIRETA                                     ;3;DESPESAS CORRENTES                                                                                  ;3;OUTRAS DESPESAS CORRENTES                                                                           ;90  ;APLICAÇÕES DIRETAS                                                                                                                                      ;9000000.0;9000000.0;2759787.47;37000.0;37000.0
2026;1;EXECUTIVO                                         ;18;SECRETARIA DE SAÚDE                                                                                 ;18.01;SECRETARIA DE SAÚDE - ADMINISTRAÇÃO DIRETA                                                          ;4;DESPESAS DE CAPITAL                                                                                 ;4;INVESTIMENTOS                                                                                       ;90  ;APLICAÇÕES DIRETAS                                                                                                                                      ;500.0;500.0;;;
2026;2;EXECUTIVO                                         ;62;SECRETARIA DE CULTURA - ADMINISTRAÇÃO SUPERVISIONADA                                                ;62.02;FUNDO DE INCENTIVO À CULTURA - FIC                                                                  ;3;DESPESAS CORRENTES                                                                                  ;3;OUTRAS DESPESAS CORRENTES                                                                           ;60  ;TRANSFERÊNCIAS À INSTITUIÇÕES PRIVADAS COM FINS LUCRATIVOS                                                                                              ;;;411508.0;537222.1;808863.6
2026;4;EXECUTIVO                                         ;03;GAB. DE GERENC. DO PROG. DE REQUALIF. E RESILÊNCIA URB. EM ÁREAS DE VULNERABILIDADE SOCIOAMB.-PROMOR;03.01;GAB. DE GER. DO PROG. REQUALIF. E RESILIÊNCIA URB. EM ÁREAS DE VULNER. SOCIOAMB.-PROMORAR RECIFE - A;4;DESPESAS DE CAPITAL                                                                                 ;4;INVESTIMENTOS                                                                                       ;90  ;APLICAÇÕES DIRETAS                                                                                                                                      ;25005.73;0.0;-1604697.36;19283058.13;18985252.94
2026;2;EXECUTIVO                                         ;31;SECRETARIA DE ADMINISTRAÇÃO                                                                         ;31.01;SECRETARIA DE ADMINISTRAÇÃO - ADMINISTRAÇÃO DIRETA                                                  ;4;DESPESAS DE CAPITAL                                                                                 ;4;INVESTIMENTOS                                                                                       ;90  ;APLICAÇÕES DIRETAS                                                                                                                                      ;;;-11477.5;192123.86;192123.86
2026;2;EXECUTIVO                                         ;47;SECRETARIA DE TRANSFORMAÇÃO DIGITAL, CIÊNCIA E TECNOLOGIA - ADMINISTRAÇÃO SUPERVISIONADA            ;47.02;FUNDO MUNICIPAL DE FOMENTO AO EMPREENDEDORISMO - RECIFE ACREDITA - FMFE                             ;4;DESPESAS DE CAPITAL                                                                                 ;4;INVESTIMENTOS                                                                                       ;90  ;APLICAÇÕES DIRETAS                                                                                                                                      ;60000.0;0.0;60000.0;60000.0;0.0
2026;4;EXECUTIVO                                         ;62;SECRETARIA DE CULTURA - ADMINISTRAÇÃO SUPERVISIONADA                                                ;62.02;FUNDO DE INCENTIVO À CULTURA - FIC                                                                  ;3;DESPESAS CORRENTES                                                                                  ;3;OUTRAS DESPESAS CORRENTES                                                                           ;90  ;APLICAÇÕES DIRETAS                                                                                                                                      ;;;189461.5;226965.5;250953.1
2026;2;EXECUTIVO                                         ;61;SECRETARIA DE ADMINISTRAÇÃO - ADMINISTRAÇÃO SUPERVISIONADA                                          ;61.01;AUTARQUIA MUNICIPAL DE PREVIDÊNCIA E ASSISTÊNCIA À SAÚDE DOS SERVIDORES                             ;3;DESPESAS CORRENTES                                                                                  ;1;PESSOAL E ENCARGOS SOCIAIS                                                                          ;90  ;APLICAÇÕES DIRETAS                                                                                                                                      ;-50000.0;0.0;411659.58;411659.58;419981.22
2026;4;EXECUTIVO                                         ;43;PROCURADORIA GERAL DO MUNICÍPIO - ADMINISTRAÇÃO SUPERVISIONADA                                      ;43.02;FUNDO ESPECIAL DE APOIO À PROCURADORIA DO MUNICÍPIO DO RECIFE - FEAPMR                              ;3;DESPESAS CORRENTES                                                                                  ;3;OUTRAS DESPESAS CORRENTES                                                                           ;90  ;APLICAÇÕES DIRETAS                                                                                                                                      ;0.0;0.0;72000.0;0.0;0.0
2026;4;EXECUTIVO                                         ;48;SECRETARIA DE SAÚDE - ADMINISTRAÇÃO SUPERVISIONADA                                                  ;48.01;FUNDO MUNICIPAL DE SAÚDE - FMS                                                                      ;4;DESPESAS DE CAPITAL                                                                                 ;4;INVESTIMENTOS                                                                                       ;90  ;APLICAÇÕES DIRETAS                                                                                                                                      ;13660884.32;0.0;1206813.61;3621401.2;5011186.27
2026;1;EXECUTIVO                                         ;05;SECRETARIA DE RELAÇÕES INSTITUCIONAIS                                                               ;05.01;SECRETARIA DE RELAÇÕES INSTITUCIONAIS - ADMINISTRAÇÃO DIRETA                                        ;3;DESPESAS CORRENTES                                                                                  ;1;PESSOAL E ENCARGOS SOCIAIS                                                                          ;90  ;APLICAÇÕES DIRETAS                                                                                                                                      ;2000000.0;2000000.0;228143.18;228143.18;210877.06
2026;4;EXECUTIVO                                         ;47;SECRETARIA DE TRANSFORMAÇÃO DIGITAL, CIÊNCIA E TECNOLOGIA - ADMINISTRAÇÃO SUPERVISIONADA            ;47.01;EMPRESA MUNICIPAL DE INFORMÁTICA - EMPREL                                                           ;3;DESPESAS CORRENTES                                                                                  ;1;PESSOAL E ENCARGOS SOCIAIS                                                                          ;90  ;APLICAÇÕES DIRETAS                                                                                                                                      ;0.0;0.0;5297189.0;5353259.6;5312268.04
2026;2;EXECUTIVO                                         ;22;SECRETARIA DA MULHER                                                                                ;22.01;SECRETARIA DA MULHER - ADMINISTRAÇÃO DIRETA                                                         ;3;DESPESAS CORRENTES                                                                                  ;1;PESSOAL E ENCARGOS SOCIAIS                                                                          ;90  ;APLICAÇÕES DIRETAS                                                                                                                                      ;0.0;0.0;407562.57;407562.57;408014.47
2026;1;EXECUTIVO                                         ;23;SECRETARIA DE SANEAMENTO                                                                            ;23.01;SECRETARIA DE SANEAMENTO - ADMINISTRAÇÃO DIRETA                                                     ;4;DESPESAS DE CAPITAL                                                                                 ;4;INVESTIMENTOS                                                                                       ;90  ;APLICAÇÕES DIRETAS                                                                                                                                      ;85375000.0;85375000.0;8846280.01;0.0;0.0
2026;2;EXECUTIVO                                         ;36;GABINETE DE IMPRENSA                                                                                ;36.01;GABINETE DE IMPRENSA - ADMINISTRAÇÃO DIRETA                                                         ;3;DESPESAS CORRENTES                                                                                  ;3;OUTRAS DESPESAS CORRENTES                                                                           ;90  ;APLICAÇÕES DIRETAS                                                                                                                                      ;0.0;0.0;79777.67;98218.66;44167.76
2026;1;EXECUTIVO                                         ;61;SECRETARIA DE ADMINISTRAÇÃO - ADMINISTRAÇÃO SUPERVISIONADA                                          ;61.03;FUNDO FINANCEIRO - RECIFIN                                                                          ;3;DESPESAS CORRENTES                                                                                  ;1;PESSOAL E ENCARGOS SOCIAIS                                                                          ;90  ;APLICAÇÕES DIRETAS                                                                                                                                      ;624203960.42;597020000.0;45255525.08;45255525.08;32865652.25
2026;3;EXECUTIVO                                         ;61;SECRETARIA DE ADMINISTRAÇÃO - ADMINISTRAÇÃO SUPERVISIONADA                                          ;61.01;AUTARQUIA MUNICIPAL DE PREVIDÊNCIA E ASSISTÊNCIA À SAÚDE DOS SERVIDORES                             ;3;DESPESAS CORRENTES                                                                                  ;1;PESSOAL E ENCARGOS SOCIAIS                                                                          ;90  ;APLICAÇÕES DIRETAS                                                                                                                                      ;16883.62;0.0;1036658.8;483784.35;387900.34
2026;2;EXECUTIVO                                         ;39;SECRETARIA DE MEIO AMBIENTE                                                                         ;39.01;SECRETARIA DE MEIO AMBIENTE - ADMINISTRAÇÃO DIRETA                                                  ;3;DESPESAS CORRENTES                                                                                  ;1;PESSOAL E ENCARGOS SOCIAIS                                                                          ;90  ;APLICAÇÕES DIRETAS                                                                                                                                      ;0.0;0.0;526033.68;526033.68;526411.97
2026;2;EXECUTIVO                                         ;37;SECRETARIA DE HABITAÇÃO                                                                             ;37.01;SECRETARIA DE HABITAÇÃO - ADMINISTRAÇÃO DIRETA                                                      ;4;DESPESAS DE CAPITAL                                                                                 ;4;INVESTIMENTOS                                                                                       ;90  ;APLICAÇÕES DIRETAS                                                                                                                                      ;1625274.34;0.0;180560.34;0.0;0.0
2026;4;EXECUTIVO                                         ;36;GABINETE DE IMPRENSA                                                                                ;36.01;GABINETE DE IMPRENSA - ADMINISTRAÇÃO DIRETA                                                         ;3;DESPESAS CORRENTES                                                                                  ;1;PESSOAL E ENCARGOS SOCIAIS                                                                          ;90  ;APLICAÇÕES DIRETAS                                                                                                                                      ;;;0.0;0.0;54121.1
2026;3;EXECUTIVO                                         ;80;ENCARGOS GERAIS DO MUNICÍPIO                                                                        ;80.01;RECURSOS SOB A GESTÃO DA SECRETARIA DE FINANÇAS                                                     ;4;DESPESAS DE CAPITAL                                                                                 ;6;AMORTIZAÇÃO DA DÍVIDA                                                                               ;90  ;APLICAÇÕES DIRETAS                                                                                                                                      ;20000000.0;0.0;19704918.39;19704918.39;30255577.04
2026;1;EXECUTIVO                                         ;10;GABINETE DO PREFEITO                                                                                ;10.01;GABINETE DO PREFEITO - ADMINISTRAÇÃO DIRETA                                                         ;3;DESPESAS CORRENTES                                                                                  ;1;PESSOAL E ENCARGOS SOCIAIS                                                                          ;90  ;APLICAÇÕES DIRETAS                                                                                                                                      ;11040000.0;11040000.0;688400.58;688400.58;603968.66
2026;1;EXECUTIVO                                         ;12;GABINETE DO VICE-PREFEITO                                                                           ;12.01;GABINETE DO VICE-PREFEITO - ADMINISTRAÇÃO DIRETA                                                    ;3;DESPESAS CORRENTES                                                                                  ;1;PESSOAL E ENCARGOS SOCIAIS                                                                          ;90  ;APLICAÇÕES DIRETAS                                                                                                                                      ;4990000.0;4990000.0;230777.72;230777.72;205278.31
2026;4;EXECUTIVO                                         ;61;SECRETARIA DE ADMINISTRAÇÃO - ADMINISTRAÇÃO SUPERVISIONADA                                          ;61.01;AUTARQUIA MUNICIPAL DE PREVIDÊNCIA E ASSISTÊNCIA À SAÚDE DOS SERVIDORES                             ;3;DESPESAS CORRENTES                                                                                  ;3;OUTRAS DESPESAS CORRENTES                                                                           ;91  ;APLICAÇÃO DIRETA DECORRENTE DE OPERAÇÃO ENTRE ÓRGÃOS, FUNDOS E ENTIDADES INTEGRANTES DOS ORÇAMENTOS FISCAL E DE SEGURIDADE SOCIAL                       ;;;193419.32;193419.32;180266.8
2026;3;EXECUTIVO                                         ;16;GABINETE DE COMUNICAÇÃO                                                                             ;16.01;GABINETE DE COMUNICAÇÃO - ADMINISTRAÇÃO DIRETA                                                      ;3;DESPESAS CORRENTES                                                                                  ;3;OUTRAS DESPESAS CORRENTES                                                                           ;90  ;APLICAÇÕES DIRETAS                                                                                                                                      ;-6649.0;0.0;131260.48;39425.87;35549.63
2026;2;EXECUTIVO                                         ;80;ENCARGOS GERAIS DO MUNICÍPIO                                                                        ;80.02;RECURSOS SOB A GESTÃO DA PROCURADORIA GERAL DO MUNÍCIPIO                                            ;3;DESPESAS CORRENTES                                                                                  ;3;OUTRAS DESPESAS CORRENTES                                                                           ;90  ;APLICAÇÕES DIRETAS                                                                                                                                      ;;;689727.12;689727.12;689145.54
2026;3;EXECUTIVO                                         ;64;SECRETARIA DE DESENVOLVIMENTO URBANO E LICENCIAMENTO - ADMINISTRAÇÃO SUPERVISIONADA                 ;64.01;FUNDO MUNICIPAL DE MEIO AMBIENTE - FMMA                                                             ;3;DESPESAS CORRENTES                                                                                  ;3;OUTRAS DESPESAS CORRENTES                                                                           ;90  ;APLICAÇÕES DIRETAS                                                                                                                                      ;1009000.0;0.0;1008705.07;1012705.07;1012705.07
2026;1;EXECUTIVO                                         ;60;SECRETARIA DE DIREITOS HUMANOS E JUVENTUDE - ADMINISTRAÇÃO SUPERVISIONADA                           ;60.01;FUNDO MUNICIPAL DA CRIANÇA E DO ADOLESCENTE - FMCA                                                  ;3;DESPESAS CORRENTES                                                                                  ;3;OUTRAS DESPESAS CORRENTES                                                                           ;90  ;APLICAÇÕES DIRETAS                                                                                                                                      ;2040000.0;3040000.0;;;
2026;3;EXECUTIVO                                         ;68;SECRETARIA DE ORDEM PÚBLICA E SEGURANÇA - ADMINISTRAÇÃO SUPERVISIONADA                              ;68.01;AUTARQUIA DE TRÂNSITO E TRANSPORTE URBANO DO RECIFE - CTTU                                          ;3;DESPESAS CORRENTES                                                                                  ;3;OUTRAS DESPESAS CORRENTES                                                                           ;90  ;APLICAÇÕES DIRETAS                                                                                                                                      ;1368937.49;0.0;1422137.6;7139061.16;6630549.06
2026;1;EXECUTIVO                                         ;36;GABINETE DE IMPRENSA                                                                                ;36.01;GABINETE DE IMPRENSA - ADMINISTRAÇÃO DIRETA                                                         ;3;DESPESAS CORRENTES                                                                                  ;3;OUTRAS DESPESAS CORRENTES                                                                           ;90  ;APLICAÇÕES DIRETAS                                                                                                                                      ;1095000.0;1095000.0;657838.51;18481.19;18481.19
2026;4;EXECUTIVO                                         ;50;SECRETARIA DE INFRAESTRUTURA - ADMINISTRAÇÃO SUPERVISIONADA                                         ;50.10;AUTARQUIA DE MANUTENÇÃO E LIMPEZA URBANA - EMLURB                                                   ;4;DESPESAS DE CAPITAL                                                                                 ;6;AMORTIZAÇÃO DA DÍVIDA                                                                               ;90  ;APLICAÇÕES DIRETAS                                                                                                                                      ;;;0.0;205689.37;205689.37
2026;1;EXECUTIVO                                         ;80;ENCARGOS GERAIS DO MUNICÍPIO                                                                        ;80.01;RECURSOS SOB A GESTÃO DA SECRETARIA DE FINANÇAS                                                     ;4;DESPESAS DE CAPITAL                                                                                 ;6;AMORTIZAÇÃO DA DÍVIDA                                                                               ;90  ;APLICAÇÕES DIRETAS                                                                                                                                      ;243960000.0;228960000.0;;;
2026;4;EXECUTIVO                                         ;22;SECRETARIA DA MULHER                                                                                ;22.01;SECRETARIA DA MULHER - ADMINISTRAÇÃO DIRETA                                                         ;4;DESPESAS DE CAPITAL                                                                                 ;4;INVESTIMENTOS                                                                                       ;90  ;APLICAÇÕES DIRETAS                                                                                                                                      ;;;5860.0;12803.78;12803.78
2026;3;EXECUTIVO                                         ;37;SECRETARIA DE HABITAÇÃO                                                                             ;37.01;SECRETARIA DE HABITAÇÃO - ADMINISTRAÇÃO DIRETA                                                      ;3;DESPESAS CORRENTES                                                                                  ;1;PESSOAL E ENCARGOS SOCIAIS                                                                          ;90  ;APLICAÇÕES DIRETAS                                                                                                                                      ;0.0;0.0;231171.36;231171.36;231674.95
2026;3;EXECUTIVO                                         ;34;SECRETARIA DE DESENVOLVIMENTO URBANO E LICENCIAMENTO                                                ;34.01;SECRETARIA DE DESENVOLVIMENTO URBANO E LICENCIAMENTO	 - ADMINISTRAÇÃO DIRETA                        ;4;DESPESAS DE CAPITAL                                                                                 ;4;INVESTIMENTOS                                                                                       ;90  ;APLICAÇÕES DIRETAS                                                                                                                                      ;-20000000.0;0.0;;;
2026;2;EXECUTIVO                                         ;13;PROCURADORIA GERAL DO MUNICÍPIO                                                                     ;13.01;PROCURADORIA GERAL DO MUNICÍPIO - ADMINISTRAÇÃO DIRETA                                              ;3;DESPESAS CORRENTES                                                                                  ;3;OUTRAS DESPESAS CORRENTES                                                                           ;90  ;APLICAÇÕES DIRETAS                                                                                                                                      ;0.0;0.0;451106.73;276725.29;281606.49
2026;3;EXECUTIVO                                         ;34;SECRETARIA DE DESENVOLVIMENTO URBANO E LICENCIAMENTO                                                ;34.01;SECRETARIA DE DESENVOLVIMENTO URBANO E LICENCIAMENTO	 - ADMINISTRAÇÃO DIRETA                        ;3;DESPESAS CORRENTES                                                                                  ;3;OUTRAS DESPESAS CORRENTES                                                                           ;90  ;APLICAÇÕES DIRETAS                                                                                                                                      ;0.0;0.0;241379.63;842575.43;564700.63
2026;2;EXECUTIVO                                         ;43;PROCURADORIA GERAL DO MUNICÍPIO - ADMINISTRAÇÃO SUPERVISIONADA                                      ;43.01;FUNDO MUNICIPAL DE DEFESA DO CONSUMIDOR - FUNDEC                                                    ;3;DESPESAS CORRENTES                                                                                  ;3;OUTRAS DESPESAS CORRENTES                                                                           ;90  ;APLICAÇÕES DIRETAS                                                                                                                                      ;0.0;0.0;61232.0;0.0;0.0
2026;2;EXECUTIVO                                         ;61;SECRETARIA DE ADMINISTRAÇÃO - ADMINISTRAÇÃO SUPERVISIONADA                                          ;61.03;FUNDO FINANCEIRO - RECIFIN                                                                          ;3;DESPESAS CORRENTES                                                                                  ;1;PESSOAL E ENCARGOS SOCIAIS                                                                          ;90  ;APLICAÇÕES DIRETAS                                                                                                                                      ;53213036.0;0.0;45456679.71;45456679.71;45211127.56
2026;4;EXECUTIVO                                         ;17;SECRETARIA DE TRANSFORMAÇÃO DIGITAL, CIÊNCIA E TECNOLOGIA                                           ;17.01;SECRETARIA DE TRANSFORMAÇÃO DIGITAL, CIÊNCIA E TECNOLOGIA - ADM. DIRETA                             ;3;DESPESAS CORRENTES                                                                                  ;3;OUTRAS DESPESAS CORRENTES                                                                           ;90  ;APLICAÇÕES DIRETAS                                                                                                                                      ;-974793.61;0.0;441238.92;240750.65;262650.0
2026;3;EXECUTIVO                                         ;39;SECRETARIA DE MEIO AMBIENTE                                                                         ;39.01;SECRETARIA DE MEIO AMBIENTE - ADMINISTRAÇÃO DIRETA                                                  ;3;DESPESAS CORRENTES                                                                                  ;3;OUTRAS DESPESAS CORRENTES                                                                           ;90  ;APLICAÇÕES DIRETAS                                                                                                                                      ;0.0;0.0;194591.06;312740.29;307500.1
2026;5;EXECUTIVO                                         ;62;SECRETARIA DE CULTURA - ADMINISTRAÇÃO SUPERVISIONADA                                                ;62.01;FUNDAÇÃO DE CULTURA CIDADE DO RECIFE - FCCR                                                         ;3;DESPESAS CORRENTES                                                                                  ;3;OUTRAS DESPESAS CORRENTES                                                                           ;90  ;APLICAÇÕES DIRETAS                                                                                                                                      ;0.0;0.0;1619.0;0.0;0.0
2026;4;EXECUTIVO                                         ;34;SECRETARIA DE DESENVOLVIMENTO URBANO E LICENCIAMENTO                                                ;34.01;SECRETARIA DE DESENVOLVIMENTO URBANO E LICENCIAMENTO	 - ADMINISTRAÇÃO DIRETA                        ;3;DESPESAS CORRENTES                                                                                  ;1;PESSOAL E ENCARGOS SOCIAIS                                                                          ;90  ;APLICAÇÕES DIRETAS                                                                                                                                      ;;;0.0;0.0;883426.27
2026;3;EXECUTIVO                                         ;50;SECRETARIA DE INFRAESTRUTURA - ADMINISTRAÇÃO SUPERVISIONADA                                         ;50.10;AUTARQUIA DE MANUTENÇÃO E LIMPEZA URBANA - EMLURB                                                   ;3;DESPESAS CORRENTES                                                                                  ;2;JUROS E ENCARGOS DA DÍVIDA                                                                          ;90  ;APLICAÇÕES DIRETAS                                                                                                                                      ;;;0.0;142360.58;142360.58
2026;1;EXECUTIVO                                         ;51;SECRETARIA DE DESENVOLVIMENTO ECONÔMICO - ADMINISTRAÇÃO SUPERVISIONADA                              ;51.03;FUNDO DE REVITALIZAÇÃO DO BAIRRO DO RECIFE - FRBR                                                   ;3;DESPESAS CORRENTES                                                                                  ;3;OUTRAS DESPESAS CORRENTES                                                                           ;90  ;APLICAÇÕES DIRETAS                                                                                                                                      ;10000.0;10000.0;;;
2026;1;EXECUTIVO                                         ;15;SECRETARIA DE FINANÇAS                                                                              ;15.01;SECRETARIA DE FINANÇAS - ADMINISTRAÇÃO DIRETA                                                       ;4;DESPESAS DE CAPITAL                                                                                 ;4;INVESTIMENTOS                                                                                       ;90  ;APLICAÇÕES DIRETAS                                                                                                                                      ;7000000.0;7000000.0;;;
2026;1;EXECUTIVO                                         ;07;GABINETE DE PROTEÇÃO E DEFESA DOS ANIMAIS                                                           ;07.01;GABINETE DE PROTEÇÃO E DEFESA DOS ANIMAIS - ADMINISTRAÇÃO DIRETA                                    ;3;DESPESAS CORRENTES                                                                                  ;3;OUTRAS DESPESAS CORRENTES                                                                           ;90  ;APLICAÇÕES DIRETAS                                                                                                                                      ;1525000.0;1640000.0;2955.27;800.0;800.0
2026;4;EXECUTIVO                                         ;80;ENCARGOS GERAIS DO MUNICÍPIO                                                                        ;80.01;RECURSOS SOB A GESTÃO DA SECRETARIA DE FINANÇAS                                                     ;4;DESPESAS DE CAPITAL                                                                                 ;6;AMORTIZAÇÃO DA DÍVIDA                                                                               ;90  ;APLICAÇÕES DIRETAS                                                                                                                                      ;6194264.77;0.0;23114262.56;23114262.56;30259697.05
2026;1;EXECUTIVO                                         ;59;SECRETARIA DE ASSISTÊNCIA SOCIAL E COMBATE À FOME - ADM. SUPERVISIONADA                             ;59.01;FUNDO MUNICIPAL DE ASSISTÊNCIA SOCIAL - FMAS                                                        ;3;DESPESAS CORRENTES                                                                                  ;3;OUTRAS DESPESAS CORRENTES                                                                           ;90  ;APLICAÇÕES DIRETAS                                                                                                                                      ;114724000.0;117294000.0;6046326.09;1086577.19;1013276.19
2026;1;EXECUTIVO                                         ;07;GABINETE DE PROTEÇÃO E DEFESA DOS ANIMAIS                                                           ;07.01;GABINETE DE PROTEÇÃO E DEFESA DOS ANIMAIS - ADMINISTRAÇÃO DIRETA                                    ;3;DESPESAS CORRENTES                                                                                  ;1;PESSOAL E ENCARGOS SOCIAIS                                                                          ;90  ;APLICAÇÕES DIRETAS                                                                                                                                      ;1170000.0;1170000.0;141670.3;141670.3;128786.73
2026;4;EXECUTIVO                                         ;50;SECRETARIA DE INFRAESTRUTURA - ADMINISTRAÇÃO SUPERVISIONADA                                         ;50.10;AUTARQUIA DE MANUTENÇÃO E LIMPEZA URBANA - EMLURB                                                   ;3;DESPESAS CORRENTES                                                                                  ;2;JUROS E ENCARGOS DA DÍVIDA                                                                          ;90  ;APLICAÇÕES DIRETAS                                                                                                                                      ;;;0.0;144849.43;144849.43
2026;4;EXECUTIVO                                         ;31;SECRETARIA DE ADMINISTRAÇÃO                                                                         ;31.01;SECRETARIA DE ADMINISTRAÇÃO - ADMINISTRAÇÃO DIRETA                                                  ;4;DESPESAS DE CAPITAL                                                                                 ;4;INVESTIMENTOS                                                                                       ;90  ;APLICAÇÕES DIRETAS                                                                                                                                      ;569295.0;0.0;12600.0;36985.2;36985.2
2026;4;EXECUTIVO                                         ;22;SECRETARIA DA MULHER                                                                                ;22.01;SECRETARIA DA MULHER - ADMINISTRAÇÃO DIRETA                                                         ;3;DESPESAS CORRENTES                                                                                  ;3;OUTRAS DESPESAS CORRENTES                                                                           ;90  ;APLICAÇÕES DIRETAS                                                                                                                                      ;0.0;0.0;87208.19;416689.79;416364.6
2026;2;EXECUTIVO                                         ;06;SECRETARIA DE CIDADANIA E CULTURA DE PAZ                                                            ;06.01;SECRETARIA DE CIDADANIA E CULTURA DE PAZ - ADMINISTRAÇÃO DIRETA                                     ;4;DESPESAS DE CAPITAL                                                                                 ;4;INVESTIMENTOS                                                                                       ;90  ;APLICAÇÕES DIRETAS                                                                                                                                      ;139500.0;0.0;4500.0;0.0;0.0
2026;1;EXECUTIVO                                         ;19;SECRETARIA DO TRABALHO E QUALIFICAÇÃO PROFISSIONAL                                                  ;19.01;SECRETARIA DO TRABALHO E QUALIFICAÇÃO PROFISSIONAL - ADMINISTRAÇÃO DIRETA                           ;3;DESPESAS CORRENTES                                                                                  ;3;OUTRAS DESPESAS CORRENTES                                                                           ;90  ;APLICAÇÕES DIRETAS                                                                                                                                      ;16940000.0;16940000.0;;;
2026;3;EXECUTIVO                                         ;10;GABINETE DO PREFEITO                                                                                ;10.01;GABINETE DO PREFEITO - ADMINISTRAÇÃO DIRETA                                                         ;4;DESPESAS DE CAPITAL                                                                                 ;4;INVESTIMENTOS                                                                                       ;90  ;APLICAÇÕES DIRETAS                                                                                                                                      ;4480.5;0.0;4480.5;4480.5;4480.5
