Ano;Mês;Código da Função;Função;Código de Sub-função;Sub-função;Código de Programa;Programa;Código da Ação;Ação;Código da Fonte;Fonte;Dotação Inicial;Dotação Atualizada;Empenhado;Liquidado;Pago
2026;1;08  ;ASSISTÊNCIA SOCIAL                                     ;244 ;ASSISTÊNCIA COMUNITÁRIA                                                                                                 ;1204;FORTALECIMENTO DO SISTEMA ÚNICO DE ASSISTÊNCIA SOCIAL                                                                   ;2519;DESENVOLVIMENTO DAS AÇÕES DE PROTEÇÃO SOCIAL ESPECIAL                                                                                                                                                   ;0700;OUTRAS TRANSF. CONV. OU INSTRUM. CONGÊNERES - UNIÃO    ;9200000.0;9200000.0;0.0;0.0;0.0
2026;1;10  ;SAÚDE                                                  ;301 ;ATENÇÃO BÁSICA                                                                                                          ;2107;GESTÃO DAS POLÍTICAS MUNICIPAIS DE SAÚDE                                                                                ;2074;COORDENAÇÃO, SUPERVISÃO E EXECUÇÃO DAS POLÍTICAS DE SAÚDE NA ATENÇÃO BÁSICA                                                                                                                             ;0604;TRANSF. DO GOV. FEDERAL - VENCIMENTO DOS AGENTES COMUNI;83000000.0;83000000.0;0.0;0.0;0.0
2026;1;12  ;EDUCAÇÃO                                               ;306 ;ALIMENTAÇÃO E NUTRIÇÃO                                                                                                  ;1207;SUPORTE E APOIO EFETIVOS PARA UMA EDUCAÇÃO DE QUALIDADE                                                                 ;2127;ALIMENTAÇÃO ESCOLAR                                                                                                                                                                                     ;0500;RECURSOS NÃO VINCULADOS DE IMPOSTOS                    ;75000000.0;75000000.0;0.0;0.0;0.0
2026;1;15  ;URBANISMO                                              ;453 ;TRANSPORTES COLETIVOS URBANOS                                                                                           ;1304;MOBILIDADE URBANA E ACESSIBILIDADE                                                                                      ;2510;GERENCIAMENTO DO TRÂNSITO E DO TRANSPORTE PÚBLICO                                                                                                                                                       ;0500;RECURSOS NÃO VINCULADOS DE IMPOSTOS                    ;5157000.0;5157000.0;835166.57;251782.17;251782.17
2026;1;10  ;SAÚDE                                                  ;125 ;NORMATIZAÇÃO E FISCALIZAÇÃO                                                                                             ;1239;MELHORIA DA GESTÃO DO SISTEMA DE SAÚDE                                                                                  ;2886;IMPLEMENTAÇÃO E FORTALECIMENTO DO CONTROLE SOCIAL NA GESTÃO DAS POLÍTICAS DE SAÚDE DO MUNICÍPIO                                                                                                         ;0500;RECURSOS NÃO VINCULADOS DE IMPOSTOS                    ;800000.0;800000.0;340405.98;36187.54;5475.47
2026;1;15  ;URBANISMO                                              ;273 ;PREVIDÊNCIA COMPLEMENTAR                                                                                                ;3101;GESTÃO DOS ENCARGOS GERAIS DO MUNICÍPIO                                                                                 ;9022;ENCARGOS COM A PREVIDÊNCIA SOCIAL DOS SERVIDORES - REGIME GERAL                                                                                                                                         ;0753;RECURSOS PROVENIENTES DE TAXAS E CONTRIBUIÇÕES         ;5000000.0;5000000.0;0.0;0.0;0.0
2026;1;15  ;URBANISMO                                              ;451 ;INFRA-ESTRUTURA URBANA                                                                                                  ;1304;MOBILIDADE URBANA E ACESSIBILIDADE                                                                                      ;2143;PROMOÇÃO DA MOBILIDADE E ACESSIBILIDADE                                                                                                                                                                 ;0500;RECURSOS NÃO VINCULADOS DE IMPOSTOS                    ;80000.0;80000.0;0.0;0.0;0.0
2026;1;04  ;ADMINISTRAÇÃO                                          ;129 ;ADMINISTRAÇÃO DE RECEITAS                                                                                               ;2122;GESTÃO PÚBLICA DE EXCELÊNCIA                                                                                            ;1040;MODERNIZAÇÃO ADMINISTRATIVA E FISCAL DO MUNICÍPIO                                                                                                                                                       ;0500;RECURSOS NÃO VINCULADOS DE IMPOSTOS                    ;2000000.0;2000000.0;0.0;0.0;0.0
2026;1;14  ;DIREITOS DA CIDADANIA                                  ;422 ;DIREITOS INDIVIDUAIS, COLETIVOS E DIFUSOS                                                                               ;2160;GESTÃO DAS POLÍTICAS MUNICIPAIS                                                                                         ;2282;COORDENAÇÃO, SUPERVISÃO E EXECUÇÃO DAS POLÍTICAS DE ORDEM PÚBLICA E SEGURANÇA                                                                                                                           ;0501;OUTROS RECURSOS NÃO VINCULADOS                         ;18745000.0;18745000.0;0.0;0.0;0.0
2026;1;10  ;SAÚDE                                                  ;301 ;ATENÇÃO BÁSICA                                                                                                          ;1216;FORTALECIMENTO E QUALIFICAÇÃO DA ATENÇÃO BÁSICA EM SAÚDE                                                                ;2321;GARANTIA DA OFERTA DE PROCEDIMENTOS ATRAVÉS DA REDE COMPLEMENTAR - ATENÇÃO BÁSICA                                                                                                                       ;0600;TRANSF. FUNDO A FUNDO SUS GOV. FED. - BL. MANUTENÇÃO SE;40000000.0;40000000.0;0.0;0.0;0.0
2026;1;13  ;CULTURA                                                ;391 ;PATRIMÔNIO HISTÓRICO, ARTÍSTICO E ARQUEOLÓGICO                                                                          ;1211;VALORIZAÇÃO DA CULTURA                                                                                                  ;1039;REFORMA, AMPLIAÇÃO E EQUIPAGEM DE BENS CULTURAIS                                                                                                                                                        ;0700;OUTRAS TRANSF. CONV. OU INSTRUM. CONGÊNERES - UNIÃO    ;200000.0;200000.0;0.0;0.0;0.0
2026;1;12  ;EDUCAÇÃO                                               ;361 ;ENSINO FUNDAMENTAL                                                                                                      ;3103;GESTÃO DOS ENCARGOS GERAIS DO SETOR EDUCACIONAL                                                                         ;9022;ENCARGOS COM A PREVIDÊNCIA SOCIAL DOS SERVIDORES - REGIME GERAL                                                                                                                                         ;0500;RECURSOS NÃO VINCULADOS DE IMPOSTOS                    ;55000000.0;55000000.0;57.94;57.94;57.94
2026;1;08  ;ASSISTÊNCIA SOCIAL                                     ;243 ;ASSISTÊNCIA À CRIANÇA E AO ADOLESCENTE                                                                                  ;1247;PROMOÇÃO E FORTALECIMENTO DA POLÍTICA DA PRIMEIRA INFÂNCIA                                                              ;2113;APOIO À PRIMEIRA INFÂNCIA                                                                                                                                                                               ;0665;TRANSF. CONV. E INSTRUM. CONGÊNERES ASSISTÊNCIA SOCIAL ;300000.0;300000.0;0.0;0.0;0.0
2026;1;04  ;ADMINISTRAÇÃO                                          ;122 ;ADMINISTRAÇÃO GERAL                                                                                                     ;2160;GESTÃO DAS POLÍTICAS MUNICIPAIS                                                                                         ;2027;COORDENAÇÃO, SUPERVISÃO E EXECUÇÃO DAS AÇÕES MUNICIPAIS DE ADMINISTRAÇÃO                                                                                                                                ;0799;OUTRAS VINCULAÇÕES LEGAIS                              ;600000.0;600000.0;600000.0;24125.08;24125.08
2026;1;08  ;ASSISTÊNCIA SOCIAL                                     ;122 ;ADMINISTRAÇÃO GERAL                                                                                                     ;2161;GESTÃO ADMINISTRATIVA DOS ÓRGÃOS, ENTIDADES E FUNDOS MUNICIPAIS                                                         ;2723;APOIO ADMINISTRATIVO ÀS AÇÕES DA UNIDADE ORÇAMENTÁRIA                                                                                                                                                   ;0500;RECURSOS NÃO VINCULADOS DE IMPOSTOS                    ;1060000.0;11080000.0;159717.9;0.0;0.0
2026;1;28  ;ENCARGOS ESPECIAIS                                     ;846 ;OUTROS ENCARGOS ESPECIAIS                                                                                               ;3101;GESTÃO DOS ENCARGOS GERAIS DO MUNICÍPIO                                                                                 ;9002;CONTRIBUIÇÕES PARA O PIS/PASEP                                                                                                                                                                          ;0500;RECURSOS NÃO VINCULADOS DE IMPOSTOS                    ;30000.0;6031000.0;6011000.0;593342.28;593342.28
2026;1;13  ;CULTURA                                                ;392 ;DIFUSÃO CULTURAL                                                                                                        ;2160;GESTÃO DAS POLÍTICAS MUNICIPAIS                                                                                         ;2212;COORDENAÇÃO, SUPERVISÃO E EXECUÇÃO DAS POLÍTICAS DE CULTURA DO MUNICÍPIO                                                                                                                                ;0500;RECURSOS NÃO VINCULADOS DE IMPOSTOS                    ;22000000.0;22000000.0;1348628.52;1348628.52;1046869.03
2026;1;12  ;EDUCAÇÃO                                               ;306 ;ALIMENTAÇÃO E NUTRIÇÃO                                                                                                  ;1207;SUPORTE E APOIO EFETIVOS PARA UMA EDUCAÇÃO DE QUALIDADE                                                                 ;2127;ALIMENTAÇÃO ESCOLAR                                                                                                                                                                                     ;0551;TRANSF. DE RECURSOS DO FNDE REFERENTES AO PDDE         ;53000.0;53000.0;0.0;0.0;0.0
2026;1;12  ;EDUCAÇÃO                                               ;366 ;EDUCAÇÃO DE JOVENS E ADULTOS                                                                                            ;1206;ORGANIZAÇÃO EFICAZ DO ENSINO E DA APRENDIZAGEM                                                                          ;2183;REALIZAÇÃO DE POLÍTICAS DE INCENTIVO À FORMAÇÃO DE JOVENS PARA A CIDADANIA E O TRABALHO                                                                                                                 ;0569;OUTRAS TRANSFERÊNCIAS DE RECURSOS DO FNDE              ;4810000.0;4810000.0;0.0;0.0;0.0
2026;1;23  ;COMÉRCIO E SERVIÇOS                                    ;122 ;ADMINISTRAÇÃO GERAL                                                                                                     ;2161;GESTÃO ADMINISTRATIVA DOS ÓRGÃOS, ENTIDADES E FUNDOS MUNICIPAIS                                                         ;2723;APOIO ADMINISTRATIVO ÀS AÇÕES DA UNIDADE ORÇAMENTÁRIA                                                                                                                                                   ;0501;OUTROS RECURSOS NÃO VINCULADOS                         ;1510000.0;3900000.0;132745.38;0.0;0.0
2026;1;09  ;PREVIDÊNCIA SOCIAL                                     ;272 ;PREVIDÊNCIA DO REGIME ESTATUTÁRIO                                                                                       ;3101;GESTÃO DOS ENCARGOS GERAIS DO MUNICÍPIO                                                                                 ;9007;ENCARGOS COM INATIVOS E PENSIONISTAS DO SETOR EDUCACIONAL - REGIME PRÓPRIO DO MUNICÍPIO                                                                                                                 ;0801;RECURSOS VINC. AO RPPS - FUNDO REP. (PLANO FINANC.)    ;120000000.0;120000000.0;10614.58;10614.58;10614.58
2026;1;04  ;ADMINISTRAÇÃO                                          ;122 ;ADMINISTRAÇÃO GERAL                                                                                                     ;2160;GESTÃO DAS POLÍTICAS MUNICIPAIS                                                                                         ;2055;PLANEJAMENTO DA AÇÃO GOVERNAMENTAL                                                                                                                                                                      ;0500;RECURSOS NÃO VINCULADOS DE IMPOSTOS                    ;11000000.0;11000000.0;2070368.66;171523.64;171523.64
2026;1;10  ;SAÚDE                                                  ;305 ;VIGILÂNCIA EPIDEMIOLÓGICA                                                                                               ;1217;FORTALECIMENTO DAS AÇÕES DE VIGILÂNCIA EM SAÚDE                                                                         ;2612;FORTALECIMENTO DAS AÇÕES DE VIGILÂNCIA AMBIENTAL PARA O CONTROLE DE DOENÇAS E AGRAVOS                                                                                                                   ;0604;TRANSF. DO GOV. FEDERAL - VENCIMENTO DOS AGENTES COMUNI;25230000.0;25230000.0;0.0;0.0;0.0
2026;1;04  ;ADMINISTRAÇÃO                                          ;131 ;COMUNICAÇÃO SOCIAL                                                                                                      ;2160;GESTÃO DAS POLÍTICAS MUNICIPAIS                                                                                         ;2156;COORDENAÇÃO, SUPERVISÃO E EXECUÇÃO DAS POLÍTICAS DE COMUNICAÇÃO                                                                                                                                         ;0500;RECURSOS NÃO VINCULADOS DE IMPOSTOS                    ;73570000.0;72420000.0;2667233.29;1573490.33;1365659.07
2026;1;15  ;URBANISMO                                              ;451 ;INFRA-ESTRUTURA URBANA                                                                                                  ;2160;GESTÃO DAS POLÍTICAS MUNICIPAIS                                                                                         ;2328;COORDENAÇÃO, SUPERVISÃO E EXECUÇÃO DO PROGRAMA PROMORAR                                                                                                                                                 ;0500;RECURSOS NÃO VINCULADOS DE IMPOSTOS                    ;4310000.0;4310000.0;402710.25;402710.25;368637.76
2026;1;15  ;URBANISMO                                              ;451 ;INFRA-ESTRUTURA URBANA                                                                                                  ;1304;MOBILIDADE URBANA E ACESSIBILIDADE                                                                                      ;1563;CONSOLIDAÇÃO E MELHORAMENTO DO SISTEMA VIÁRIO                                                                                                                                                           ;0706;TRANSFERÊNCIA ESPECIAL DA UNIÃO                        ;2600000.0;2600000.0;0.0;0.0;0.0
2026;1;23  ;COMÉRCIO E SERVIÇOS                                    ;694 ;SERVIÇOS FINANCEIROS                                                                                                    ;1321;FORTALECIMENTO DE ATIVIDADES ECONÔMICAS                                                                                 ;2105;APOIO AO EMPREENDEDORISMO                                                                                                                                                                               ;0500;RECURSOS NÃO VINCULADOS DE IMPOSTOS                    ;2500000.0;2500000.0;0.0;0.0;0.0
2026;1;14  ;DIREITOS DA CIDADANIA                                  ;422 ;DIREITOS INDIVIDUAIS, COLETIVOS E DIFUSOS                                                                               ;2160;GESTÃO DAS POLÍTICAS MUNICIPAIS                                                                                         ;2282;COORDENAÇÃO, SUPERVISÃO E EXECUÇÃO DAS POLÍTICAS DE ORDEM PÚBLICA E SEGURANÇA                                                                                                                           ;0720;TRANSF. DA UNIÃO REF. ÀS PARTICIPAÇÕES NA EXPLORAÇÃO DE;23440000.0;23190000.0;0.0;0.0;0.0
2026;1;04  ;ADMINISTRAÇÃO                                          ;846 ;OUTROS ENCARGOS ESPECIAIS                                                                                               ;3101;GESTÃO DOS ENCARGOS GERAIS DO MUNICÍPIO                                                                                 ;2701;ENCARGOS COM OBRIGAÇÕES TRIBUTÁRIAS E CONTRIBUTIVAS                                                                                                                                                     ;0500;RECURSOS NÃO VINCULADOS DE IMPOSTOS                    ;10000.0;10000.0;8157.53;8157.53;8157.53
2026;1;14  ;DIREITOS DA CIDADANIA                                  ;422 ;DIREITOS INDIVIDUAIS, COLETIVOS E DIFUSOS                                                                               ;1222;PROMOÇÃO DOS DIREITOS HUMANOS, CIDADANIA E IGUALDADE ÉTNICO-RACIAL                                                      ;2029;IMPLEMENTAÇÃO DAS AÇÕES DE PROMOÇÃO E DEFESA DOS DIREITOS HUMANOS                                                                                                                                       ;0500;RECURSOS NÃO VINCULADOS DE IMPOSTOS                    ;7520000.0;7520000.0;616138.7;552138.7;472140.22
2026;1;15  ;URBANISMO                                              ;243 ;ASSISTÊNCIA À CRIANÇA E AO ADOLESCENTE                                                                                  ;1247;PROMOÇÃO E FORTALECIMENTO DA POLÍTICA DA PRIMEIRA INFÂNCIA                                                              ;2113;APOIO À PRIMEIRA INFÂNCIA                                                                                                                                                                               ;0754;RECURSOS DE OPERAÇÕES DE CRÉDITO                       ;130000000.0;130000000.0;1812218.47;0.0;0.0
2026;1;09  ;PREVIDÊNCIA SOCIAL                                     ;272 ;PREVIDÊNCIA DO REGIME ESTATUTÁRIO                                                                                       ;3101;GESTÃO DOS ENCARGOS GERAIS DO MUNICÍPIO                                                                                 ;9009;ENCARGOS COM INATIVOS E PENSIONISTAS DO IASC - REGIME PRÓPRIO DO MUNICÍPIO                                                                                                                              ;0800;RECURSOS VINC. AO RPPS - FUNDO CAPIT. (PLANO PREV.)    ;10000.0;60000.0;3274.44;3274.44;2735.24
2026;1;13  ;CULTURA                                                ;846 ;OUTROS ENCARGOS ESPECIAIS                                                                                               ;3101;GESTÃO DOS ENCARGOS GERAIS DO MUNICÍPIO                                                                                 ;2701;ENCARGOS COM OBRIGAÇÕES TRIBUTÁRIAS E CONTRIBUTIVAS                                                                                                                                                     ;0500;RECURSOS NÃO VINCULADOS DE IMPOSTOS                    ;10000.0;10000.0;0.0;0.0;0.0
2026;1;10  ;SAÚDE                                                  ;122 ;ADMINISTRAÇÃO GERAL                                                                                                     ;1236;EXPANSÃO E MELHORIA NA INFRAESTRUTURA DE ATENDIMENTO EM SAÚDE                                                           ;1659;CONSTRUÇÃO, REFORMA, AMPLIAÇÃO E EQUIPAGEM DE UNIDADES DE SAÚDE                                                                                                                                         ;0754;RECURSOS DE OPERAÇÕES DE CRÉDITO                       ;100000.0;100000.0;0.0;0.0;0.0
2026;1;12  ;EDUCAÇÃO                                               ;365 ;EDUCAÇÃO INFANTIL                                                                                                       ;1247;PROMOÇÃO E FORTALECIMENTO DA POLÍTICA DA PRIMEIRA INFÂNCIA                                                              ;2113;APOIO À PRIMEIRA INFÂNCIA                                                                                                                                                                               ;0500;RECURSOS NÃO VINCULADOS DE IMPOSTOS                    ;3110000.0;3110000.0;0.0;0.0;0.0
2026;1;28  ;ENCARGOS ESPECIAIS                                     ;846 ;OUTROS ENCARGOS ESPECIAIS                                                                                               ;3101;GESTÃO DOS ENCARGOS GERAIS DO MUNICÍPIO                                                                                 ;9002;CONTRIBUIÇÕES PARA O PIS/PASEP                                                                                                                                                                          ;0708;TRANSF. UNIÃO À COMP. FINANC. REC. MINERAIS            ;0.0;16000.0;8000.0;1478.24;1478.24
2026;1;23  ;COMÉRCIO E SERVIÇOS                                    ;272 ;PREVIDÊNCIA DO REGIME ESTATUTÁRIO                                                                                       ;3101;GESTÃO DOS ENCARGOS GERAIS DO MUNICÍPIO                                                                                 ;9021;ENCARGOS COM A PREVIDÊNCIA SOCIAL DOS SERVIDORES - REGIME PRÓPRIO                                                                                                                                       ;0500;RECURSOS NÃO VINCULADOS DE IMPOSTOS                    ;10000.0;10000.0;0.0;0.0;0.0
2026;1;15  ;URBANISMO                                              ;182 ;DEFESA CIVIL                                                                                                            ;1303;GESTÃO DE RISCO EM ENCOSTAS E ALAGADOS                                                                                  ;2211;DEFESA CIVIL PERMANENTE                                                                                                                                                                                 ;0500;RECURSOS NÃO VINCULADOS DE IMPOSTOS                    ;56040000.0;56040000.0;17730327.78;2434200.0;2434200.0
2026;1;10  ;SAÚDE                                                  ;305 ;VIGILÂNCIA EPIDEMIOLÓGICA                                                                                               ;1217;FORTALECIMENTO DAS AÇÕES DE VIGILÂNCIA EM SAÚDE                                                                         ;2087;FORTALECIMENTO DAS AÇÕES DE VIGILÂNCIA EPIDEMIOLÓGICA PARA O CONTROLE DE DOENÇAS E AGRAVOS                                                                                                              ;0600;TRANSF. FUNDO A FUNDO SUS GOV. FED. - BL. MANUTENÇÃO SE;1920000.0;6289962.0;1078277.84;17097.7;11210.25
2026;1;09  ;PREVIDÊNCIA SOCIAL                                     ;272 ;PREVIDÊNCIA DO REGIME ESTATUTÁRIO                                                                                       ;3101;GESTÃO DOS ENCARGOS GERAIS DO MUNICÍPIO                                                                                 ;9035;COMPENSAÇÕES A REGIMES DE PREVIDÊNCIA                                                                                                                                                                   ;0800;RECURSOS VINC. AO RPPS - FUNDO CAPIT. (PLANO PREV.)    ;10000.0;10000.0;0.0;0.0;0.0
2026;1;08  ;ASSISTÊNCIA SOCIAL                                     ;244 ;ASSISTÊNCIA COMUNITÁRIA                                                                                                 ;1241;PROMOÇÃO DAS POLÍTICAS DE PREVENÇÃO, TRATAMENTO E REINSERÇÃO SOCIAL AOS USUÁRIOS E DEPENDENTES DE DROGAS                ;2265;IMPLEMENTAÇÃO DE POLÍTICAS DE PREVENÇÃO, TRATAMENTO E REINSERÇÃO SOCIAL DE USUÁRIOS E DEPENDENTES DE DROGAS                                                                                             ;0665;TRANSF. CONV. E INSTRUM. CONGÊNERES ASSISTÊNCIA SOCIAL ;450000.0;450000.0;0.0;0.0;0.0
2026;1;04  ;ADMINISTRAÇÃO                                          ;124 ;CONTROLE INTERNO                                                                                                        ;2164;FORTALECIMENTO DO SISTEMA DE CONTROLE INTERNO                                                                           ;2015;GESTÃO E APERFEIÇOAMENTO DO CONTROLE INTERNO DA ADMINISTRAÇÃO MUNICIPAL                                                                                                                                 ;0500;RECURSOS NÃO VINCULADOS DE IMPOSTOS                    ;13870000.0;13870000.0;1059054.22;1059054.22;885842.85
2026;1;04  ;ADMINISTRAÇÃO                                          ;128 ;FORMAÇÃO DE RECURSOS HUMANOS                                                                                            ;2160;GESTÃO DAS POLÍTICAS MUNICIPAIS                                                                                         ;2100;CAPACITAÇÃO E FORMAÇÃO PROFISSIONAL                                                                                                                                                                     ;0500;RECURSOS NÃO VINCULADOS DE IMPOSTOS                    ;160000.0;160000.0;0.0;0.0;0.0
2026;1;12  ;EDUCAÇÃO                                               ;365 ;EDUCAÇÃO INFANTIL                                                                                                       ;1247;PROMOÇÃO E FORTALECIMENTO DA POLÍTICA DA PRIMEIRA INFÂNCIA                                                              ;1036;EXPANSÃO DA REDE FÍSICA DO ENSINO INFANTIL                                                                                                                                                              ;0500;RECURSOS NÃO VINCULADOS DE IMPOSTOS                    ;25000000.0;25000000.0;1502528.39;0.0;0.0
2026;1;04  ;ADMINISTRAÇÃO                                          ;122 ;ADMINISTRAÇÃO GERAL                                                                                                     ;2161;GESTÃO ADMINISTRATIVA DOS ÓRGÃOS, ENTIDADES E FUNDOS MUNICIPAIS                                                         ;2017;GERENCIAMENTO DAS JUNTAS DE SERVIÇO MILITAR                                                                                                                                                             ;0500;RECURSOS NÃO VINCULADOS DE IMPOSTOS                    ;10000.0;10000.0;0.0;0.0;0.0
2026;1;12  ;EDUCAÇÃO                                               ;367 ;EDUCAÇÃO ESPECIAL                                                                                                       ;1206;ORGANIZAÇÃO EFICAZ DO ENSINO E DA APRENDIZAGEM                                                                          ;2182;IMPLEMENTAÇÃO DE MECANISMOS DE INCLUSÃO ESC. PARA ESTUDANTES COM DEFICIÊNCIAS E/OU DOENÇAS RARAS. (EP)                                                                                                  ;0500;RECURSOS NÃO VINCULADOS DE IMPOSTOS                    ;15135000.0;15135000.0;0.0;0.0;0.0
2026;1;14  ;DIREITOS DA CIDADANIA                                  ;422 ;DIREITOS INDIVIDUAIS, COLETIVOS E DIFUSOS                                                                               ;2160;GESTÃO DAS POLÍTICAS MUNICIPAIS                                                                                         ;2282;COORDENAÇÃO, SUPERVISÃO E EXECUÇÃO DAS POLÍTICAS DE ORDEM PÚBLICA E SEGURANÇA                                                                                                                           ;0500;RECURSOS NÃO VINCULADOS DE IMPOSTOS                    ;110660000.0;110660000.0;10992053.82;10992053.82;9021913.41
2026;1;23  ;COMÉRCIO E SERVIÇOS                                    ;695 ;TURISMO                                                                                                                 ;1213;PROMOÇÃO DO TURISMO NO RECIFE                                                                                           ;2862;ESTRUTURAÇÃO E MANUTENÇÃO DE EQUIPAMENTOS PÚBLICOS COM POTENCIAL TURÍSTICO                                                                                                                              ;0500;RECURSOS NÃO VINCULADOS DE IMPOSTOS                    ;755000.0;755000.0;0.0;0.0;0.0
2026;1;06  ;SEGURANÇA PÚBLICA                                      ;422 ;DIREITOS INDIVIDUAIS, COLETIVOS E DIFUSOS                                                                               ;1252;PROMOÇÃO DOS DIREITOS HUMANOS, CIDADANIA E IGUALDADE ÉTNICO-RACIAL                                                      ;2147;SEGURANÇA NOS LOCAIS PÚBLICOS SOB JURISDIÇÃO DA CIDADE DO RECIFE                                                                                                                                        ;0500;RECURSOS NÃO VINCULADOS DE IMPOSTOS                    ;3780000.0;3780000.0;3104916.8;0.0;0.0
2026;1;11  ;TRABALHO                                               ;122 ;ADMINISTRAÇÃO GERAL                                                                                                     ;2161;GESTÃO ADMINISTRATIVA DOS ÓRGÃOS, ENTIDADES E FUNDOS MUNICIPAIS                                                         ;2723;APOIO ADMINISTRATIVO ÀS AÇÕES DA UNIDADE ORÇAMENTÁRIA                                                                                                                                                   ;0500;RECURSOS NÃO VINCULADOS DE IMPOSTOS                    ;2000000.0;2000000.0;0.0;0.0;0.0
2026;1;10  ;SAÚDE                                                  ;301 ;ATENÇÃO BÁSICA                                                                                                          ;1216;FORTALECIMENTO E QUALIFICAÇÃO DA ATENÇÃO BÁSICA EM SAÚDE                                                                ;2724;MANUTENÇÃO DA REDE BÁSICA DE SAÚDE                                                                                                                                                                      ;0600;TRANSF. FUNDO A FUNDO SUS GOV. FED. - BL. MANUTENÇÃO SE;77010000.0;77010000.0;24812346.78;1321754.1;1041659.42
2026;1;27  ;DESPORTO E LAZER                                       ;695 ;TURISMO                                                                                                                 ;2160;GESTÃO DAS POLÍTICAS MUNICIPAIS                                                                                         ;2280;COORDENAÇÃO, SUPERVISÃO E EXECUÇÃO DAS POLÍTICAS DE TURISMO E LAZER                                                                                                                                     ;0700;OUTRAS TRANSF. CONV. OU INSTRUM. CONGÊNERES - UNIÃO    ;3000000.0;3000000.0;0.0;0.0;0.0
2026;1;09  ;PREVIDÊNCIA SOCIAL                                     ;272 ;PREVIDÊNCIA DO REGIME ESTATUTÁRIO                                                                                       ;3101;GESTÃO DOS ENCARGOS GERAIS DO MUNICÍPIO                                                                                 ;9005;ENCARGOS COM INATIVOS E PENSIONISTAS DO SISTEMA PREVIDENCIÁRIO - REGIME PRÓPRIO DO MUNICÍPIO (ADM. DIRETA)                                                                                              ;0801;RECURSOS VINC. AO RPPS - FUNDO REP. (PLANO FINANC.)    ;150000000.0;150000000.0;13088545.64;13088545.64;13088461.93
2026;1;15  ;URBANISMO                                              ;846 ;OUTROS ENCARGOS ESPECIAIS                                                                                               ;3101;GESTÃO DOS ENCARGOS GERAIS DO MUNICÍPIO                                                                                 ;2701;ENCARGOS COM OBRIGAÇÕES TRIBUTÁRIAS E CONTRIBUTIVAS                                                                                                                                                     ;0500;RECURSOS NÃO VINCULADOS DE IMPOSTOS                    ;10000.0;10000.0;0.0;0.0;0.0
2026;1;10  ;SAÚDE                                                  ;301 ;ATENÇÃO BÁSICA                                                                                                          ;1236;EXPANSÃO E MELHORIA NA INFRAESTRUTURA DE ATENDIMENTO EM SAÚDE                                                           ;1032;CONSTRUÇÃO, REFORMA, AMPLIAÇÃO E EQUIPAGEM DE UNIDADES DE SAÚDE NA ATENÇÃO BÁSICA                                                                                                                       ;0754;RECURSOS DE OPERAÇÕES DE CRÉDITO                       ;2900000.0;2900000.0;0.0;0.0;0.0
2026;1;15  ;URBANISMO                                              ;451 ;INFRA-ESTRUTURA URBANA                                                                                                  ;1303;GESTÃO DE RISCO EM ENCOSTAS E ALAGADOS                                                                                  ;1574;URBANIZAÇÃO DE ÁREAS DE RISCO                                                                                                                                                                           ;0500;RECURSOS NÃO VINCULADOS DE IMPOSTOS                    ;40000000.0;40000000.0;0.0;0.0;0.0
2026;1;12  ;EDUCAÇÃO                                               ;361 ;ENSINO FUNDAMENTAL                                                                                                      ;3103;GESTÃO DOS ENCARGOS GERAIS DO SETOR EDUCACIONAL                                                                         ;2149;ENCARGOS COM BENEFÍCIOS AOS SERVIDORES DO SETOR EDUCACIONAL                                                                                                                                             ;0500;RECURSOS NÃO VINCULADOS DE IMPOSTOS                    ;9200000.0;9200000.0;1331141.25;1331141.25;1331141.25
2026;1;10  ;SAÚDE                                                  ;302 ;ASSISTÊNCIA HOSPITALAR E AMBULATORIAL                                                                                   ;1238;FORTALECIMENTO E QUALIFICAÇÃO DA ATENÇÃO À SAÚDE DE MÉDIA E ALTA COMPLEXIDADE                                           ;2085;GARANTIA DA OFERTA DE PROCEDIMENTOS ATRAVÉS DA REDE PRÓPRIA                                                                                                                                             ;0605;ASSIST. FINANCEIRA DA UNIÃO - COMPLEMENTAÇÃO PISOS SALA;24770000.0;24770000.0;0.0;0.0;0.0
2026;1;14  ;DIREITOS DA CIDADANIA                                  ;422 ;DIREITOS INDIVIDUAIS, COLETIVOS E DIFUSOS                                                                               ;1252;PROMOÇÃO DOS DIREITOS HUMANOS, CIDADANIA E IGUALDADE ÉTNICO-RACIAL                                                      ;2093;ESTRUTURAÇÃO E MANUTENÇÃO DOS CENTROS COMUNITÁRIOS DA PAZ - COMPAZ                                                                                                                                      ;0500;RECURSOS NÃO VINCULADOS DE IMPOSTOS                    ;8000000.0;8000000.0;2214715.87;37000.0;37000.0
2026;1;18  ;GESTÃO AMBIENTAL                                       ;122 ;ADMINISTRAÇÃO GERAL                                                                                                     ;2161;GESTÃO ADMINISTRATIVA DOS ÓRGÃOS, ENTIDADES E FUNDOS MUNICIPAIS                                                         ;2723;APOIO ADMINISTRATIVO ÀS AÇÕES DA UNIDADE ORÇAMENTÁRIA                                                                                                                                                   ;0500;RECURSOS NÃO VINCULADOS DE IMPOSTOS                    ;1580000.0;1580000.0;513523.02;0.0;0.0
2026;1;10  ;SAÚDE                                                  ;301 ;ATENÇÃO BÁSICA                                                                                                          ;1216;FORTALECIMENTO E QUALIFICAÇÃO DA ATENÇÃO BÁSICA EM SAÚDE                                                                ;2620;IMPLEMENTAÇÃO DAS ESTRATÉGIAS PARA GRUPOS ESPECÍFICOS                                                                                                                                                   ;0500;RECURSOS NÃO VINCULADOS DE IMPOSTOS                    ;1300000.0;1300000.0;97335.72;0.0;0.0
2026;1;10  ;SAÚDE                                                  ;302 ;ASSISTÊNCIA HOSPITALAR E AMBULATORIAL                                                                                   ;1238;FORTALECIMENTO E QUALIFICAÇÃO DA ATENÇÃO À SAÚDE DE MÉDIA E ALTA COMPLEXIDADE                                           ;2883;GARANTIA DA OFERTA DE PROCEDIMENTOS ATRAVÉS DA REDE COMPLEMENTAR                                                                                                                                        ;0601;TRANSF. FUNDO A FUNDO SUS GOV. FED. - BL. ESTRUTURAÇÃO ;3990000.0;3990000.0;0.0;0.0;0.0
2026;1;27  ;DESPORTO E LAZER                                       ;812 ;DESPORTO COMUNITÁRIO                                                                                                    ;1226;PROMOÇÃO DE POLÍTICAS DE INCENTIVO AO ESPORTE E PRÁTICA DE EXERCÍCIO FÍSICO PARA PROMOÇÃO DA SAÚDE                      ;2281;MELHORIA E AMPLIAÇÃO DA REDE FÍSICA DE ESPORTE E REDE DE EXERCÍCIO FÍSICO NA SAÚDE                                                                                                                      ;0500;RECURSOS NÃO VINCULADOS DE IMPOSTOS                    ;190000.0;190000.0;0.0;0.0;0.0
2026;1;10  ;SAÚDE                                                  ;302 ;ASSISTÊNCIA HOSPITALAR E AMBULATORIAL                                                                                   ;1238;FORTALECIMENTO E QUALIFICAÇÃO DA ATENÇÃO À SAÚDE DE MÉDIA E ALTA COMPLEXIDADE                                           ;2883;GARANTIA DA OFERTA DE PROCEDIMENTOS ATRAVÉS DA REDE COMPLEMENTAR                                                                                                                                        ;0500;RECURSOS NÃO VINCULADOS DE IMPOSTOS                    ;35010000.0;35010000.0;0.0;0.0;0.0
2026;1;12  ;EDUCAÇÃO                                               ;366 ;EDUCAÇÃO DE JOVENS E ADULTOS                                                                                            ;1206;ORGANIZAÇÃO EFICAZ DO ENSINO E DA APRENDIZAGEM                                                                          ;2183;REALIZAÇÃO DE POLÍTICAS DE INCENTIVO À FORMAÇÃO DE JOVENS PARA A CIDADANIA E O TRABALHO                                                                                                                 ;0500;RECURSOS NÃO VINCULADOS DE IMPOSTOS                    ;28450000.0;28450000.0;1002338.7;1002338.7;778764.3
2026;1;04  ;ADMINISTRAÇÃO                                          ;122 ;ADMINISTRAÇÃO GERAL                                                                                                     ;2161;GESTÃO ADMINISTRATIVA DOS ÓRGÃOS, ENTIDADES E FUNDOS MUNICIPAIS                                                         ;2723;APOIO ADMINISTRATIVO ÀS AÇÕES DA UNIDADE ORÇAMENTÁRIA                                                                                                                                                   ;0749;OUTRAS VINCULAÇÕES DE TRANSFERÊNCIAS                   ;10000.0;10000.0;0.0;0.0;0.0
2026;1;17  ;SANEAMENTO                                             ;512 ;SANEAMENTO BÁSICO URBANO                                                                                                ;1220;PROMOÇÃO DE POLÍTICAS DE SANEAMENTO                                                                                     ;1579;URBANIZAÇÃO DA BACIA DO BEBERIBE                                                                                                                                                                        ;0700;OUTRAS TRANSF. CONV. OU INSTRUM. CONGÊNERES - UNIÃO    ;12875000.0;12875000.0;2468108.65;0.0;0.0
2026;1;10  ;SAÚDE                                                  ;122 ;ADMINISTRAÇÃO GERAL                                                                                                     ;3104;ATENDIMENTO DE SAÚDE AOS SERVIDORES BENEFICIÁRIOS DO SAÚDE RECIFE                                                       ;2075;GESTÃO DAS AÇÕES DO SAÚDE-RECIFE                                                                                                                                                                        ;0799;OUTRAS VINCULAÇÕES LEGAIS                              ;7000000.0;7000000.0;329394.03;90305.62;80208.01
2026;1;17  ;SANEAMENTO                                             ;512 ;SANEAMENTO BÁSICO URBANO                                                                                                ;1220;PROMOÇÃO DE POLÍTICAS DE SANEAMENTO                                                                                     ;1579;URBANIZAÇÃO DA BACIA DO BEBERIBE                                                                                                                                                                        ;0754;RECURSOS DE OPERAÇÕES DE CRÉDITO                       ;10000000.0;10000000.0;1948730.15;0.0;0.0
2026;1;15  ;URBANISMO                                              ;451 ;INFRA-ESTRUTURA URBANA                                                                                                  ;1304;MOBILIDADE URBANA E ACESSIBILIDADE                                                                                      ;2510;GERENCIAMENTO DO TRÂNSITO E DO TRANSPORTE PÚBLICO                                                                                                                                                       ;0501;OUTROS RECURSOS NÃO VINCULADOS                         ;950000.0;950000.0;0.0;0.0;0.0
2026;1;28  ;ENCARGOS ESPECIAIS                                     ;846 ;OUTROS ENCARGOS ESPECIAIS                                                                                               ;3101;GESTÃO DOS ENCARGOS GERAIS DO MUNICÍPIO                                                                                 ;9002;CONTRIBUIÇÕES PARA O PIS/PASEP                                                                                                                                                                          ;0704;TRANSF. UNIÃO - COMPENSAÇÕES FINANCEIRAS PELA EXPL. DE ;10000.0;10000.0;50.0;3.7;0.0
2026;1;15  ;URBANISMO                                              ;122 ;ADMINISTRAÇÃO GERAL                                                                                                     ;2161;GESTÃO ADMINISTRATIVA DOS ÓRGÃOS, ENTIDADES E FUNDOS MUNICIPAIS                                                         ;2723;APOIO ADMINISTRATIVO ÀS AÇÕES DA UNIDADE ORÇAMENTÁRIA                                                                                                                                                   ;0500;RECURSOS NÃO VINCULADOS DE IMPOSTOS                    ;242572000.0;242226901.0;19386293.35;11994895.31;823731.23
2026;1;08  ;ASSISTÊNCIA SOCIAL                                     ;243 ;ASSISTÊNCIA À CRIANÇA E AO ADOLESCENTE                                                                                  ;1201;PROTEÇÃO INTEGRAL E DEFESA DOS DIREITOS DA CRIANÇA E DO ADOLESCENTE                                                     ;2869;APOIO E MANUTENÇÃO DOS CONSELHOS TUTELARES                                                                                                                                                              ;0500;RECURSOS NÃO VINCULADOS DE IMPOSTOS                    ;1650000.0;1650000.0;180380.45;136302.45;136302.45
2026;1;28  ;ENCARGOS ESPECIAIS                                     ;846 ;OUTROS ENCARGOS ESPECIAIS                                                                                               ;3101;GESTÃO DOS ENCARGOS GERAIS DO MUNICÍPIO                                                                                 ;9004;COMPROMISSOS DECORRENTES DE SENTENÇAS JUDICIAIS                                                                                                                                                         ;0757;REC. DEP. JUDICIAIS-LIDES DAS QUAIS O ENTE FAZ PARTE   ;35600000.0;35600000.0;197254.21;7884.07;7884.07
2026;1;15  ;URBANISMO                                              ;452 ;SERVIÇOS URBANOS                                                                                                        ;1323;MANUTENÇÃO URBANA                                                                                                       ;2541;MANUTENÇÃO DO SISTEMA VIÁRIO                                                                                                                                                                            ;0750;RECURSOS DA CIDE                                       ;1145000.0;1141500.0;0.0;0.0;0.0
2026;1;15  ;URBANISMO                                              ;243 ;ASSISTÊNCIA À CRIANÇA E AO ADOLESCENTE                                                                                  ;1247;PROMOÇÃO E FORTALECIMENTO DA POLÍTICA DA PRIMEIRA INFÂNCIA                                                              ;2113;APOIO À PRIMEIRA INFÂNCIA                                                                                                                                                                               ;0500;RECURSOS NÃO VINCULADOS DE IMPOSTOS                    ;110000.0;110000.0;0.0;0.0;0.0
2026;1;15  ;URBANISMO                                              ;331 ;PROTEÇÃO E BENEFÍCIOS AO TRABALHADOR                                                                                    ;3101;GESTÃO DOS ENCARGOS GERAIS DO MUNICÍPIO                                                                                 ;2153;ENCARGOS COM BENEFÍCIOS AOS SERVIDORES                                                                                                                                                                  ;0753;RECURSOS PROVENIENTES DE TAXAS E CONTRIBUIÇÕES         ;2020000.0;2020000.0;770000.0;0.0;0.0
2026;1;10  ;SAÚDE                                                  ;302 ;ASSISTÊNCIA HOSPITALAR E AMBULATORIAL                                                                                   ;1238;FORTALECIMENTO E QUALIFICAÇÃO DA ATENÇÃO À SAÚDE DE MÉDIA E ALTA COMPLEXIDADE                                           ;2085;GARANTIA DA OFERTA DE PROCEDIMENTOS ATRAVÉS DA REDE PRÓPRIA                                                                                                                                             ;0500;RECURSOS NÃO VINCULADOS DE IMPOSTOS                    ;123520000.0;122520000.0;6469396.03;5530724.61;5396273.59
2026;1;09  ;PREVIDÊNCIA SOCIAL                                     ;122 ;ADMINISTRAÇÃO GERAL                                                                                                     ;2170;GESTÃO DE PREVIDÊNCIA SOCIAL - RPPS                                                                                     ;2094;GESTÃO DAS AÇÕES DO RPPS                                                                                                                                                                                ;0501;OUTROS RECURSOS NÃO VINCULADOS                         ;300000.0;300000.0;0.0;0.0;0.0
2026;1;23  ;COMÉRCIO E SERVIÇOS                                    ;691 ;PROMOÇÃO COMERCIAL                                                                                                      ;1310;REQUALIFICAÇÃO, AMPLIAÇÃO E REORDENAMENTO DOS ESPAÇOS PÚBLICOS                                                          ;1587;CONSTRUÇÃO E RECUPERAÇÃO DE MERCADOS, FEIRAS, ESPAÇOS PARA O COMÉRCIO POPULAR E OUTROS ESPAÇOS PÚBLICOS                                                                                                 ;0701;OUTRAS TRANSF. CONV. OU INSTRUM. CONGÊNERES - ESTADOS  ;250000.0;250000.0;0.0;0.0;0.0
2026;1;04  ;ADMINISTRAÇÃO                                          ;122 ;ADMINISTRAÇÃO GERAL                                                                                                     ;2122;GESTÃO PÚBLICA DE EXCELÊNCIA                                                                                            ;1095;MODERNIZAÇÃO ADMINISTRATIVA E TRANSFORMAÇÃO DIGITAL                                                                                                                                                     ;0500;RECURSOS NÃO VINCULADOS DE IMPOSTOS                    ;6000000.0;6000000.0;0.0;0.0;0.0
2026;1;15  ;URBANISMO                                              ;846 ;OUTROS ENCARGOS ESPECIAIS                                                                                               ;3101;GESTÃO DOS ENCARGOS GERAIS DO MUNICÍPIO                                                                                 ;2701;ENCARGOS COM OBRIGAÇÕES TRIBUTÁRIAS E CONTRIBUTIVAS                                                                                                                                                     ;0501;OUTROS RECURSOS NÃO VINCULADOS                         ;20000.0;140000.0;131334.83;1334.83;0.0
2026;1;10  ;SAÚDE                                                  ;301 ;ATENÇÃO BÁSICA                                                                                                          ;1216;FORTALECIMENTO E QUALIFICAÇÃO DA ATENÇÃO BÁSICA EM SAÚDE                                                                ;2724;MANUTENÇÃO DA REDE BÁSICA DE SAÚDE                                                                                                                                                                      ;0621;TRANSF. FUNDO A FUNDO SUS PROV. DO GOVERNO ESTADUAL    ;5000000.0;5000000.0;0.0;0.0;0.0
2026;1;10  ;SAÚDE                                                  ;302 ;ASSISTÊNCIA HOSPITALAR E AMBULATORIAL                                                                                   ;1238;FORTALECIMENTO E QUALIFICAÇÃO DA ATENÇÃO À SAÚDE DE MÉDIA E ALTA COMPLEXIDADE                                           ;2883;GARANTIA DA OFERTA DE PROCEDIMENTOS ATRAVÉS DA REDE COMPLEMENTAR                                                                                                                                        ;0600;TRANSF. FUNDO A FUNDO SUS GOV. FED. - BL. MANUTENÇÃO SE;131000000.0;131000000.0;0.0;0.0;0.0
2026;1;23  ;COMÉRCIO E SERVIÇOS                                    ;695 ;TURISMO                                                                                                                 ;1213;PROMOÇÃO DO TURISMO NO RECIFE                                                                                           ;2193;PROMOÇÃO, ESTRUTURAÇÃO E FORTALECIMENTO TURÍSTICO DO DESTINO RECIFE                                                                                                                                     ;0500;RECURSOS NÃO VINCULADOS DE IMPOSTOS                    ;7606000.0;7606000.0;4910452.27;2000.0;2000.0
2026;1;17  ;SANEAMENTO                                             ;512 ;SANEAMENTO BÁSICO URBANO                                                                                                ;1323;MANUTENÇÃO URBANA                                                                                                       ;2543;MANUTENÇÃO E RETIFICAÇÃO DOS SISTEMAS DE MICRO E MACRO-DRENAGEM                                                                                                                                         ;0501;OUTROS RECURSOS NÃO VINCULADOS                         ;35000000.0;35000000.0;34346800.0;0.0;0.0
2026;1;23  ;COMÉRCIO E SERVIÇOS                                    ;691 ;PROMOÇÃO COMERCIAL                                                                                                      ;1310;REQUALIFICAÇÃO, AMPLIAÇÃO E REORDENAMENTO DOS ESPAÇOS PÚBLICOS                                                          ;2548;GERENCIAMENTO DOS MERCADOS, FEIRAS E OUTROS ESPAÇOS PÚBLICOS                                                                                                                                            ;0501;OUTROS RECURSOS NÃO VINCULADOS                         ;22000000.0;19610000.0;4536902.08;159000.0;159000.0
2026;1;09  ;PREVIDÊNCIA SOCIAL                                     ;272 ;PREVIDÊNCIA DO REGIME ESTATUTÁRIO                                                                                       ;3101;GESTÃO DOS ENCARGOS GERAIS DO MUNICÍPIO                                                                                 ;9007;ENCARGOS COM INATIVOS E PENSIONISTAS DO SETOR EDUCACIONAL - REGIME PRÓPRIO DO MUNICÍPIO                                                                                                                 ;0501;OUTROS RECURSOS NÃO VINCULADOS                         ;32650000.0;32650000.0;0.0;0.0;0.0
2026;1;16  ;HABITAÇÃO                                              ;122 ;ADMINISTRAÇÃO GERAL                                                                                                     ;2161;GESTÃO ADMINISTRATIVA DOS ÓRGÃOS, ENTIDADES E FUNDOS MUNICIPAIS                                                         ;2723;APOIO ADMINISTRATIVO ÀS AÇÕES DA UNIDADE ORÇAMENTÁRIA                                                                                                                                                   ;0500;RECURSOS NÃO VINCULADOS DE IMPOSTOS                    ;2300000.0;2300000.0;1393984.4;100014.02;82192.19
2026;1;12  ;EDUCAÇÃO                                               ;361 ;ENSINO FUNDAMENTAL                                                                                                      ;1207;SUPORTE E APOIO EFETIVOS PARA UMA EDUCAÇÃO DE QUALIDADE                                                                 ;1043;EXPANSÃO DA REDE FÍSICA DO ENSINO FUNDAMENTAL                                                                                                                                                           ;0570;TRANSF. DO GOV. FEDERAL - CONVÊNIOS E INSTRUM. CONGÊNER;25000.0;25000.0;0.0;0.0;0.0
2026;1;15  ;URBANISMO                                              ;451 ;INFRA-ESTRUTURA URBANA                                                                                                  ;2160;GESTÃO DAS POLÍTICAS MUNICIPAIS                                                                                         ;2191;COORDENAÇÃO, SUPERVISÃO E EXECUÇÃO DAS POLÍTICAS DE INFRAESTRUTURA                                                                                                                                      ;0700;OUTRAS TRANSF. CONV. OU INSTRUM. CONGÊNERES - UNIÃO    ;7500000.0;7500000.0;0.0;0.0;0.0
2026;1;12  ;EDUCAÇÃO                                               ;361 ;ENSINO FUNDAMENTAL                                                                                                      ;1214;APOIO SOCIAL A ESTUDANTES DA REDE MUNICIPAL DE ENSINO                                                                   ;2107;DESENVOLVIMENTO DE PROGRAMAS SUPLEMENTARES PARA O ENSINO NA REDE MUNICIPAL                                                                                                                              ;0500;RECURSOS NÃO VINCULADOS DE IMPOSTOS                    ;78000000.0;78132000.0;30667823.34;9764.68;6230.09
2026;1;04  ;ADMINISTRAÇÃO                                          ;846 ;OUTROS ENCARGOS ESPECIAIS                                                                                               ;3101;GESTÃO DOS ENCARGOS GERAIS DO MUNICÍPIO                                                                                 ;2704;ENCARGOS COM PARCELAMENTO DE DÉBITOS DE EXERCÍCIOS ANTERIORES                                                                                                                                           ;0500;RECURSOS NÃO VINCULADOS DE IMPOSTOS                    ;500000.0;500000.0;221950.72;23818.4;23818.4
2026;1;19  ;CIÊNCIA E TECNOLOGIA                                   ;573 ;DIFUSÃO DO CONHECIMENTO CIENTÍFICO E TECNOLÓGICO                                                                        ;1315;APOIO À INOVAÇÃO E DIFUSÃO DO CONHECIMENTO CIENTÍFICO E TECNOLÓGICO                                                     ;2049;DESENVOLVIMENTO DE INSTRUMENTOS DE APOIO À INOVAÇÃO E À DIFUSÃO DO CONHECIMENTO CIENTÍFICO E TECNOLÓGICO                                                                                                ;0500;RECURSOS NÃO VINCULADOS DE IMPOSTOS                    ;620000.0;3910000.0;214114.14;6863.9;0.0
2026;1;08  ;ASSISTÊNCIA SOCIAL                                     ;244 ;ASSISTÊNCIA COMUNITÁRIA                                                                                                 ;1204;FORTALECIMENTO DO SISTEMA ÚNICO DE ASSISTÊNCIA SOCIAL                                                                   ;2518;DESENVOLVIMENTO DAS AÇÕES DE PROTEÇÃO SOCIAL BÁSICA                                                                                                                                                     ;0661;TRANSF. DE RECURSOS DOS FUNDOS EST. - ASSIST. SOCIAL   ;800000.0;800000.0;0.0;0.0;0.0
2026;1;04  ;ADMINISTRAÇÃO                                          ;122 ;ADMINISTRAÇÃO GERAL                                                                                                     ;2160;GESTÃO DAS POLÍTICAS MUNICIPAIS                                                                                         ;2064;ASSESSORAMENTO GOVERNAMENTAL                                                                                                                                                                            ;0500;RECURSOS NÃO VINCULADOS DE IMPOSTOS                    ;27195000.0;27195000.0;2247834.86;2201615.86;1979834.55
2026;1;14  ;DIREITOS DA CIDADANIA                                  ;422 ;DIREITOS INDIVIDUAIS, COLETIVOS E DIFUSOS                                                                               ;1222;PROMOÇÃO DOS DIREITOS HUMANOS, CIDADANIA E IGUALDADE ÉTNICO-RACIAL                                                      ;2524;APOIO ÀS ATIV. DO CONSELHO MUN. DE DIREITOS HUMANOS E OS DEMAIS CONSELHOS VINCULADOS À ESTA SECRETARIA                                                                                                  ;0500;RECURSOS NÃO VINCULADOS DE IMPOSTOS                    ;10000.0;10000.0;0.0;0.0;0.0
2026;1;12  ;EDUCAÇÃO                                               ;361 ;ENSINO FUNDAMENTAL                                                                                                      ;1206;ORGANIZAÇÃO EFICAZ DO ENSINO E DA APRENDIZAGEM                                                                          ;2125;IMPLANTAÇÃO E MANUTENÇÃO DO QUADRO TECNOLÓGICO NAS UNIDADES EDUCACIONAIS                                                                                                                                ;0500;RECURSOS NÃO VINCULADOS DE IMPOSTOS                    ;32000000.0;32000000.0;0.0;0.0;0.0
2026;1;15  ;URBANISMO                                              ;451 ;INFRA-ESTRUTURA URBANA                                                                                                  ;1313;REQUALIFICAÇÃO DE ÁREAS DE BAIXA RENDA                                                                                  ;1577;PROJETO CAPIBARIBE MELHOR                                                                                                                                                                               ;0500;RECURSOS NÃO VINCULADOS DE IMPOSTOS                    ;5500000.0;5500000.0;0.0;0.0;0.0
2026;1;15  ;URBANISMO                                              ;272 ;PREVIDÊNCIA DO REGIME ESTATUTÁRIO                                                                                       ;3101;GESTÃO DOS ENCARGOS GERAIS DO MUNICÍPIO                                                                                 ;9021;ENCARGOS COM A PREVIDÊNCIA SOCIAL DOS SERVIDORES - REGIME PRÓPRIO                                                                                                                                       ;0500;RECURSOS NÃO VINCULADOS DE IMPOSTOS                    ;30000.0;30000.0;0.0;0.0;0.0
2026;1;04  ;ADMINISTRAÇÃO                                          ;123 ;ADMINISTRAÇÃO FINANCEIRA                                                                                                ;2160;GESTÃO DAS POLÍTICAS MUNICIPAIS                                                                                         ;2621;COORDENAÇÃO, SUPERVISÃO E EXECUÇÃO DAS POLÍTICAS DE DESENVOLVIMENTO ECONÔMICO                                                                                                                           ;0500;RECURSOS NÃO VINCULADOS DE IMPOSTOS                    ;3540000.0;3540000.0;182430.69;182430.69;166650.78
2026;1;04  ;ADMINISTRAÇÃO                                          ;122 ;ADMINISTRAÇÃO GERAL                                                                                                     ;2160;GESTÃO DAS POLÍTICAS MUNICIPAIS                                                                                         ;2145;COORDENAÇÃO, SUPERVISÃO E EXECUÇÃO DAS AÇÕES MUNICIPAIS DE PLANEJAMENTO E GESTÃO                                                                                                                        ;0500;RECURSOS NÃO VINCULADOS DE IMPOSTOS                    ;20100000.0;20100000.0;1732770.65;1732770.65;1503555.8
2026;1;28  ;ENCARGOS ESPECIAIS                                     ;844 ;SERVIÇO DA DÍVIDA EXTERNA                                                                                               ;3101;GESTÃO DOS ENCARGOS GERAIS DO MUNICÍPIO                                                                                 ;9012;ENCARGOS DA DÍVIDA PÚBLICA EXTERNA                                                                                                                                                                      ;0500;RECURSOS NÃO VINCULADOS DE IMPOSTOS                    ;125000000.0;125000000.0;0.0;0.0;0.0
2026;1;15  ;URBANISMO                                              ;273 ;PREVIDÊNCIA COMPLEMENTAR                                                                                                ;3101;GESTÃO DOS ENCARGOS GERAIS DO MUNICÍPIO                                                                                 ;9022;ENCARGOS COM A PREVIDÊNCIA SOCIAL DOS SERVIDORES - REGIME GERAL                                                                                                                                         ;0500;RECURSOS NÃO VINCULADOS DE IMPOSTOS                    ;8420000.0;8420000.0;2420000.0;176555.89;0.0
2026;1;23  ;COMÉRCIO E SERVIÇOS                                    ;694 ;SERVIÇOS FINANCEIROS                                                                                                    ;1321;FORTALECIMENTO DE ATIVIDADES ECONÔMICAS                                                                                 ;2105;APOIO AO EMPREENDEDORISMO                                                                                                                                                                               ;0501;OUTROS RECURSOS NÃO VINCULADOS                         ;4000000.0;4000000.0;0.0;0.0;0.0
2026;1;10  ;SAÚDE                                                  ;302 ;ASSISTÊNCIA HOSPITALAR E AMBULATORIAL                                                                                   ;1236;EXPANSÃO E MELHORIA NA INFRAESTRUTURA DE ATENDIMENTO EM SAÚDE                                                           ;1658;CONSTRUÇÃO, REFORMA, AMPLIAÇÃO E EQUIPAGEM DE UNIDADES DE SAÚDE NA MÉDIA E ALTA COMPLEXIDADE                                                                                                            ;0500;RECURSOS NÃO VINCULADOS DE IMPOSTOS                    ;140000.0;7097000.0;0.0;0.0;0.0
2026;1;10  ;SAÚDE                                                  ;302 ;ASSISTÊNCIA HOSPITALAR E AMBULATORIAL                                                                                   ;1238;FORTALECIMENTO E QUALIFICAÇÃO DA ATENÇÃO À SAÚDE DE MÉDIA E ALTA COMPLEXIDADE                                           ;2883;GARANTIA DA OFERTA DE PROCEDIMENTOS ATRAVÉS DA REDE COMPLEMENTAR                                                                                                                                        ;0605;ASSIST. FINANCEIRA DA UNIÃO - COMPLEMENTAÇÃO PISOS SALA;3200000.0;3200000.0;0.0;0.0;0.0
2026;1;15  ;URBANISMO                                              ;452 ;SERVIÇOS URBANOS                                                                                                        ;1323;MANUTENÇÃO URBANA                                                                                                       ;2538;MANUTENÇÃO DO SISTEMA DE ILUMINAÇÃO PÚBLICA                                                                                                                                                             ;0751;RECURSOS DA COSIP                                      ;79100000.0;79100000.0;33982367.56;360612.12;1390.07
2026;1;08  ;ASSISTÊNCIA SOCIAL                                     ;244 ;ASSISTÊNCIA COMUNITÁRIA                                                                                                 ;1241;PROMOÇÃO DAS POLÍTICAS DE PREVENÇÃO, TRATAMENTO E REINSERÇÃO SOCIAL AOS USUÁRIOS E DEPENDENTES DE DROGAS                ;2265;IMPLEMENTAÇÃO DE POLÍTICAS DE PREVENÇÃO, TRATAMENTO E REINSERÇÃO SOCIAL DE USUÁRIOS E DEPENDENTES DE DROGAS                                                                                             ;0500;RECURSOS NÃO VINCULADOS DE IMPOSTOS                    ;2600000.0;2580000.0;41348.09;41348.09;36649.3
2026;1;12  ;EDUCAÇÃO                                               ;361 ;ENSINO FUNDAMENTAL                                                                                                      ;1249;AMPLIAÇÃO E GESTÃO DA REDE DE ENSINO FUNDAMENTAL                                                                        ;2178;UNIVERSALIZAÇÃO E QUALIFICAÇÃO DO ENSINO FUNDAMENTAL                                                                                                                                                    ;0500;RECURSOS NÃO VINCULADOS DE IMPOSTOS                    ;305100000.0;304968000.0;31125338.4;23093634.6;17969258.59
2026;1;15  ;URBANISMO                                              ;452 ;SERVIÇOS URBANOS                                                                                                        ;1323;MANUTENÇÃO URBANA                                                                                                       ;2539;MANUTENÇÃO E CONSERVAÇÃO DE ÁREAS VERDES                                                                                                                                                                ;0501;OUTROS RECURSOS NÃO VINCULADOS                         ;9900000.0;9900000.0;7971401.94;58066.49;58066.49
2026;1;15  ;URBANISMO                                              ;273 ;PREVIDÊNCIA COMPLEMENTAR                                                                                                ;3101;GESTÃO DOS ENCARGOS GERAIS DO MUNICÍPIO                                                                                 ;9022;ENCARGOS COM A PREVIDÊNCIA SOCIAL DOS SERVIDORES - REGIME GERAL                                                                                                                                         ;0501;OUTROS RECURSOS NÃO VINCULADOS                         ;31800000.0;31800000.0;0.0;0.0;0.0
2026;1;15  ;URBANISMO                                              ;451 ;INFRA-ESTRUTURA URBANA                                                                                                  ;1310;REQUALIFICAÇÃO, AMPLIAÇÃO E REORDENAMENTO DOS ESPAÇOS PÚBLICOS                                                          ;2289;GESTÃO DO CONTROLE URBANO                                                                                                                                                                               ;0701;OUTRAS TRANSF. CONV. OU INSTRUM. CONGÊNERES - ESTADOS  ;200000.0;200000.0;0.0;0.0;0.0
2026;1;04  ;ADMINISTRAÇÃO                                          ;122 ;ADMINISTRAÇÃO GERAL                                                                                                     ;2161;GESTÃO ADMINISTRATIVA DOS ÓRGÃOS, ENTIDADES E FUNDOS MUNICIPAIS                                                         ;2601;MELHORIA E MANUTENÇÃO DAS INSTALAÇÕES DA PREFEITURA DO RECIFE                                                                                                                                           ;0799;OUTRAS VINCULAÇÕES LEGAIS                              ;4100000.0;4100000.0;555114.94;0.0;0.0
2026;1;23  ;COMÉRCIO E SERVIÇOS                                    ;691 ;PROMOÇÃO COMERCIAL                                                                                                      ;1310;REQUALIFICAÇÃO, AMPLIAÇÃO E REORDENAMENTO DOS ESPAÇOS PÚBLICOS                                                          ;2548;GERENCIAMENTO DOS MERCADOS, FEIRAS E OUTROS ESPAÇOS PÚBLICOS                                                                                                                                            ;0500;RECURSOS NÃO VINCULADOS DE IMPOSTOS                    ;0.0;3260834.0;1201798.3;749292.45;736818.26
2026;1;15  ;URBANISMO                                              ;846 ;OUTROS ENCARGOS ESPECIAIS                                                                                               ;3101;GESTÃO DOS ENCARGOS GERAIS DO MUNICÍPIO                                                                                 ;2705;ENCARGOS COM O FGTS DOS SERVIDORES                                                                                                                                                                      ;0500;RECURSOS NÃO VINCULADOS DE IMPOSTOS                    ;545000.0;545000.0;545000.0;42740.16;0.0
2026;1;15  ;URBANISMO                                              ;451 ;INFRA-ESTRUTURA URBANA                                                                                                  ;2160;GESTÃO DAS POLÍTICAS MUNICIPAIS                                                                                         ;2102;COORDENAÇÃO,SUPERVISÃO E EXECUÇÃO DOS PROJETOS ESPECIAIS DA GESTÃO MUNICIPAL                                                                                                                            ;0500;RECURSOS NÃO VINCULADOS DE IMPOSTOS                    ;10205000.0;10205000.0;871184.42;871184.42;789537.63
2026;1;10  ;SAÚDE                                                  ;305 ;VIGILÂNCIA EPIDEMIOLÓGICA                                                                                               ;1217;FORTALECIMENTO DAS AÇÕES DE VIGILÂNCIA EM SAÚDE                                                                         ;2612;FORTALECIMENTO DAS AÇÕES DE VIGILÂNCIA AMBIENTAL PARA O CONTROLE DE DOENÇAS E AGRAVOS                                                                                                                   ;0600;TRANSF. FUNDO A FUNDO SUS GOV. FED. - BL. MANUTENÇÃO SE;9150000.0;9150000.0;3292384.98;124515.28;92653.4
2026;1;09  ;PREVIDÊNCIA SOCIAL                                     ;272 ;PREVIDÊNCIA DO REGIME ESTATUTÁRIO                                                                                       ;3101;GESTÃO DOS ENCARGOS GERAIS DO MUNICÍPIO                                                                                 ;9011;ENCARGOS COM INATIVOS E PENSIONISTAS DO GERALDÃO - REGIME PRÓPRIO DO MUNICÍPIO                                                                                                                          ;0801;RECURSOS VINC. AO RPPS - FUNDO REP. (PLANO FINANC.)    ;300000.0;300000.0;18675.83;18675.83;18675.83
2026;1;04  ;ADMINISTRAÇÃO                                          ;122 ;ADMINISTRAÇÃO GERAL                                                                                                     ;2160;GESTÃO DAS POLÍTICAS MUNICIPAIS                                                                                         ;2098;EMENDAS PARLAMENTARES                                                                                                                                                                                   ;0500;RECURSOS NÃO VINCULADOS DE IMPOSTOS                    ;3810000.0;3810000.0;0.0;0.0;0.0
2026;1;04  ;ADMINISTRAÇÃO                                          ;846 ;OUTROS ENCARGOS ESPECIAIS                                                                                               ;3101;GESTÃO DOS ENCARGOS GERAIS DO MUNICÍPIO                                                                                 ;2129;ENCARGOS COM EXERCÍCIOS FINDOS DE PESSOAL DA ATIVA E INATIVA                                                                                                                                            ;0500;RECURSOS NÃO VINCULADOS DE IMPOSTOS                    ;100000.0;100000.0;0.0;0.0;0.0
2026;1;10  ;SAÚDE                                                  ;302 ;ASSISTÊNCIA HOSPITALAR E AMBULATORIAL                                                                                   ;1238;FORTALECIMENTO E QUALIFICAÇÃO DA ATENÇÃO À SAÚDE DE MÉDIA E ALTA COMPLEXIDADE                                           ;2324;FORTALECIMENTO E QUALIFICAÇÃO DE PROGRAMAS ESTRATÉGICOS                                                                                                                                                 ;0600;TRANSF. FUNDO A FUNDO SUS GOV. FED. - BL. MANUTENÇÃO SE;9500000.0;14400000.0;6480038.14;92691.63;85818.57
2026;1;04  ;ADMINISTRAÇÃO                                          ;272 ;PREVIDÊNCIA DO REGIME ESTATUTÁRIO                                                                                       ;3101;GESTÃO DOS ENCARGOS GERAIS DO MUNICÍPIO                                                                                 ;9021;ENCARGOS COM A PREVIDÊNCIA SOCIAL DOS SERVIDORES - REGIME PRÓPRIO                                                                                                                                       ;0500;RECURSOS NÃO VINCULADOS DE IMPOSTOS                    ;226980000.0;226980000.0;226980000.0;0.0;0.0
2026;1;13  ;CULTURA                                                ;122 ;ADMINISTRAÇÃO GERAL                                                                                                     ;2161;GESTÃO ADMINISTRATIVA DOS ÓRGÃOS, ENTIDADES E FUNDOS MUNICIPAIS                                                         ;2723;APOIO ADMINISTRATIVO ÀS AÇÕES DA UNIDADE ORÇAMENTÁRIA                                                                                                                                                   ;0500;RECURSOS NÃO VINCULADOS DE IMPOSTOS                    ;22610000.0;22610000.0;1282148.31;538626.89;479766.71
2026;1;11  ;TRABALHO                                               ;363 ;ENSINO PROFISSIONAL                                                                                                     ;1320;PROMOÇÃO SOCIAL E PROFISSIONAL PARA GERAÇÃO DE TRABALHO E RENDA                                                         ;2992;QUALIFICAÇÃO SOCIAL PROFISSIONAL E DIFUSÃO DO EMPREENDEDORISMO PARA GERAÇÃO DE TRABALHO E RENDA                                                                                                         ;0500;RECURSOS NÃO VINCULADOS DE IMPOSTOS                    ;5300000.0;5300000.0;0.0;0.0;0.0
2026;1;04  ;ADMINISTRAÇÃO                                          ;273 ;PREVIDÊNCIA COMPLEMENTAR                                                                                                ;3101;GESTÃO DOS ENCARGOS GERAIS DO MUNICÍPIO                                                                                 ;9022;ENCARGOS COM A PREVIDÊNCIA SOCIAL DOS SERVIDORES - REGIME GERAL                                                                                                                                         ;0500;RECURSOS NÃO VINCULADOS DE IMPOSTOS                    ;38220000.0;38220000.0;36100000.0;0.0;0.0
2026;1;16  ;HABITAÇÃO                                              ;122 ;ADMINISTRAÇÃO GERAL                                                                                                     ;2160;GESTÃO DAS POLÍTICAS MUNICIPAIS                                                                                         ;2861;COORDENAÇÃO, SUPERVISÃO E EXECUÇÃO DAS POLÍTICAS HABITACIONAIS                                                                                                                                          ;0500;RECURSOS NÃO VINCULADOS DE IMPOSTOS                    ;3720000.0;3720000.0;716232.06;242715.58;217595.02
2026;1;04  ;ADMINISTRAÇÃO                                          ;126 ;TECNOLOGIA DA INFORMAÇÃO                                                                                                ;2123;MELHORIA DA QUALIDADE DOS SERVIÇOS DE TIC E TRANSFORMAÇÃO DIGITAL DOS SERVIÇOS E PROCESSOS DA PCR                       ;2520;MELHORIA E MANUTENÇÃO DOS SISTEMAS DE TECNOLOGIA DA INFORMAÇÃO E COMUNICAÇÃO                                                                                                                            ;0500;RECURSOS NÃO VINCULADOS DE IMPOSTOS                    ;44410000.0;44410000.0;8514621.38;2257825.71;1500912.36
2026;1;08  ;ASSISTÊNCIA SOCIAL                                     ;244 ;ASSISTÊNCIA COMUNITÁRIA                                                                                                 ;1204;FORTALECIMENTO DO SISTEMA ÚNICO DE ASSISTÊNCIA SOCIAL                                                                   ;2519;DESENVOLVIMENTO DAS AÇÕES DE PROTEÇÃO SOCIAL ESPECIAL                                                                                                                                                   ;0661;TRANSF. DE RECURSOS DOS FUNDOS EST. - ASSIST. SOCIAL   ;1600000.0;1600000.0;0.0;0.0;0.0
2026;1;08  ;ASSISTÊNCIA SOCIAL                                     ;244 ;ASSISTÊNCIA COMUNITÁRIA                                                                                                 ;1204;FORTALECIMENTO DO SISTEMA ÚNICO DE ASSISTÊNCIA SOCIAL                                                                   ;2518;DESENVOLVIMENTO DAS AÇÕES DE PROTEÇÃO SOCIAL BÁSICA                                                                                                                                                     ;0660;TRANSFERÊNCIA DE RECURSOS DO FNAS                      ;1495000.0;1495000.0;0.0;0.0;0.0
2026;1;15  ;URBANISMO                                              ;451 ;INFRA-ESTRUTURA URBANA                                                                                                  ;1310;REQUALIFICAÇÃO, AMPLIAÇÃO E REORDENAMENTO DOS ESPAÇOS PÚBLICOS                                                          ;1603;CONSTRUÇÃO E REQUALIFICAÇÃO DE ESPAÇOS DE INTERESSE PÚBLICO                                                                                                                                             ;0500;RECURSOS NÃO VINCULADOS DE IMPOSTOS                    ;3270000.0;3270000.0;0.0;0.0;0.0
2026;1;10  ;SAÚDE                                                  ;302 ;ASSISTÊNCIA HOSPITALAR E AMBULATORIAL                                                                                   ;1236;EXPANSÃO E MELHORIA NA INFRAESTRUTURA DE ATENDIMENTO EM SAÚDE                                                           ;1658;CONSTRUÇÃO, REFORMA, AMPLIAÇÃO E EQUIPAGEM DE UNIDADES DE SAÚDE NA MÉDIA E ALTA COMPLEXIDADE                                                                                                            ;0754;RECURSOS DE OPERAÇÕES DE CRÉDITO                       ;3000000.0;3000000.0;0.0;0.0;0.0
2026;1;10  ;SAÚDE                                                  ;122 ;ADMINISTRAÇÃO GERAL                                                                                                     ;1236;EXPANSÃO E MELHORIA NA INFRAESTRUTURA DE ATENDIMENTO EM SAÚDE                                                           ;1661;MELHORIA DA ESTRUTURA FÍSICA DAS UNIDADES DE SAÚDE                                                                                                                                                      ;0500;RECURSOS NÃO VINCULADOS DE IMPOSTOS                    ;10000.0;10000.0;0.0;0.0;0.0
2026;1;17  ;SANEAMENTO                                             ;512 ;SANEAMENTO BÁSICO URBANO                                                                                                ;2160;GESTÃO DAS POLÍTICAS MUNICIPAIS                                                                                         ;2246;COORDENAÇÃO, SUPERVISÃO E EXECUÇÃO DAS POLÍTICAS DE SANEAMENTO                                                                                                                                          ;0500;RECURSOS NÃO VINCULADOS DE IMPOSTOS                    ;5730000.0;5730000.0;567392.11;567392.11;503314.32
2026;1;04  ;ADMINISTRAÇÃO                                          ;122 ;ADMINISTRAÇÃO GERAL                                                                                                     ;2160;GESTÃO DAS POLÍTICAS MUNICIPAIS                                                                                         ;2027;COORDENAÇÃO, SUPERVISÃO E EXECUÇÃO DAS AÇÕES MUNICIPAIS DE ADMINISTRAÇÃO                                                                                                                                ;0500;RECURSOS NÃO VINCULADOS DE IMPOSTOS                    ;60025000.0;60025000.0;12707283.18;4493449.48;3057939.64
2026;1;27  ;DESPORTO E LAZER                                       ;812 ;DESPORTO COMUNITÁRIO                                                                                                    ;1226;PROMOÇÃO DE POLÍTICAS DE INCENTIVO AO ESPORTE E PRÁTICA DE EXERCÍCIO FÍSICO PARA PROMOÇÃO DA SAÚDE                      ;2281;MELHORIA E AMPLIAÇÃO DA REDE FÍSICA DE ESPORTE E REDE DE EXERCÍCIO FÍSICO NA SAÚDE                                                                                                                      ;0754;RECURSOS DE OPERAÇÕES DE CRÉDITO                       ;500000.0;500000.0;0.0;0.0;0.0
2026;1;28  ;ENCARGOS ESPECIAIS                                     ;843 ;SERVIÇO DA DÍVIDA INTERNA                                                                                               ;3101;GESTÃO DOS ENCARGOS GERAIS DO MUNICÍPIO                                                                                 ;9001;ENCARGOS DA DÍVIDA PÚBLICA INTERNA                                                                                                                                                                      ;0500;RECURSOS NÃO VINCULADOS DE IMPOSTOS                    ;478860000.0;472859000.0;0.0;0.0;0.0
2026;1;10  ;SAÚDE                                                  ;846 ;OUTROS ENCARGOS ESPECIAIS                                                                                               ;3104;ATENDIMENTO DE SAÚDE AOS SERVIDORES BENEFICIÁRIOS DO SAÚDE RECIFE                                                       ;2084;OFERTA DE SERVIÇOS DE SAÚDE AOS BENEFICIÁRIOS DO SAÚDE RECIFE                                                                                                                                           ;0500;RECURSOS NÃO VINCULADOS DE IMPOSTOS                    ;49000000.0;49000000.0;4999822.31;4999822.31;4999822.31
2026;1;28  ;ENCARGOS ESPECIAIS                                     ;846 ;OUTROS ENCARGOS ESPECIAIS                                                                                               ;3101;GESTÃO DOS ENCARGOS GERAIS DO MUNICÍPIO                                                                                 ;9002;CONTRIBUIÇÕES PARA O PIS/PASEP                                                                                                                                                                          ;0720;TRANSF. DA UNIÃO REF. ÀS PARTICIPAÇÕES NA EXPLORAÇÃO DE;0.0;250000.0;125000.0;16196.22;0.0
2026;1;10  ;SAÚDE                                                  ;303 ;SUPORTE PROFILÁTICO E TERAPÊUTICO                                                                                       ;1233;MELHORIA DO ACESSO À ASSISTÊNCIA FARMACÊUTICA                                                                           ;2881;MANUTENÇÃO DO ADEQUADO SUPRIMENTO DA REDE EM ASSISTÊNCIA FARMACÊUTICA                                                                                                                                   ;0600;TRANSF. FUNDO A FUNDO SUS GOV. FED. - BL. MANUTENÇÃO SE;7050000.0;7050000.0;1769156.36;0.0;0.0
2026;1;23  ;COMÉRCIO E SERVIÇOS                                    ;846 ;OUTROS ENCARGOS ESPECIAIS                                                                                               ;3101;GESTÃO DOS ENCARGOS GERAIS DO MUNICÍPIO                                                                                 ;2701;ENCARGOS COM OBRIGAÇÕES TRIBUTÁRIAS E CONTRIBUTIVAS                                                                                                                                                     ;0501;OUTROS RECURSOS NÃO VINCULADOS                         ;10000.0;10000.0;0.0;0.0;0.0
2026;1;23  ;COMÉRCIO E SERVIÇOS                                    ;692 ;COMERCIALIZAÇÃO                                                                                                         ;1321;FORTALECIMENTO DE ATIVIDADES ECONÔMICAS                                                                                 ;2998;ESTRUTURAÇÃO DO COMÉRCIO POPULAR                                                                                                                                                                        ;0500;RECURSOS NÃO VINCULADOS DE IMPOSTOS                    ;60000.0;60000.0;0.0;0.0;0.0
2026;1;10  ;SAÚDE                                                  ;301 ;ATENÇÃO BÁSICA                                                                                                          ;2107;GESTÃO DAS POLÍTICAS MUNICIPAIS DE SAÚDE                                                                                ;2074;COORDENAÇÃO, SUPERVISÃO E EXECUÇÃO DAS POLÍTICAS DE SAÚDE NA ATENÇÃO BÁSICA                                                                                                                             ;0500;RECURSOS NÃO VINCULADOS DE IMPOSTOS                    ;666401000.0;666401000.0;63409472.0;63409472.0;51347595.41
2026;1;08  ;ASSISTÊNCIA SOCIAL                                     ;244 ;ASSISTÊNCIA COMUNITÁRIA                                                                                                 ;1204;FORTALECIMENTO DO SISTEMA ÚNICO DE ASSISTÊNCIA SOCIAL                                                                   ;2519;DESENVOLVIMENTO DAS AÇÕES DE PROTEÇÃO SOCIAL ESPECIAL                                                                                                                                                   ;0500;RECURSOS NÃO VINCULADOS DE IMPOSTOS                    ;93655000.0;83655000.0;7234499.61;3217901.72;2789439.0
2026;1;13  ;CULTURA                                                ;273 ;PREVIDÊNCIA COMPLEMENTAR                                                                                                ;3101;GESTÃO DOS ENCARGOS GERAIS DO MUNICÍPIO                                                                                 ;9022;ENCARGOS COM A PREVIDÊNCIA SOCIAL DOS SERVIDORES - REGIME GERAL                                                                                                                                         ;0500;RECURSOS NÃO VINCULADOS DE IMPOSTOS                    ;3600000.0;3600000.0;0.0;0.0;0.0
2026;1;18  ;GESTÃO AMBIENTAL                                       ;541 ;PRESERVAÇÃO E CONSERVAÇÃO AMBIENTAL                                                                                     ;1302;FORTALECIMENTO DAS POLÍTICAS INTEGRADAS DE SUSTENTABILIDADE AMBIENTAL                                                   ;2032;AÇÕES PARA O DESENVOLVIMENTO DA CIDADE SUSTENTÁVEL                                                                                                                                                      ;0500;RECURSOS NÃO VINCULADOS DE IMPOSTOS                    ;1000000.0;1000000.0;0.0;0.0;0.0
2026;1;14  ;DIREITOS DA CIDADANIA                                  ;422 ;DIREITOS INDIVIDUAIS, COLETIVOS E DIFUSOS                                                                               ;1222;PROMOÇÃO DOS DIREITOS HUMANOS, CIDADANIA E IGUALDADE ÉTNICO-RACIAL                                                      ;2029;IMPLEMENTAÇÃO DAS AÇÕES DE PROMOÇÃO E DEFESA DOS DIREITOS HUMANOS                                                                                                                                       ;0700;OUTRAS TRANSF. CONV. OU INSTRUM. CONGÊNERES - UNIÃO    ;15760000.0;15760000.0;0.0;0.0;0.0
2026;1;12  ;EDUCAÇÃO                                               ;361 ;ENSINO FUNDAMENTAL                                                                                                      ;1207;SUPORTE E APOIO EFETIVOS PARA UMA EDUCAÇÃO DE QUALIDADE                                                                 ;2131;ADEQUAÇÃO E MANUTENÇÃO FÍSICA DA REDE MUNICIPAL DE ENSINO                                                                                                                                               ;0500;RECURSOS NÃO VINCULADOS DE IMPOSTOS                    ;75075000.0;75075000.0;10179827.93;0.0;0.0
2026;1;15  ;URBANISMO                                              ;452 ;SERVIÇOS URBANOS                                                                                                        ;1323;MANUTENÇÃO URBANA                                                                                                       ;2538;MANUTENÇÃO DO SISTEMA DE ILUMINAÇÃO PÚBLICA                                                                                                                                                             ;0500;RECURSOS NÃO VINCULADOS DE IMPOSTOS                    ;22300000.0;22300000.0;0.0;0.0;0.0
2026;1;08  ;ASSISTÊNCIA SOCIAL                                     ;244 ;ASSISTÊNCIA COMUNITÁRIA                                                                                                 ;1204;FORTALECIMENTO DO SISTEMA ÚNICO DE ASSISTÊNCIA SOCIAL                                                                   ;2519;DESENVOLVIMENTO DAS AÇÕES DE PROTEÇÃO SOCIAL ESPECIAL                                                                                                                                                   ;0660;TRANSFERÊNCIA DE RECURSOS DO FNAS                      ;7920000.0;7920000.0;0.0;0.0;0.0
2026;1;18  ;GESTÃO AMBIENTAL                                       ;122 ;ADMINISTRAÇÃO GERAL                                                                                                     ;2161;GESTÃO ADMINISTRATIVA DOS ÓRGÃOS, ENTIDADES E FUNDOS MUNICIPAIS                                                         ;2723;APOIO ADMINISTRATIVO ÀS AÇÕES DA UNIDADE ORÇAMENTÁRIA                                                                                                                                                   ;0753;RECURSOS PROVENIENTES DE TAXAS E CONTRIBUIÇÕES         ;2850000.0;2850000.0;0.0;0.0;0.0
2026;1;10  ;SAÚDE                                                  ;273 ;PREVIDÊNCIA COMPLEMENTAR                                                                                                ;3102;GESTÃO DOS ENCARGOS GERAIS DO SETOR DE SAÚDE                                                                            ;9022;ENCARGOS COM A PREVIDÊNCIA SOCIAL DOS SERVIDORES - REGIME GERAL                                                                                                                                         ;0500;RECURSOS NÃO VINCULADOS DE IMPOSTOS                    ;7750000.0;7750000.0;0.0;0.0;0.0
2026;1;09  ;PREVIDÊNCIA SOCIAL                                     ;846 ;OUTROS ENCARGOS ESPECIAIS                                                                                               ;3101;GESTÃO DOS ENCARGOS GERAIS DO MUNICÍPIO                                                                                 ;2701;ENCARGOS COM OBRIGAÇÕES TRIBUTÁRIAS E CONTRIBUTIVAS                                                                                                                                                     ;0802;RECURSOS VINCULADOS RPPS - TAXA ADMINISTRAÇÃO          ;10000.0;10000.0;0.0;0.0;0.0
2026;1;14  ;DIREITOS DA CIDADANIA                                  ;422 ;DIREITOS INDIVIDUAIS, COLETIVOS E DIFUSOS                                                                               ;1235;DESENVOLVIMENTO DE POLÍTICAS PARA PROMOÇÃO DA IGUALDADE DE GÊNERO                                                       ;2108;PROMOÇÃO DA CIDADANIA E DO DIREITO À CIDADE                                                                                                                                                             ;0500;RECURSOS NÃO VINCULADOS DE IMPOSTOS                    ;80000.0;0.0;0.0;0.0;0.0
2026;1;04  ;ADMINISTRAÇÃO                                          ;128 ;FORMAÇÃO DE RECURSOS HUMANOS                                                                                            ;2160;GESTÃO DAS POLÍTICAS MUNICIPAIS                                                                                         ;2100;CAPACITAÇÃO E FORMAÇÃO PROFISSIONAL                                                                                                                                                                     ;0799;OUTRAS VINCULAÇÕES LEGAIS                              ;220000.0;220000.0;0.0;0.0;0.0
2026;1;15  ;URBANISMO                                              ;451 ;INFRA-ESTRUTURA URBANA                                                                                                  ;1313;REQUALIFICAÇÃO DE ÁREAS DE BAIXA RENDA                                                                                  ;1577;PROJETO CAPIBARIBE MELHOR                                                                                                                                                                               ;0700;OUTRAS TRANSF. CONV. OU INSTRUM. CONGÊNERES - UNIÃO    ;7000000.0;7000000.0;0.0;0.0;0.0
2026;1;03  ;ESSENCIAL À JUSTIÇA                                    ;091 ;DEFESA DA ORDEM JURÍDICA                                                                                                ;2160;GESTÃO DAS POLÍTICAS MUNICIPAIS                                                                                         ;2030;COORDENAÇÃO, SUPERVISÃO E EXECUÇÃO DAS POLÍTICAS MUNICIPAIS DA PROCURADORIA GERAL DO MUNICÍPIO                                                                                                          ;0500;RECURSOS NÃO VINCULADOS DE IMPOSTOS                    ;49510000.0;49510000.0;4304379.22;4304379.22;3821560.73
2026;1;14  ;DIREITOS DA CIDADANIA                                  ;422 ;DIREITOS INDIVIDUAIS, COLETIVOS E DIFUSOS                                                                               ;1235;DESENVOLVIMENTO DE POLÍTICAS PARA PROMOÇÃO DA IGUALDADE DE GÊNERO                                                       ;2080;PROMOÇÃO E EMPODERAMENTO SOCIOECONÔMICO DAS MULHERES                                                                                                                                                    ;0700;OUTRAS TRANSF. CONV. OU INSTRUM. CONGÊNERES - UNIÃO    ;100000.0;100000.0;0.0;0.0;0.0
2026;1;13  ;CULTURA                                                ;392 ;DIFUSÃO CULTURAL                                                                                                        ;1211;VALORIZAÇÃO DA CULTURA                                                                                                  ;2579;PROMOÇÃO DE EVENTOS E FESTIVIDADES CULTURAIS E TRADICIONAIS                                                                                                                                             ;0700;OUTRAS TRANSF. CONV. OU INSTRUM. CONGÊNERES - UNIÃO    ;3480000.0;3480000.0;0.0;0.0;0.0
2026;1;04  ;ADMINISTRAÇÃO                                          ;131 ;COMUNICAÇÃO SOCIAL                                                                                                      ;2160;GESTÃO DAS POLÍTICAS MUNICIPAIS                                                                                         ;2046;COORDENAÇÃO, SUPERVISÃO E EXECUÇÃO DAS POLÍTICAS DE RELACIONAMENTO COM A IMPRENSA E PRESENÇA DIGITAL DA PREFEITURA DO RECIFE                                                                            ;0500;RECURSOS NÃO VINCULADOS DE IMPOSTOS                    ;7055000.0;7055000.0;449769.81;449769.81;400654.94
2026;1;04  ;ADMINISTRAÇÃO                                          ;126 ;TECNOLOGIA DA INFORMAÇÃO                                                                                                ;2123;MELHORIA DA QUALIDADE DOS SERVIÇOS DE TIC E TRANSFORMAÇÃO DIGITAL DOS SERVIÇOS E PROCESSOS DA PCR                       ;1541;EXPANSÃO E ATUALIZAÇÃO DO AMBIENTE DE TECNOLOGIA DA INFORMAÇÃO                                                                                                                                          ;0500;RECURSOS NÃO VINCULADOS DE IMPOSTOS                    ;1690000.0;1690000.0;2400.0;0.0;0.0
2026;1;09  ;PREVIDÊNCIA SOCIAL                                     ;273 ;PREVIDÊNCIA COMPLEMENTAR                                                                                                ;3101;GESTÃO DOS ENCARGOS GERAIS DO MUNICÍPIO                                                                                 ;9022;ENCARGOS COM A PREVIDÊNCIA SOCIAL DOS SERVIDORES - REGIME GERAL                                                                                                                                         ;0799;OUTRAS VINCULAÇÕES LEGAIS                              ;1000000.0;1000000.0;0.0;0.0;0.0
2026;1;18  ;GESTÃO AMBIENTAL                                       ;541 ;PRESERVAÇÃO E CONSERVAÇÃO AMBIENTAL                                                                                     ;1302;FORTALECIMENTO DAS POLÍTICAS INTEGRADAS DE SUSTENTABILIDADE AMBIENTAL                                                   ;2032;AÇÕES PARA O DESENVOLVIMENTO DA CIDADE SUSTENTÁVEL                                                                                                                                                      ;0753;RECURSOS PROVENIENTES DE TAXAS E CONTRIBUIÇÕES         ;1500000.0;1500000.0;0.0;0.0;0.0
2026;1;10  ;SAÚDE                                                  ;301 ;ATENÇÃO BÁSICA                                                                                                          ;1216;FORTALECIMENTO E QUALIFICAÇÃO DA ATENÇÃO BÁSICA EM SAÚDE                                                                ;2083;IMPLEMENTAÇÃO DE PROGRAMAS ESTRATÉGICOS                                                                                                                                                                 ;0500;RECURSOS NÃO VINCULADOS DE IMPOSTOS                    ;110000.0;110000.0;0.0;0.0;0.0
2026;1;08  ;ASSISTÊNCIA SOCIAL                                     ;422 ;DIREITOS INDIVIDUAIS, COLETIVOS E DIFUSOS                                                                               ;2160;GESTÃO DAS POLÍTICAS MUNICIPAIS                                                                                         ;2274;COORDENAÇÃO, SUPERVISÃO E EXECUÇÃO DAS POLÍTICAS DE ASSISTÊNCIA SOCIAL E COMBATE À FOME                                                                                                                 ;0500;RECURSOS NÃO VINCULADOS DE IMPOSTOS                    ;13640000.0;13640000.0;1056772.64;1056772.64;873045.33
2026;1;15  ;URBANISMO                                              ;331 ;PROTEÇÃO E BENEFÍCIOS AO TRABALHADOR                                                                                    ;3101;GESTÃO DOS ENCARGOS GERAIS DO MUNICÍPIO                                                                                 ;2153;ENCARGOS COM BENEFÍCIOS AOS SERVIDORES                                                                                                                                                                  ;0751;RECURSOS DA COSIP                                      ;600000.0;600000.0;490000.0;0.0;0.0
2026;1;15  ;URBANISMO                                              ;452 ;SERVIÇOS URBANOS                                                                                                        ;3101;GESTÃO DOS ENCARGOS GERAIS DO MUNICÍPIO                                                                                 ;2058;ENCARGOS COM ENERGIA ELÉTRICA DE VIAS PÚBLICAS                                                                                                                                                          ;0751;RECURSOS DA COSIP                                      ;25000000.0;25000000.0;9000000.0;0.0;0.0
2026;1;15  ;URBANISMO                                              ;451 ;INFRA-ESTRUTURA URBANA                                                                                                  ;1310;REQUALIFICAÇÃO, AMPLIAÇÃO E REORDENAMENTO DOS ESPAÇOS PÚBLICOS                                                          ;2841;GESTÃO DO LICENCIAMENTO E CONTROLE URBANO                                                                                                                                                               ;0500;RECURSOS NÃO VINCULADOS DE IMPOSTOS                    ;30000.0;30000.0;0.0;0.0;0.0
2026;1;04  ;ADMINISTRAÇÃO                                          ;846 ;OUTROS ENCARGOS ESPECIAIS                                                                                               ;3101;GESTÃO DOS ENCARGOS GERAIS DO MUNICÍPIO                                                                                 ;2120;ENCARGOS COM SERVIDORES À DISPOSIÇÃO DA ADMINISTRAÇÃO DIRETA - PREFEITURA DO RECIFE                                                                                                                     ;0500;RECURSOS NÃO VINCULADOS DE IMPOSTOS                    ;8000000.0;8000000.0;0.0;0.0;0.0
2026;1;15  ;URBANISMO                                              ;122 ;ADMINISTRAÇÃO GERAL                                                                                                     ;2161;GESTÃO ADMINISTRATIVA DOS ÓRGÃOS, ENTIDADES E FUNDOS MUNICIPAIS                                                         ;1035;EXPANSÃO E MELHORIA DA INFRAESTRUTURA DA CTTU                                                                                                                                                           ;0501;OUTROS RECURSOS NÃO VINCULADOS                         ;10000.0;10000.0;0.0;0.0;0.0
2026;1;09  ;PREVIDÊNCIA SOCIAL                                     ;122 ;ADMINISTRAÇÃO GERAL                                                                                                     ;3101;GESTÃO DOS ENCARGOS GERAIS DO MUNICÍPIO                                                                                 ;9018;ENCARGOS ADMINISTRATIVOS PARA GESTÃO DO REGIME PRÓPRIO DE PREVIDÊNCIA SOCIAL DO MUNICÍPIO                                                                                                               ;0801;RECURSOS VINC. AO RPPS - FUNDO REP. (PLANO FINANC.)    ;10000000.0;10000000.0;0.0;0.0;0.0
2026;1;10  ;SAÚDE                                                  ;302 ;ASSISTÊNCIA HOSPITALAR E AMBULATORIAL                                                                                   ;1238;FORTALECIMENTO E QUALIFICAÇÃO DA ATENÇÃO À SAÚDE DE MÉDIA E ALTA COMPLEXIDADE                                           ;2085;GARANTIA DA OFERTA DE PROCEDIMENTOS ATRAVÉS DA REDE PRÓPRIA                                                                                                                                             ;0621;TRANSF. FUNDO A FUNDO SUS PROV. DO GOVERNO ESTADUAL    ;13950000.0;13950000.0;2890898.11;31796.37;31116.05
2026;1;13  ;CULTURA                                                ;272 ;PREVIDÊNCIA DO REGIME ESTATUTÁRIO                                                                                       ;3101;GESTÃO DOS ENCARGOS GERAIS DO MUNICÍPIO                                                                                 ;9021;ENCARGOS COM A PREVIDÊNCIA SOCIAL DOS SERVIDORES - REGIME PRÓPRIO                                                                                                                                       ;0500;RECURSOS NÃO VINCULADOS DE IMPOSTOS                    ;900000.0;900000.0;0.0;0.0;0.0
2026;1;08  ;ASSISTÊNCIA SOCIAL                                     ;241 ;ASSISTÊNCIA AO IDOSO                                                                                                    ;1222;PROMOÇÃO DOS DIREITOS HUMANOS, CIDADANIA E IGUALDADE ÉTNICO-RACIAL                                                      ;2991;APOIO A EXECUÇÃO DA POLÍTICA MUNICIPAL DE DIREITOS DA PESSOA IDOSA                                                                                                                                      ;0669;OUTROS RECURSOS VINCULADOS À ASSISTÊNCIA SOCIAL        ;22985000.0;22985000.0;0.0;0.0;0.0
2026;1;15  ;URBANISMO                                              ;122 ;ADMINISTRAÇÃO GERAL                                                                                                     ;2161;GESTÃO ADMINISTRATIVA DOS ÓRGÃOS, ENTIDADES E FUNDOS MUNICIPAIS                                                         ;2723;APOIO ADMINISTRATIVO ÀS AÇÕES DA UNIDADE ORÇAMENTÁRIA                                                                                                                                                   ;0755;RECURSOS DE ALIENAÇÃO DE BENS/ATIVOS - ADM. DIRETA     ;1050000.0;1050000.0;0.0;0.0;0.0
2026;1;17  ;SANEAMENTO                                             ;512 ;SANEAMENTO BÁSICO URBANO                                                                                                ;1220;PROMOÇÃO DE POLÍTICAS DE SANEAMENTO                                                                                     ;1252;SANEAMENTO INTEGRADO                                                                                                                                                                                    ;0500;RECURSOS NÃO VINCULADOS DE IMPOSTOS                    ;10110000.0;10110000.0;0.0;0.0;0.0
2026;1;04  ;ADMINISTRAÇÃO                                          ;122 ;ADMINISTRAÇÃO GERAL                                                                                                     ;2161;GESTÃO ADMINISTRATIVA DOS ÓRGÃOS, ENTIDADES E FUNDOS MUNICIPAIS                                                         ;2601;MELHORIA E MANUTENÇÃO DAS INSTALAÇÕES DA PREFEITURA DO RECIFE                                                                                                                                           ;0500;RECURSOS NÃO VINCULADOS DE IMPOSTOS                    ;10000000.0;10000000.0;2957709.23;19163.24;19163.24
2026;1;10  ;SAÚDE                                                  ;302 ;ASSISTÊNCIA HOSPITALAR E AMBULATORIAL                                                                                   ;1233;MELHORIA DO ACESSO À ASSISTÊNCIA FARMACÊUTICA                                                                           ;2323;MANUTENÇÃO DO ADEQUADO SUPRIMENTO DA REDE EM ASSISTÊNCIA FARMACÊUTICA NA MÉDIA E ALTA COMPLEXIDADE                                                                                                      ;0600;TRANSF. FUNDO A FUNDO SUS GOV. FED. - BL. MANUTENÇÃO SE;150000.0;150000.0;0.0;0.0;0.0
2026;1;09  ;PREVIDÊNCIA SOCIAL                                     ;272 ;PREVIDÊNCIA DO REGIME ESTATUTÁRIO                                                                                       ;3101;GESTÃO DOS ENCARGOS GERAIS DO MUNICÍPIO                                                                                 ;9011;ENCARGOS COM INATIVOS E PENSIONISTAS DO GERALDÃO - REGIME PRÓPRIO DO MUNICÍPIO                                                                                                                          ;0500;RECURSOS NÃO VINCULADOS DE IMPOSTOS                    ;0.0;100000.0;5788.28;5788.28;0.0
2026;1;23  ;COMÉRCIO E SERVIÇOS                                    ;122 ;ADMINISTRAÇÃO GERAL                                                                                                     ;2161;GESTÃO ADMINISTRATIVA DOS ÓRGÃOS, ENTIDADES E FUNDOS MUNICIPAIS                                                         ;2723;APOIO ADMINISTRATIVO ÀS AÇÕES DA UNIDADE ORÇAMENTÁRIA                                                                                                                                                   ;0500;RECURSOS NÃO VINCULADOS DE IMPOSTOS                    ;14545000.0;18284166.0;17738640.62;943767.5;765709.19
2026;1;10  ;SAÚDE                                                  ;304 ;VIGILÂNCIA SANITÁRIA                                                                                                    ;1217;FORTALECIMENTO DAS AÇÕES DE VIGILÂNCIA EM SAÚDE                                                                         ;2725;FORTALECIMENTO DAS AÇÕES DA VIGILÂNCIA SANITÁRIA                                                                                                                                                        ;0659;OUTROS RECURSOS VINCULADOS À SAÚDE                     ;12575000.0;12575000.0;1969258.81;973580.69;730833.96
2026;1;12  ;EDUCAÇÃO                                               ;365 ;EDUCAÇÃO INFANTIL                                                                                                       ;1247;PROMOÇÃO E FORTALECIMENTO DA POLÍTICA DA PRIMEIRA INFÂNCIA                                                              ;2179;AMPLIAÇÃO E DESENVOLVIMENTO DA EDUCAÇÃO INFANTIL                                                                                                                                                        ;0500;RECURSOS NÃO VINCULADOS DE IMPOSTOS                    ;144600000.0;144600000.0;30772207.59;13700352.93;12158917.11
2026;1;13  ;CULTURA                                                ;392 ;DIFUSÃO CULTURAL                                                                                                        ;1211;VALORIZAÇÃO DA CULTURA                                                                                                  ;2896;IMPLEMENTAÇÃO E OPERACIONALIZAÇÃO DA POLÍTICA NACIONAL ALDIR BLANC DE FOMENTO À CULTURA                                                                                                                 ;0719;TRANSFERÊNCIAS DA POLÍTICA NACIONAL ALDIR BLANC DE FOME;2000000.0;2000000.0;0.0;0.0;0.0
2026;1;16  ;HABITAÇÃO                                              ;482 ;HABITAÇÃO URBANA                                                                                                        ;1219;MELHORIA DAS CONDIÇÕES DE HABITABILIDADE                                                                                ;1038;IMPLEMENTAÇÃO DE PROJETOS HABITACIONAIS                                                                                                                                                                 ;0754;RECURSOS DE OPERAÇÕES DE CRÉDITO                       ;32000000.0;32000000.0;0.0;0.0;0.0
2026;1;15  ;URBANISMO                                              ;451 ;INFRA-ESTRUTURA URBANA                                                                                                  ;1323;MANUTENÇÃO URBANA                                                                                                       ;2566;REQUALIFICAÇÃO DE ESPAÇOS DE INTERESSE PÚBLICO                                                                                                                                                          ;0500;RECURSOS NÃO VINCULADOS DE IMPOSTOS                    ;940000.0;940000.0;0.0;0.0;0.0
2026;1;10  ;SAÚDE                                                  ;305 ;VIGILÂNCIA EPIDEMIOLÓGICA                                                                                               ;2107;GESTÃO DAS POLÍTICAS MUNICIPAIS DE SAÚDE                                                                                ;2326;COORDENAÇÃO, SUPERVISÃO E EXECUÇÃO DAS POLÍTICAS DE SAÚDE NA VIGILÂNCIA EM SAÚDE                                                                                                                        ;0605;ASSIST. FINANCEIRA DA UNIÃO - COMPLEMENTAÇÃO PISOS SALA;50000.0;50000.0;0.0;0.0;0.0
2026;1;09  ;PREVIDÊNCIA SOCIAL                                     ;272 ;PREVIDÊNCIA DO REGIME ESTATUTÁRIO                                                                                       ;3101;GESTÃO DOS ENCARGOS GERAIS DO MUNICÍPIO                                                                                 ;9007;ENCARGOS COM INATIVOS E PENSIONISTAS DO SETOR EDUCACIONAL - REGIME PRÓPRIO DO MUNICÍPIO                                                                                                                 ;0500;RECURSOS NÃO VINCULADOS DE IMPOSTOS                    ;213000000.0;213000000.0;0.0;0.0;0.0
2026;1;15  ;URBANISMO                                              ;451 ;INFRA-ESTRUTURA URBANA                                                                                                  ;1310;REQUALIFICAÇÃO, AMPLIAÇÃO E REORDENAMENTO DOS ESPAÇOS PÚBLICOS                                                          ;2841;GESTÃO DO LICENCIAMENTO E CONTROLE URBANO                                                                                                                                                               ;0501;OUTROS RECURSOS NÃO VINCULADOS                         ;900000.0;900000.0;0.0;0.0;0.0
2026;1;28  ;ENCARGOS ESPECIAIS                                     ;846 ;OUTROS ENCARGOS ESPECIAIS                                                                                               ;3101;GESTÃO DOS ENCARGOS GERAIS DO MUNICÍPIO                                                                                 ;9004;COMPROMISSOS DECORRENTES DE SENTENÇAS JUDICIAIS                                                                                                                                                         ;0500;RECURSOS NÃO VINCULADOS DE IMPOSTOS                    ;46435000.0;46435000.0;203343.7;203343.7;203343.7
2026;1;12  ;EDUCAÇÃO                                               ;361 ;ENSINO FUNDAMENTAL                                                                                                      ;2110;GESTÃO DAS POLÍTICAS MUNICIPAIS DE EDUCAÇÃO                                                                             ;2035;COORDENAÇÃO, SUPERVISÃO E EXECUÇÃO DAS POLÍTICAS DE EDUCAÇÃO                                                                                                                                            ;0541;TRANSFERÊNCIAS DO FUNDEB - COMPLEMENTAÇÃO DA UNIÃO - VA;12500000.0;12500000.0;0.0;0.0;0.0
2026;1;15  ;URBANISMO                                              ;331 ;PROTEÇÃO E BENEFÍCIOS AO TRABALHADOR                                                                                    ;3101;GESTÃO DOS ENCARGOS GERAIS DO MUNICÍPIO                                                                                 ;2153;ENCARGOS COM BENEFÍCIOS AOS SERVIDORES                                                                                                                                                                  ;0501;OUTROS RECURSOS NÃO VINCULADOS                         ;3670000.0;4807457.6;3976734.2;71766.46;70348.26
2026;1;10  ;SAÚDE                                                  ;305 ;VIGILÂNCIA EPIDEMIOLÓGICA                                                                                               ;1217;FORTALECIMENTO DAS AÇÕES DE VIGILÂNCIA EM SAÚDE                                                                         ;2088;DESENVOLVIMENTO DA POLÍTICA DE VIGILÂNCIA EM SAÚDE DO TRABALHADOR (RENAST)                                                                                                                              ;0600;TRANSF. FUNDO A FUNDO SUS GOV. FED. - BL. MANUTENÇÃO SE;850000.0;850000.0;242580.86;13365.87;13178.84
2026;1;14  ;DIREITOS DA CIDADANIA                                  ;122 ;ADMINISTRAÇÃO GERAL                                                                                                     ;2161;GESTÃO ADMINISTRATIVA DOS ÓRGÃOS, ENTIDADES E FUNDOS MUNICIPAIS                                                         ;2723;APOIO ADMINISTRATIVO ÀS AÇÕES DA UNIDADE ORÇAMENTÁRIA                                                                                                                                                   ;0759;RECURSOS VINCULADOS A FUNDOS                           ;1305000.0;1305000.0;0.0;0.0;0.0
2026;1;13  ;CULTURA                                                ;392 ;DIFUSÃO CULTURAL                                                                                                        ;1211;VALORIZAÇÃO DA CULTURA                                                                                                  ;2304;PROMOÇÕES DE AÇÕES CULTURAIS                                                                                                                                                                            ;0500;RECURSOS NÃO VINCULADOS DE IMPOSTOS                    ;19930000.0;18540823.73;2773068.84;1060502.81;264654.98
2026;1;15  ;URBANISMO                                              ;451 ;INFRA-ESTRUTURA URBANA                                                                                                  ;1310;REQUALIFICAÇÃO, AMPLIAÇÃO E REORDENAMENTO DOS ESPAÇOS PÚBLICOS                                                          ;1576;URBANIZAÇÃO DAS MARGENS DE RIOS E CANAIS                                                                                                                                                                ;0754;RECURSOS DE OPERAÇÕES DE CRÉDITO                       ;5000000.0;5422713.69;0.0;0.0;0.0
2026;1;15  ;URBANISMO                                              ;452 ;SERVIÇOS URBANOS                                                                                                        ;1323;MANUTENÇÃO URBANA                                                                                                       ;2509;LIMPEZA URBANA                                                                                                                                                                                          ;0500;RECURSOS NÃO VINCULADOS DE IMPOSTOS                    ;22720000.0;22720000.0;9398552.1;5018863.62;4571580.48
2026;1;09  ;PREVIDÊNCIA SOCIAL                                     ;273 ;PREVIDÊNCIA COMPLEMENTAR                                                                                                ;3101;GESTÃO DOS ENCARGOS GERAIS DO MUNICÍPIO                                                                                 ;9011;ENCARGOS COM INATIVOS E PENSIONISTAS DO GERALDÃO - REGIME PRÓPRIO DO MUNICÍPIO                                                                                                                          ;0800;RECURSOS VINC. AO RPPS - FUNDO CAPIT. (PLANO PREV.)    ;10000.0;60000.0;3864.05;3864.05;3687.17
2026;1;15  ;URBANISMO                                              ;451 ;INFRA-ESTRUTURA URBANA                                                                                                  ;1313;REQUALIFICAÇÃO DE ÁREAS DE BAIXA RENDA                                                                                  ;1564;REGULARIZAÇÃO FUNDIÁRIA                                                                                                                                                                                 ;0500;RECURSOS NÃO VINCULADOS DE IMPOSTOS                    ;10000000.0;5050099.0;1442677.42;478788.85;478788.85
2026;1;10  ;SAÚDE                                                  ;302 ;ASSISTÊNCIA HOSPITALAR E AMBULATORIAL                                                                                   ;1238;FORTALECIMENTO E QUALIFICAÇÃO DA ATENÇÃO À SAÚDE DE MÉDIA E ALTA COMPLEXIDADE                                           ;2324;FORTALECIMENTO E QUALIFICAÇÃO DE PROGRAMAS ESTRATÉGICOS                                                                                                                                                 ;0500;RECURSOS NÃO VINCULADOS DE IMPOSTOS                    ;60000.0;60000.0;0.0;0.0;0.0
2026;1;04  ;ADMINISTRAÇÃO                                          ;846 ;OUTROS ENCARGOS ESPECIAIS                                                                                               ;3101;GESTÃO DOS ENCARGOS GERAIS DO MUNICÍPIO                                                                                 ;2144;ENCARGOS DE PESSOAL DA PREFEITURA À DISPOSIÇÃO DE OUTROS ÓRGÃOS                                                                                                                                         ;0500;RECURSOS NÃO VINCULADOS DE IMPOSTOS                    ;10000.0;10000.0;0.0;0.0;0.0
2026;1;17  ;SANEAMENTO                                             ;512 ;SANEAMENTO BÁSICO URBANO                                                                                                ;1220;PROMOÇÃO DE POLÍTICAS DE SANEAMENTO                                                                                     ;2044;MANUTENÇÃO DOS SISTEMAS DE ESGOTAMENTO SANITÁRIO                                                                                                                                                        ;0500;RECURSOS NÃO VINCULADOS DE IMPOSTOS                    ;3260000.0;3260000.0;0.0;0.0;0.0
2026;1;23  ;COMÉRCIO E SERVIÇOS                                    ;331 ;PROTEÇÃO E BENEFÍCIOS AO TRABALHADOR                                                                                    ;3101;GESTÃO DOS ENCARGOS GERAIS DO MUNICÍPIO                                                                                 ;2153;ENCARGOS COM BENEFÍCIOS AOS SERVIDORES                                                                                                                                                                  ;0501;OUTROS RECURSOS NÃO VINCULADOS                         ;500000.0;500000.0;500000.0;82828.62;82828.62
2026;1;15  ;URBANISMO                                              ;451 ;INFRA-ESTRUTURA URBANA                                                                                                  ;1303;GESTÃO DE RISCO EM ENCOSTAS E ALAGADOS                                                                                  ;1574;URBANIZAÇÃO DE ÁREAS DE RISCO                                                                                                                                                                           ;0700;OUTRAS TRANSF. CONV. OU INSTRUM. CONGÊNERES - UNIÃO    ;5000000.0;5000000.0;0.0;0.0;0.0
2026;1;23  ;COMÉRCIO E SERVIÇOS                                    ;273 ;PREVIDÊNCIA COMPLEMENTAR                                                                                                ;3101;GESTÃO DOS ENCARGOS GERAIS DO MUNICÍPIO                                                                                 ;9022;ENCARGOS COM A PREVIDÊNCIA SOCIAL DOS SERVIDORES - REGIME GERAL                                                                                                                                         ;0500;RECURSOS NÃO VINCULADOS DE IMPOSTOS                    ;2440000.0;2440000.0;0.0;0.0;0.0
2026;1;04  ;ADMINISTRAÇÃO                                          ;122 ;ADMINISTRAÇÃO GERAL                                                                                                     ;3101;GESTÃO DOS ENCARGOS GERAIS DO MUNICÍPIO                                                                                 ;2048;ENCARGOS GERAIS COMUNS AOS DIVERSOS ÓRGÃOS                                                                                                                                                              ;0500;RECURSOS NÃO VINCULADOS DE IMPOSTOS                    ;49190000.0;49190000.0;7471260.85;421260.85;416260.85
2026;1;12  ;EDUCAÇÃO                                               ;361 ;ENSINO FUNDAMENTAL                                                                                                      ;2110;GESTÃO DAS POLÍTICAS MUNICIPAIS DE EDUCAÇÃO                                                                             ;2035;COORDENAÇÃO, SUPERVISÃO E EXECUÇÃO DAS POLÍTICAS DE EDUCAÇÃO                                                                                                                                            ;0500;RECURSOS NÃO VINCULADOS DE IMPOSTOS                    ;113600000.0;113900000.0;11391472.69;11289604.67;8597394.64
2026;1;10  ;SAÚDE                                                  ;301 ;ATENÇÃO BÁSICA                                                                                                          ;1236;EXPANSÃO E MELHORIA NA INFRAESTRUTURA DE ATENDIMENTO EM SAÚDE                                                           ;1033;MELHORIA DA ESTRUTURA FÍSICA DAS UNIDADES DE SAÚDE NA ATENÇÃO BÁSICA                                                                                                                                    ;0500;RECURSOS NÃO VINCULADOS DE IMPOSTOS                    ;400000.0;400000.0;0.0;0.0;0.0
2026;1;15  ;URBANISMO                                              ;451 ;INFRA-ESTRUTURA URBANA                                                                                                  ;1325;REQUALIFICAÇÃO E RESILIÊNCIA URBANA EM ÁREAS DE VULNERABILIDADE SOCIOAMBIENTAL                                          ;1028;AMPLIAÇÃO E MELHORIA DA INFRAESTRUTURA URBANA                                                                                                                                                           ;0754;RECURSOS DE OPERAÇÕES DE CRÉDITO                       ;180000000.0;219554901.64;31807392.29;0.0;0.0
2026;1;15  ;URBANISMO                                              ;452 ;SERVIÇOS URBANOS                                                                                                        ;1323;MANUTENÇÃO URBANA                                                                                                       ;2539;MANUTENÇÃO E CONSERVAÇÃO DE ÁREAS VERDES                                                                                                                                                                ;0706;TRANSFERÊNCIA ESPECIAL DA UNIÃO                        ;4480000.0;4480000.0;0.0;0.0;0.0
2026;1;04  ;ADMINISTRAÇÃO                                          ;129 ;ADMINISTRAÇÃO DE RECEITAS                                                                                               ;2122;GESTÃO PÚBLICA DE EXCELÊNCIA                                                                                            ;2867;DESENVOLVIMENTO E APERFEIÇOAMENTO DA ADMINISTRAÇÃO TRIBUTÁRIA                                                                                                                                           ;0501;OUTROS RECURSOS NÃO VINCULADOS                         ;1000000.0;1000000.0;0.0;0.0;0.0
2026;1;04  ;ADMINISTRAÇÃO                                          ;122 ;ADMINISTRAÇÃO GERAL                                                                                                     ;2161;GESTÃO ADMINISTRATIVA DOS ÓRGÃOS, ENTIDADES E FUNDOS MUNICIPAIS                                                         ;2723;APOIO ADMINISTRATIVO ÀS AÇÕES DA UNIDADE ORÇAMENTÁRIA                                                                                                                                                   ;0500;RECURSOS NÃO VINCULADOS DE IMPOSTOS                    ;51885000.0;54785000.0;30793637.61;857238.38;803696.9
2026;1;08  ;ASSISTÊNCIA SOCIAL                                     ;244 ;ASSISTÊNCIA COMUNITÁRIA                                                                                                 ;1204;FORTALECIMENTO DO SISTEMA ÚNICO DE ASSISTÊNCIA SOCIAL                                                                   ;2018;GESTÃO DO CADASTRO ÚNICO E PROGRAMA BOLSA FAMÍLIA                                                                                                                                                       ;0500;RECURSOS NÃO VINCULADOS DE IMPOSTOS                    ;0.0;1380000.0;128055.6;0.0;0.0
2026;1;10  ;SAÚDE                                                  ;272 ;PREVIDÊNCIA DO REGIME ESTATUTÁRIO                                                                                       ;3102;GESTÃO DOS ENCARGOS GERAIS DO SETOR DE SAÚDE                                                                            ;9021;ENCARGOS COM A PREVIDÊNCIA SOCIAL DOS SERVIDORES - REGIME PRÓPRIO                                                                                                                                       ;0500;RECURSOS NÃO VINCULADOS DE IMPOSTOS                    ;100000000.0;100000000.0;0.0;0.0;0.0
2026;1;10  ;SAÚDE                                                  ;302 ;ASSISTÊNCIA HOSPITALAR E AMBULATORIAL                                                                                   ;1238;FORTALECIMENTO E QUALIFICAÇÃO DA ATENÇÃO À SAÚDE DE MÉDIA E ALTA COMPLEXIDADE                                           ;2085;GARANTIA DA OFERTA DE PROCEDIMENTOS ATRAVÉS DA REDE PRÓPRIA                                                                                                                                             ;0600;TRANSF. FUNDO A FUNDO SUS GOV. FED. - BL. MANUTENÇÃO SE;250000000.0;240730038.0;44046186.48;1812685.69;700459.68
2026;1;27  ;DESPORTO E LAZER                                       ;695 ;TURISMO                                                                                                                 ;2160;GESTÃO DAS POLÍTICAS MUNICIPAIS                                                                                         ;2280;COORDENAÇÃO, SUPERVISÃO E EXECUÇÃO DAS POLÍTICAS DE TURISMO E LAZER                                                                                                                                     ;0500;RECURSOS NÃO VINCULADOS DE IMPOSTOS                    ;21800000.0;21800000.0;10186294.41;493285.62;445445.99
2026;1;09  ;PREVIDÊNCIA SOCIAL                                     ;122 ;ADMINISTRAÇÃO GERAL                                                                                                     ;3101;GESTÃO DOS ENCARGOS GERAIS DO MUNICÍPIO                                                                                 ;9018;ENCARGOS ADMINISTRATIVOS PARA GESTÃO DO REGIME PRÓPRIO DE PREVIDÊNCIA SOCIAL DO MUNICÍPIO                                                                                                               ;0800;RECURSOS VINC. AO RPPS - FUNDO CAPIT. (PLANO PREV.)    ;15000000.0;15000000.0;837228.95;837228.95;837228.95
2026;1;04  ;ADMINISTRAÇÃO                                          ;129 ;ADMINISTRAÇÃO DE RECEITAS                                                                                               ;2122;GESTÃO PÚBLICA DE EXCELÊNCIA                                                                                            ;2868;OTIMIZAÇÃO DOS PROCESSOS DA ADMINISTRAÇÃO TRIBUTÁRIA                                                                                                                                                    ;0501;OUTROS RECURSOS NÃO VINCULADOS                         ;150000.0;150000.0;0.0;0.0;0.0
2026;1;13  ;CULTURA                                                ;392 ;DIFUSÃO CULTURAL                                                                                                        ;1211;VALORIZAÇÃO DA CULTURA                                                                                                  ;2304;PROMOÇÕES DE AÇÕES CULTURAIS                                                                                                                                                                            ;0700;OUTRAS TRANSF. CONV. OU INSTRUM. CONGÊNERES - UNIÃO    ;600000.0;600000.0;0.0;0.0;0.0
2026;1;14  ;DIREITOS DA CIDADANIA                                  ;422 ;DIREITOS INDIVIDUAIS, COLETIVOS E DIFUSOS                                                                               ;1235;DESENVOLVIMENTO DE POLÍTICAS PARA PROMOÇÃO DA IGUALDADE DE GÊNERO                                                       ;2080;PROMOÇÃO E EMPODERAMENTO SOCIOECONÔMICO DAS MULHERES                                                                                                                                                    ;0500;RECURSOS NÃO VINCULADOS DE IMPOSTOS                    ;70000.0;40000.0;0.0;0.0;0.0
2026;1;12  ;EDUCAÇÃO                                               ;361 ;ENSINO FUNDAMENTAL                                                                                                      ;1249;AMPLIAÇÃO E GESTÃO DA REDE DE ENSINO FUNDAMENTAL                                                                        ;2178;UNIVERSALIZAÇÃO E QUALIFICAÇÃO DO ENSINO FUNDAMENTAL                                                                                                                                                    ;0540;TRANSFERÊNCIAS DO FUNDEB - IMPOSTOS E TRANSFERÊNCIAS DE;388160000.0;408160000.0;28403697.0;28346937.0;20131630.71
2026;1;09  ;PREVIDÊNCIA SOCIAL                                     ;272 ;PREVIDÊNCIA DO REGIME ESTATUTÁRIO                                                                                       ;3101;GESTÃO DOS ENCARGOS GERAIS DO MUNICÍPIO                                                                                 ;9035;COMPENSAÇÕES A REGIMES DE PREVIDÊNCIA                                                                                                                                                                   ;0801;RECURSOS VINC. AO RPPS - FUNDO REP. (PLANO FINANC.)    ;10000.0;10000.0;0.0;0.0;0.0
2026;1;04  ;ADMINISTRAÇÃO                                          ;331 ;PROTEÇÃO E BENEFÍCIOS AO TRABALHADOR                                                                                    ;3101;GESTÃO DOS ENCARGOS GERAIS DO MUNICÍPIO                                                                                 ;2153;ENCARGOS COM BENEFÍCIOS AOS SERVIDORES                                                                                                                                                                  ;0501;OUTROS RECURSOS NÃO VINCULADOS                         ;200000.0;200000.0;0.0;0.0;0.0
2026;1;15  ;URBANISMO                                              ;452 ;SERVIÇOS URBANOS                                                                                                        ;1323;MANUTENÇÃO URBANA                                                                                                       ;2541;MANUTENÇÃO DO SISTEMA VIÁRIO                                                                                                                                                                            ;0500;RECURSOS NÃO VINCULADOS DE IMPOSTOS                    ;1200000.0;1200000.0;0.0;0.0;0.0
2026;1;10  ;SAÚDE                                                  ;301 ;ATENÇÃO BÁSICA                                                                                                          ;2107;GESTÃO DAS POLÍTICAS MUNICIPAIS DE SAÚDE                                                                                ;2074;COORDENAÇÃO, SUPERVISÃO E EXECUÇÃO DAS POLÍTICAS DE SAÚDE NA ATENÇÃO BÁSICA                                                                                                                             ;0501;OUTROS RECURSOS NÃO VINCULADOS                         ;0.0;18000000.0;8000000.0;8000000.0;8000000.0
2026;1;15  ;URBANISMO                                              ;451 ;INFRA-ESTRUTURA URBANA                                                                                                  ;1310;REQUALIFICAÇÃO, AMPLIAÇÃO E REORDENAMENTO DOS ESPAÇOS PÚBLICOS                                                          ;1603;CONSTRUÇÃO E REQUALIFICAÇÃO DE ESPAÇOS DE INTERESSE PÚBLICO                                                                                                                                             ;0754;RECURSOS DE OPERAÇÕES DE CRÉDITO                       ;30000000.0;30000000.0;0.0;0.0;0.0
2026;1;15  ;URBANISMO                                              ;452 ;SERVIÇOS URBANOS                                                                                                        ;1323;MANUTENÇÃO URBANA                                                                                                       ;2541;MANUTENÇÃO DO SISTEMA VIÁRIO                                                                                                                                                                            ;0754;RECURSOS DE OPERAÇÕES DE CRÉDITO                       ;160000000.0;161400000.0;421055.22;0.0;0.0
2026;1;08  ;ASSISTÊNCIA SOCIAL                                     ;243 ;ASSISTÊNCIA À CRIANÇA E AO ADOLESCENTE                                                                                  ;1247;PROMOÇÃO E FORTALECIMENTO DA POLÍTICA DA PRIMEIRA INFÂNCIA                                                              ;2113;APOIO À PRIMEIRA INFÂNCIA                                                                                                                                                                               ;0500;RECURSOS NÃO VINCULADOS DE IMPOSTOS                    ;10000.0;10000.0;0.0;0.0;0.0
2026;1;12  ;EDUCAÇÃO                                               ;306 ;ALIMENTAÇÃO E NUTRIÇÃO                                                                                                  ;1207;SUPORTE E APOIO EFETIVOS PARA UMA EDUCAÇÃO DE QUALIDADE                                                                 ;2127;ALIMENTAÇÃO ESCOLAR                                                                                                                                                                                     ;0550;TRANSFERÊNCIA DO SALÁRIO-EDUCAÇÃO                      ;59480000.0;59480000.0;0.0;0.0;0.0
2026;1;15  ;URBANISMO                                              ;452 ;SERVIÇOS URBANOS                                                                                                        ;1323;MANUTENÇÃO URBANA                                                                                                       ;2539;MANUTENÇÃO E CONSERVAÇÃO DE ÁREAS VERDES                                                                                                                                                                ;0754;RECURSOS DE OPERAÇÕES DE CRÉDITO                       ;25000000.0;31500000.0;7423072.85;0.0;0.0
2026;1;08  ;ASSISTÊNCIA SOCIAL                                     ;128 ;FORMAÇÃO DE RECURSOS HUMANOS                                                                                            ;1204;FORTALECIMENTO DO SISTEMA ÚNICO DE ASSISTÊNCIA SOCIAL                                                                   ;2033;DESENVOLVIMENTO DE AÇÕES RELATIVAS À FORMAÇÃO PERMANENTE E CAPACITAÇÃO CONTINUADA DOS PROFISSIONAIS                                                                                                     ;0500;RECURSOS NÃO VINCULADOS DE IMPOSTOS                    ;10000.0;10000.0;0.0;0.0;0.0
2026;1;23  ;COMÉRCIO E SERVIÇOS                                    ;846 ;OUTROS ENCARGOS ESPECIAIS                                                                                               ;3101;GESTÃO DOS ENCARGOS GERAIS DO MUNICÍPIO                                                                                 ;2704;ENCARGOS COM PARCELAMENTO DE DÉBITOS DE EXERCÍCIOS ANTERIORES                                                                                                                                           ;0500;RECURSOS NÃO VINCULADOS DE IMPOSTOS                    ;10000.0;10000.0;0.0;0.0;0.0
2026;1;14  ;DIREITOS DA CIDADANIA                                  ;422 ;DIREITOS INDIVIDUAIS, COLETIVOS E DIFUSOS                                                                               ;1227;PROGRAMA DE PARTICIPAÇÃO CIDADÃ - TODOS PELO RECIFE                                                                     ;2242;ESTRUTURAÇÃO DE CANAIS DE FOMENTO À PARTICIPAÇÃO POPULAR NA GESTÃO DA PREFEITURA                                                                                                                        ;0500;RECURSOS NÃO VINCULADOS DE IMPOSTOS                    ;1600000.0;1600000.0;0.0;0.0;0.0
2026;1;15  ;URBANISMO                                              ;451 ;INFRA-ESTRUTURA URBANA                                                                                                  ;1310;REQUALIFICAÇÃO, AMPLIAÇÃO E REORDENAMENTO DOS ESPAÇOS PÚBLICOS                                                          ;1028;AMPLIAÇÃO E MELHORIA DA INFRAESTRUTURA URBANA                                                                                                                                                           ;0500;RECURSOS NÃO VINCULADOS DE IMPOSTOS                    ;3420000.0;3420000.0;0.0;0.0;0.0
2026;1;15  ;URBANISMO                                              ;452 ;SERVIÇOS URBANOS                                                                                                        ;1323;MANUTENÇÃO URBANA                                                                                                       ;2582;ADMINISTRAÇÃO E FISCALIZAÇÃO DE NECRÓPOLES                                                                                                                                                              ;0899;OUTROS RECURSOS VINCULADOS                             ;9660000.0;9660000.0;1427527.6;0.0;0.0
2026;1;28  ;ENCARGOS ESPECIAIS                                     ;846 ;OUTROS ENCARGOS ESPECIAIS                                                                                               ;3101;GESTÃO DOS ENCARGOS GERAIS DO MUNICÍPIO                                                                                 ;9002;CONTRIBUIÇÕES PARA O PIS/PASEP                                                                                                                                                                          ;0750;RECURSOS DA CIDE                                       ;0.0;3500.0;3500.0;3042.83;3042.83
2026;1;14  ;DIREITOS DA CIDADANIA                                  ;422 ;DIREITOS INDIVIDUAIS, COLETIVOS E DIFUSOS                                                                               ;1320;PROMOÇÃO SOCIAL E PROFISSIONAL PARA GERAÇÃO DE TRABALHO E RENDA                                                         ;2003;APOIO A IMPLANTAÇÃO E IMPLEMENTAÇÃO DAS POLÍTICAS DE JUVENTUDE                                                                                                                                          ;0500;RECURSOS NÃO VINCULADOS DE IMPOSTOS                    ;30000.0;30000.0;0.0;0.0;0.0
2026;1;15  ;URBANISMO                                              ;452 ;SERVIÇOS URBANOS                                                                                                        ;1323;MANUTENÇÃO URBANA                                                                                                       ;2541;MANUTENÇÃO DO SISTEMA VIÁRIO                                                                                                                                                                            ;0700;OUTRAS TRANSF. CONV. OU INSTRUM. CONGÊNERES - UNIÃO    ;6200000.0;6200000.0;0.0;0.0;0.0
2026;1;13  ;CULTURA                                                ;392 ;DIFUSÃO CULTURAL                                                                                                        ;1211;VALORIZAÇÃO DA CULTURA                                                                                                  ;2311;OTIMIZAÇÃO E DEMOCRATIZAÇÃO DOS EQUIPAMENTOS CULTURAIS                                                                                                                                                  ;0500;RECURSOS NÃO VINCULADOS DE IMPOSTOS                    ;4210000.0;4210000.0;0.0;0.0;0.0
2026;1;12  ;EDUCAÇÃO                                               ;361 ;ENSINO FUNDAMENTAL                                                                                                      ;1206;ORGANIZAÇÃO EFICAZ DO ENSINO E DA APRENDIZAGEM                                                                          ;2101;IMPLANTAÇÃO DE POLÍTICAS DE VALORIZAÇÃO E FORMAÇÃO CONTINUADA DOS PROFISSIONAIS DA EDUCAÇÃO                                                                                                             ;0500;RECURSOS NÃO VINCULADOS DE IMPOSTOS                    ;10025000.0;10025000.0;1540000.0;0.0;0.0
2026;1;99  ;RESERVAS                                               ;997 ;RESERVA DO REGIME PRÓPRIO DE PREVIDÊNCIA DO SERVIDOR                                                                    ;9999;RESERVAS                                                                                                                ;9031;RESERVA DO REGIME PRÓPRIO DE PREVIDÊNCIA DO SERVIDOR - RPPS                                                                                                                                             ;0800;RECURSOS VINC. AO RPPS - FUNDO CAPIT. (PLANO PREV.)    ;270920000.0;270920000.0;0.0;0.0;0.0
2026;1;08  ;ASSISTÊNCIA SOCIAL                                     ;244 ;ASSISTÊNCIA COMUNITÁRIA                                                                                                 ;1324;FORTALECIMENTO DA POLÍTICA DE SEGURANÇA ALIMENTAR E NUTRICIONAL                                                         ;2220;DESENVOLVIMENTO DE AÇÕES DE SEGURANÇA ALIMENTAR E NUTRICIONAL                                                                                                                                           ;0661;TRANSF. DE RECURSOS DOS FUNDOS EST. - ASSIST. SOCIAL   ;300000.0;300000.0;0.0;0.0;0.0
2026;1;15  ;URBANISMO                                              ;451 ;INFRA-ESTRUTURA URBANA                                                                                                  ;1304;MOBILIDADE URBANA E ACESSIBILIDADE                                                                                      ;1012;REQUALIFICAÇÃO DA MOBILIDADE URBANA - VIA MANGUE                                                                                                                                                        ;0500;RECURSOS NÃO VINCULADOS DE IMPOSTOS                    ;15000.0;15000.0;0.0;0.0;0.0
2026;1;19  ;CIÊNCIA E TECNOLOGIA                                   ;122 ;ADMINISTRAÇÃO GERAL                                                                                                     ;2161;GESTÃO ADMINISTRATIVA DOS ÓRGÃOS, ENTIDADES E FUNDOS MUNICIPAIS                                                         ;2723;APOIO ADMINISTRATIVO ÀS AÇÕES DA UNIDADE ORÇAMENTÁRIA                                                                                                                                                   ;0500;RECURSOS NÃO VINCULADOS DE IMPOSTOS                    ;90000.0;90000.0;10000.0;10000.0;10000.0
2026;1;17  ;SANEAMENTO                                             ;512 ;SANEAMENTO BÁSICO URBANO                                                                                                ;1220;PROMOÇÃO DE POLÍTICAS DE SANEAMENTO                                                                                     ;1252;SANEAMENTO INTEGRADO                                                                                                                                                                                    ;0700;OUTRAS TRANSF. CONV. OU INSTRUM. CONGÊNERES - UNIÃO    ;8200000.0;8200000.0;0.0;0.0;0.0
2026;1;10  ;SAÚDE                                                  ;846 ;OUTROS ENCARGOS ESPECIAIS                                                                                               ;3102;GESTÃO DOS ENCARGOS GERAIS DO SETOR DE SAÚDE                                                                            ;2158;ENCARGOS COM BENEFÍCIOS AOS SERVIDORES DO SETOR DE SAÚDE                                                                                                                                                ;0500;RECURSOS NÃO VINCULADOS DE IMPOSTOS                    ;5700000.0;5700000.0;4800000.0;858156.83;858156.83
2026;1;15  ;URBANISMO                                              ;452 ;SERVIÇOS URBANOS                                                                                                        ;1323;MANUTENÇÃO URBANA                                                                                                       ;2509;LIMPEZA URBANA                                                                                                                                                                                          ;0753;RECURSOS PROVENIENTES DE TAXAS E CONTRIBUIÇÕES         ;300000000.0;300000000.0;218401232.69;10638343.86;9108577.53
2026;1;15  ;URBANISMO                                              ;451 ;INFRA-ESTRUTURA URBANA                                                                                                  ;1303;GESTÃO DE RISCO EM ENCOSTAS E ALAGADOS                                                                                  ;1574;URBANIZAÇÃO DE ÁREAS DE RISCO                                                                                                                                                                           ;0754;RECURSOS DE OPERAÇÕES DE CRÉDITO                       ;57500000.0;57616719.17;0.0;0.0;0.0
2026;1;08  ;ASSISTÊNCIA SOCIAL                                     ;244 ;ASSISTÊNCIA COMUNITÁRIA                                                                                                 ;1204;FORTALECIMENTO DO SISTEMA ÚNICO DE ASSISTÊNCIA SOCIAL                                                                   ;2018;GESTÃO DO CADASTRO ÚNICO E PROGRAMA BOLSA FAMÍLIA                                                                                                                                                       ;0660;TRANSFERÊNCIA DE RECURSOS DO FNAS                      ;4945000.0;4945000.0;553366.79;0.0;0.0
2026;1;12  ;EDUCAÇÃO                                               ;361 ;ENSINO FUNDAMENTAL                                                                                                      ;3103;GESTÃO DOS ENCARGOS GERAIS DO SETOR EDUCACIONAL                                                                         ;9021;ENCARGOS COM A PREVIDÊNCIA SOCIAL DOS SERVIDORES - REGIME PRÓPRIO                                                                                                                                       ;0500;RECURSOS NÃO VINCULADOS DE IMPOSTOS                    ;40000000.0;40000000.0;15474990.61;8809012.03;0.0
2026;1;11  ;TRABALHO                                               ;363 ;ENSINO PROFISSIONAL                                                                                                     ;1320;PROMOÇÃO SOCIAL E PROFISSIONAL PARA GERAÇÃO DE TRABALHO E RENDA                                                         ;2992;QUALIFICAÇÃO SOCIAL PROFISSIONAL E DIFUSÃO DO EMPREENDEDORISMO PARA GERAÇÃO DE TRABALHO E RENDA                                                                                                         ;0700;OUTRAS TRANSF. CONV. OU INSTRUM. CONGÊNERES - UNIÃO    ;2000000.0;2000000.0;0.0;0.0;0.0
2026;1;10  ;SAÚDE                                                  ;122 ;ADMINISTRAÇÃO GERAL                                                                                                     ;1236;EXPANSÃO E MELHORIA NA INFRAESTRUTURA DE ATENDIMENTO EM SAÚDE                                                           ;1659;CONSTRUÇÃO, REFORMA, AMPLIAÇÃO E EQUIPAGEM DE UNIDADES DE SAÚDE                                                                                                                                         ;0500;RECURSOS NÃO VINCULADOS DE IMPOSTOS                    ;80000.0;1080000.0;996012.0;0.0;0.0
2026;1;08  ;ASSISTÊNCIA SOCIAL                                     ;122 ;ADMINISTRAÇÃO GERAL                                                                                                     ;2161;GESTÃO ADMINISTRATIVA DOS ÓRGÃOS, ENTIDADES E FUNDOS MUNICIPAIS                                                         ;2723;APOIO ADMINISTRATIVO ÀS AÇÕES DA UNIDADE ORÇAMENTÁRIA                                                                                                                                                   ;0665;TRANSF. CONV. E INSTRUM. CONGÊNERES ASSISTÊNCIA SOCIAL ;450000.0;450000.0;0.0;0.0;0.0
2026;1;14  ;DIREITOS DA CIDADANIA                                  ;422 ;DIREITOS INDIVIDUAIS, COLETIVOS E DIFUSOS                                                                               ;2160;GESTÃO DAS POLÍTICAS MUNICIPAIS                                                                                         ;2081;COORDENAÇÃO, SUPERVISÃO E EXECUÇÃO DA POLÍTICA PARA MULHERES                                                                                                                                            ;0500;RECURSOS NÃO VINCULADOS DE IMPOSTOS                    ;8890000.0;8890000.0;425710.32;425710.32;358721.09
2026;1;14  ;DIREITOS DA CIDADANIA                                  ;422 ;DIREITOS INDIVIDUAIS, COLETIVOS E DIFUSOS                                                                               ;2160;GESTÃO DAS POLÍTICAS MUNICIPAIS                                                                                         ;2894;APOIO A EXECUÇÃO DA POLÍTICA MUNICIPAL PARA A MULHER                                                                                                                                                    ;0759;RECURSOS VINCULADOS A FUNDOS                           ;40000.0;40000.0;0.0;0.0;0.0
2026;1;10  ;SAÚDE                                                  ;305 ;VIGILÂNCIA EPIDEMIOLÓGICA                                                                                               ;1217;FORTALECIMENTO DAS AÇÕES DE VIGILÂNCIA EM SAÚDE                                                                         ;2893;DESENVOLVIMENTO DE AÇÕES DE COMBATE E CONTROLE DE SITUAÇÕES DE EMERGÊNCIAS SANITÁRIAS                                                                                                                   ;0500;RECURSOS NÃO VINCULADOS DE IMPOSTOS                    ;72502000.0;72502000.0;525240.04;525240.04;440803.02
2026;1;17  ;SANEAMENTO                                             ;512 ;SANEAMENTO BÁSICO URBANO                                                                                                ;1220;PROMOÇÃO DE POLÍTICAS DE SANEAMENTO                                                                                     ;1252;SANEAMENTO INTEGRADO                                                                                                                                                                                    ;0754;RECURSOS DE OPERAÇÕES DE CRÉDITO                       ;50000000.0;50000000.0;4429441.21;0.0;0.0
2026;1;18  ;GESTÃO AMBIENTAL                                       ;541 ;PRESERVAÇÃO E CONSERVAÇÃO AMBIENTAL                                                                                     ;2160;GESTÃO DAS POLÍTICAS MUNICIPAIS                                                                                         ;2097;COORDENAÇÃO, SUPERVISÃO E EXECUÇÃO DAS POLÍTICAS DE MEIO AMBIENTE                                                                                                                                       ;0500;RECURSOS NÃO VINCULADOS DE IMPOSTOS                    ;17910000.0;17910000.0;567641.01;567641.01;487827.97
2026;1;27  ;DESPORTO E LAZER                                       ;812 ;DESPORTO COMUNITÁRIO                                                                                                    ;1226;PROMOÇÃO DE POLÍTICAS DE INCENTIVO AO ESPORTE E PRÁTICA DE EXERCÍCIO FÍSICO PARA PROMOÇÃO DA SAÚDE                      ;2529;AMPLIAÇÃO, REFORMA E MELHORIA DAS INSTALAÇÕES E EQUIPAMENTOS DO GINÁSIO DE ESPORTES GERALDO MAGALHÃES - GERALDÃO                                                                                        ;0500;RECURSOS NÃO VINCULADOS DE IMPOSTOS                    ;10000.0;10000.0;0.0;0.0;0.0
2026;1;23  ;COMÉRCIO E SERVIÇOS                                    ;846 ;OUTROS ENCARGOS ESPECIAIS                                                                                               ;3101;GESTÃO DOS ENCARGOS GERAIS DO MUNICÍPIO                                                                                 ;2705;ENCARGOS COM O FGTS DOS SERVIDORES                                                                                                                                                                      ;0500;RECURSOS NÃO VINCULADOS DE IMPOSTOS                    ;650000.0;650000.0;0.0;0.0;0.0
2026;1;04  ;ADMINISTRAÇÃO                                          ;122 ;ADMINISTRAÇÃO GERAL                                                                                                     ;2161;GESTÃO ADMINISTRATIVA DOS ÓRGÃOS, ENTIDADES E FUNDOS MUNICIPAIS                                                         ;2601;MELHORIA E MANUTENÇÃO DAS INSTALAÇÕES DA PREFEITURA DO RECIFE                                                                                                                                           ;0708;TRANSF. UNIÃO À COMP. FINANC. REC. MINERAIS            ;1290000.0;1274000.0;0.0;0.0;0.0
2026;1;10  ;SAÚDE                                                  ;128 ;FORMAÇÃO DE RECURSOS HUMANOS                                                                                            ;1239;MELHORIA DA GESTÃO DO SISTEMA DE SAÚDE                                                                                  ;2092;IMPLANTAÇÃO E IMPLEMENTAÇÃO DA REDE SUS ESCOLA                                                                                                                                                          ;0500;RECURSOS NÃO VINCULADOS DE IMPOSTOS                    ;10000.0;10000.0;0.0;0.0;0.0
2026;1;15  ;URBANISMO                                              ;122 ;ADMINISTRAÇÃO GERAL                                                                                                     ;2161;GESTÃO ADMINISTRATIVA DOS ÓRGÃOS, ENTIDADES E FUNDOS MUNICIPAIS                                                         ;2723;APOIO ADMINISTRATIVO ÀS AÇÕES DA UNIDADE ORÇAMENTÁRIA                                                                                                                                                   ;0501;OUTROS RECURSOS NÃO VINCULADOS                         ;182870000.0;163013874.58;7738264.32;603767.91;62828.3
2026;1;15  ;URBANISMO                                              ;451 ;INFRA-ESTRUTURA URBANA                                                                                                  ;1304;MOBILIDADE URBANA E ACESSIBILIDADE                                                                                      ;1563;CONSOLIDAÇÃO E MELHORAMENTO DO SISTEMA VIÁRIO                                                                                                                                                           ;0700;OUTRAS TRANSF. CONV. OU INSTRUM. CONGÊNERES - UNIÃO    ;3200000.0;3200000.0;0.0;0.0;0.0
2026;1;17  ;SANEAMENTO                                             ;122 ;ADMINISTRAÇÃO GERAL                                                                                                     ;2161;GESTÃO ADMINISTRATIVA DOS ÓRGÃOS, ENTIDADES E FUNDOS MUNICIPAIS                                                         ;2723;APOIO ADMINISTRATIVO ÀS AÇÕES DA UNIDADE ORÇAMENTÁRIA                                                                                                                                                   ;0500;RECURSOS NÃO VINCULADOS DE IMPOSTOS                    ;2670000.0;2670000.0;1962400.0;0.0;0.0
2026;1;08  ;ASSISTÊNCIA SOCIAL                                     ;244 ;ASSISTÊNCIA COMUNITÁRIA                                                                                                 ;1324;FORTALECIMENTO DA POLÍTICA DE SEGURANÇA ALIMENTAR E NUTRICIONAL                                                         ;2220;DESENVOLVIMENTO DE AÇÕES DE SEGURANÇA ALIMENTAR E NUTRICIONAL                                                                                                                                           ;0500;RECURSOS NÃO VINCULADOS DE IMPOSTOS                    ;2650000.0;2650000.0;13435.91;0.0;0.0
2026;1;18  ;GESTÃO AMBIENTAL                                       ;541 ;PRESERVAÇÃO E CONSERVAÇÃO AMBIENTAL                                                                                     ;1302;FORTALECIMENTO DAS POLÍTICAS INTEGRADAS DE SUSTENTABILIDADE AMBIENTAL                                                   ;2032;AÇÕES PARA O DESENVOLVIMENTO DA CIDADE SUSTENTÁVEL                                                                                                                                                      ;0700;OUTRAS TRANSF. CONV. OU INSTRUM. CONGÊNERES - UNIÃO    ;8000000.0;8000000.0;0.0;0.0;0.0
2026;1;14  ;DIREITOS DA CIDADANIA                                  ;422 ;DIREITOS INDIVIDUAIS, COLETIVOS E DIFUSOS                                                                               ;1222;PROMOÇÃO DOS DIREITOS HUMANOS, CIDADANIA E IGUALDADE ÉTNICO-RACIAL                                                      ;2840;PROMOÇÃO E COORDENAÇÃO DAS AÇÕES DO DIREITO DO CONSUMIDOR                                                                                                                                               ;0759;RECURSOS VINCULADOS A FUNDOS                           ;5000.0;5000.0;0.0;0.0;0.0
2026;1;04  ;ADMINISTRAÇÃO                                          ;126 ;TECNOLOGIA DA INFORMAÇÃO                                                                                                ;2123;MELHORIA DA QUALIDADE DOS SERVIÇOS DE TIC E TRANSFORMAÇÃO DIGITAL DOS SERVIÇOS E PROCESSOS DA PCR                       ;2520;MELHORIA E MANUTENÇÃO DOS SISTEMAS DE TECNOLOGIA DA INFORMAÇÃO E COMUNICAÇÃO                                                                                                                            ;0501;OUTROS RECURSOS NÃO VINCULADOS                         ;3000000.0;3000000.0;0.0;0.0;0.0
2026;1;12  ;EDUCAÇÃO                                               ;361 ;ENSINO FUNDAMENTAL                                                                                                      ;1249;AMPLIAÇÃO E GESTÃO DA REDE DE ENSINO FUNDAMENTAL                                                                        ;2178;UNIVERSALIZAÇÃO E QUALIFICAÇÃO DO ENSINO FUNDAMENTAL                                                                                                                                                    ;0541;TRANSFERÊNCIAS DO FUNDEB - COMPLEMENTAÇÃO DA UNIÃO - VA;49000000.0;49000000.0;0.0;0.0;0.0
2026;1;10  ;SAÚDE                                                  ;122 ;ADMINISTRAÇÃO GERAL                                                                                                     ;2161;GESTÃO ADMINISTRATIVA DOS ÓRGÃOS, ENTIDADES E FUNDOS MUNICIPAIS                                                         ;2723;APOIO ADMINISTRATIVO ÀS AÇÕES DA UNIDADE ORÇAMENTÁRIA                                                                                                                                                   ;0500;RECURSOS NÃO VINCULADOS DE IMPOSTOS                    ;10000.0;10000.0;800.0;800.0;800.0
2026;1;12  ;EDUCAÇÃO                                               ;361 ;ENSINO FUNDAMENTAL                                                                                                      ;2167;GESTÃO ADMINISTRATIVA DO SETOR EDUCACIONAL                                                                              ;2036;APOIO ADMINISTRATIVO ÀS AÇÕES DE EDUCAÇÃO DA REDE MUNICIPAL DE ENSINO                                                                                                                                   ;0500;RECURSOS NÃO VINCULADOS DE IMPOSTOS                    ;24170000.0;23870000.0;3958016.43;338815.39;270293.57
2026;1;10  ;SAÚDE                                                  ;304 ;VIGILÂNCIA SANITÁRIA                                                                                                    ;2160;GESTÃO DAS POLÍTICAS MUNICIPAIS                                                                                         ;2026;COORDENAÇÃO, SUPERVISÃO E EXECUÇÃO DA POLÍTICA DE PROTEÇÃO ANIMAL                                                                                                                                       ;0500;RECURSOS NÃO VINCULADOS DE IMPOSTOS                    ;2790000.0;2790000.0;225349.68;141670.3;128786.73
2026;1;04  ;ADMINISTRAÇÃO                                          ;129 ;ADMINISTRAÇÃO DE RECEITAS                                                                                               ;2122;GESTÃO PÚBLICA DE EXCELÊNCIA                                                                                            ;2868;OTIMIZAÇÃO DOS PROCESSOS DA ADMINISTRAÇÃO TRIBUTÁRIA                                                                                                                                                    ;0500;RECURSOS NÃO VINCULADOS DE IMPOSTOS                    ;0.0;150000.0;0.0;0.0;0.0
2026;1;27  ;DESPORTO E LAZER                                       ;812 ;DESPORTO COMUNITÁRIO                                                                                                    ;1226;PROMOÇÃO DE POLÍTICAS DE INCENTIVO AO ESPORTE E PRÁTICA DE EXERCÍCIO FÍSICO PARA PROMOÇÃO DA SAÚDE                      ;2281;MELHORIA E AMPLIAÇÃO DA REDE FÍSICA DE ESPORTE E REDE DE EXERCÍCIO FÍSICO NA SAÚDE                                                                                                                      ;0706;TRANSFERÊNCIA ESPECIAL DA UNIÃO                        ;500000.0;500000.0;0.0;0.0;0.0
2026;1;09  ;PREVIDÊNCIA SOCIAL                                     ;272 ;PREVIDÊNCIA DO REGIME ESTATUTÁRIO                                                                                       ;3101;GESTÃO DOS ENCARGOS GERAIS DO MUNICÍPIO                                                                                 ;9007;ENCARGOS COM INATIVOS E PENSIONISTAS DO SETOR EDUCACIONAL - REGIME PRÓPRIO DO MUNICÍPIO                                                                                                                 ;0762;RECURSOS DE ALIENAÇÃO DE ATIVOS - CESSÃO DE DIREITOS CR;0.0;27183960.42;27167891.01;27167891.01;19100563.4
2026;1;15  ;URBANISMO                                              ;451 ;INFRA-ESTRUTURA URBANA                                                                                                  ;1310;REQUALIFICAÇÃO, AMPLIAÇÃO E REORDENAMENTO DOS ESPAÇOS PÚBLICOS                                                          ;2289;GESTÃO DO CONTROLE URBANO                                                                                                                                                                               ;0500;RECURSOS NÃO VINCULADOS DE IMPOSTOS                    ;31130000.0;31130000.0;3507290.78;0.0;0.0
2026;1;10  ;SAÚDE                                                  ;301 ;ATENÇÃO BÁSICA                                                                                                          ;1233;MELHORIA DO ACESSO À ASSISTÊNCIA FARMACÊUTICA                                                                           ;2322;MANUTENÇÃO DO ADEQUADO SUPRIMENTO DA REDE EM ASSISTÊNCIA FARMACÊUTICA NA ATENÇÃO BÁSICA                                                                                                                 ;0600;TRANSF. FUNDO A FUNDO SUS GOV. FED. - BL. MANUTENÇÃO SE;5800000.0;5800000.0;2603849.5;0.0;0.0
2026;1;11  ;TRABALHO                                               ;334 ;FOMENTO AO TRABALHO                                                                                                     ;1320;PROMOÇÃO SOCIAL E PROFISSIONAL PARA GERAÇÃO DE TRABALHO E RENDA                                                         ;2109;APOIO A EXECUÇÃO DAS POLÍTICAS MUNICIPAIS DE TRABALHO, EMPREGO E RENDA                                                                                                                                  ;0700;OUTRAS TRANSF. CONV. OU INSTRUM. CONGÊNERES - UNIÃO    ;5000.0;5000.0;0.0;0.0;0.0
2026;1;15  ;URBANISMO                                              ;451 ;INFRA-ESTRUTURA URBANA                                                                                                  ;1219;MELHORIA DAS CONDIÇÕES DE HABITABILIDADE                                                                                ;1590;REQUALIFICAÇÃO URBANÍSTICA E INCLUSÃO SOCIAL DA COMUNIDADE DO PILAR                                                                                                                                     ;0700;OUTRAS TRANSF. CONV. OU INSTRUM. CONGÊNERES - UNIÃO    ;3000000.0;3000000.0;0.0;0.0;0.0
2026;1;10  ;SAÚDE                                                  ;301 ;ATENÇÃO BÁSICA                                                                                                          ;1236;EXPANSÃO E MELHORIA NA INFRAESTRUTURA DE ATENDIMENTO EM SAÚDE                                                           ;1032;CONSTRUÇÃO, REFORMA, AMPLIAÇÃO E EQUIPAGEM DE UNIDADES DE SAÚDE NA ATENÇÃO BÁSICA                                                                                                                       ;0500;RECURSOS NÃO VINCULADOS DE IMPOSTOS                    ;180000.0;180000.0;0.0;0.0;0.0
2026;1;08  ;ASSISTÊNCIA SOCIAL                                     ;244 ;ASSISTÊNCIA COMUNITÁRIA                                                                                                 ;1204;FORTALECIMENTO DO SISTEMA ÚNICO DE ASSISTÊNCIA SOCIAL                                                                   ;2518;DESENVOLVIMENTO DAS AÇÕES DE PROTEÇÃO SOCIAL BÁSICA                                                                                                                                                     ;0500;RECURSOS NÃO VINCULADOS DE IMPOSTOS                    ;38204000.0;36824000.0;1098872.79;996862.07;750836.89
2026;1;08  ;ASSISTÊNCIA SOCIAL                                     ;244 ;ASSISTÊNCIA COMUNITÁRIA                                                                                                 ;1204;FORTALECIMENTO DO SISTEMA ÚNICO DE ASSISTÊNCIA SOCIAL                                                                   ;2518;DESENVOLVIMENTO DAS AÇÕES DE PROTEÇÃO SOCIAL BÁSICA                                                                                                                                                     ;0701;OUTRAS TRANSF. CONV. OU INSTRUM. CONGÊNERES - ESTADOS  ;200000.0;200000.0;0.0;0.0;0.0
2026;1;11  ;TRABALHO                                               ;122 ;ADMINISTRAÇÃO GERAL                                                                                                     ;2160;GESTÃO DAS POLÍTICAS MUNICIPAIS                                                                                         ;2250;COORDENAÇÃO, SUPERVISÃO E EXECUÇÃO DAS POLÍTICAS DE TRABALHO E QUALIFICAÇÃO PROFISSIONAL                                                                                                                ;0500;RECURSOS NÃO VINCULADOS DE IMPOSTOS                    ;6680000.0;6680000.0;453517.67;453517.67;405427.53
2026;1;15  ;URBANISMO                                              ;331 ;PROTEÇÃO E BENEFÍCIOS AO TRABALHADOR                                                                                    ;3101;GESTÃO DOS ENCARGOS GERAIS DO MUNICÍPIO                                                                                 ;2153;ENCARGOS COM BENEFÍCIOS AOS SERVIDORES                                                                                                                                                                  ;0500;RECURSOS NÃO VINCULADOS DE IMPOSTOS                    ;3560000.0;3560000.0;2100000.0;214118.21;214118.21
2026;1;09  ;PREVIDÊNCIA SOCIAL                                     ;272 ;PREVIDÊNCIA DO REGIME ESTATUTÁRIO                                                                                       ;3101;GESTÃO DOS ENCARGOS GERAIS DO MUNICÍPIO                                                                                 ;9021;ENCARGOS COM A PREVIDÊNCIA SOCIAL DOS SERVIDORES - REGIME PRÓPRIO                                                                                                                                       ;0500;RECURSOS NÃO VINCULADOS DE IMPOSTOS                    ;10000.0;10000.0;0.0;0.0;0.0
2026;1;12  ;EDUCAÇÃO                                               ;365 ;EDUCAÇÃO INFANTIL                                                                                                       ;1247;PROMOÇÃO E FORTALECIMENTO DA POLÍTICA DA PRIMEIRA INFÂNCIA                                                              ;2179;AMPLIAÇÃO E DESENVOLVIMENTO DA EDUCAÇÃO INFANTIL                                                                                                                                                        ;0540;TRANSFERÊNCIAS DO FUNDEB - IMPOSTOS E TRANSFERÊNCIAS DE;112700000.0;92700000.0;6685645.96;6685645.96;4171376.47
2026;1;04  ;ADMINISTRAÇÃO                                          ;123 ;ADMINISTRAÇÃO FINANCEIRA                                                                                                ;2160;GESTÃO DAS POLÍTICAS MUNICIPAIS                                                                                         ;2041;COORDENAÇÃO, SUPERVISÃO E EXECUÇÃO DAS POLÍTICAS TRIBUTÁRIA E FINANCEIRA DO MUNICÍPIO                                                                                                                   ;0500;RECURSOS NÃO VINCULADOS DE IMPOSTOS                    ;111000000.0;108100000.0;8389471.11;6618885.36;5332830.81
2026;1;15  ;URBANISMO                                              ;451 ;INFRA-ESTRUTURA URBANA                                                                                                  ;1310;REQUALIFICAÇÃO, AMPLIAÇÃO E REORDENAMENTO DOS ESPAÇOS PÚBLICOS                                                          ;2289;GESTÃO DO CONTROLE URBANO                                                                                                                                                                               ;0700;OUTRAS TRANSF. CONV. OU INSTRUM. CONGÊNERES - UNIÃO    ;10970000.0;10970000.0;0.0;0.0;0.0
2026;1;15  ;URBANISMO                                              ;453 ;TRANSPORTES COLETIVOS URBANOS                                                                                           ;1304;MOBILIDADE URBANA E ACESSIBILIDADE                                                                                      ;2510;GERENCIAMENTO DO TRÂNSITO E DO TRANSPORTE PÚBLICO                                                                                                                                                       ;0751;RECURSOS DA COSIP                                      ;2000000.0;2000000.0;2000000.0;0.0;0.0
2026;1;14  ;DIREITOS DA CIDADANIA                                  ;422 ;DIREITOS INDIVIDUAIS, COLETIVOS E DIFUSOS                                                                               ;2160;GESTÃO DAS POLÍTICAS MUNICIPAIS                                                                                         ;2251;COORDENAÇÃO, SUPERVISÃO E EXECUÇÃO DAS POLÍTICAS DE CIDADANIA E CULTURA DE PAZ                                                                                                                          ;0500;RECURSOS NÃO VINCULADOS DE IMPOSTOS                    ;7000000.0;7000000.0;494797.85;494797.85;440373.49
2026;1;10  ;SAÚDE                                                  ;122 ;ADMINISTRAÇÃO GERAL                                                                                                     ;2165;GESTÃO ADMINISTRATIVA DO SISTEMA MUNICIPAL DE SAÚDE                                                                     ;2617;APOIO ADMINISTRATIVO ÀS AÇÕES DO FUNDO MUNICIPAL DE SAÚDE                                                                                                                                               ;0500;RECURSOS NÃO VINCULADOS DE IMPOSTOS                    ;120000000.0;119960000.0;34504227.83;3837878.78;1387316.12
2026;1;04  ;ADMINISTRAÇÃO                                          ;122 ;ADMINISTRAÇÃO GERAL                                                                                                     ;2161;GESTÃO ADMINISTRATIVA DOS ÓRGÃOS, ENTIDADES E FUNDOS MUNICIPAIS                                                         ;2723;APOIO ADMINISTRATIVO ÀS AÇÕES DA UNIDADE ORÇAMENTÁRIA                                                                                                                                                   ;0501;OUTROS RECURSOS NÃO VINCULADOS                         ;20620000.0;20620000.0;2722327.84;2722327.84;2358828.5
2026;1;10  ;SAÚDE                                                  ;301 ;ATENÇÃO BÁSICA                                                                                                          ;1216;FORTALECIMENTO E QUALIFICAÇÃO DA ATENÇÃO BÁSICA EM SAÚDE                                                                ;2083;IMPLEMENTAÇÃO DE PROGRAMAS ESTRATÉGICOS                                                                                                                                                                 ;0600;TRANSF. FUNDO A FUNDO SUS GOV. FED. - BL. MANUTENÇÃO SE;200000.0;200000.0;90554.26;90554.26;0.0
2026;1;08  ;ASSISTÊNCIA SOCIAL                                     ;422 ;DIREITOS INDIVIDUAIS, COLETIVOS E DIFUSOS                                                                               ;2160;GESTÃO DAS POLÍTICAS MUNICIPAIS                                                                                         ;2274;COORDENAÇÃO, SUPERVISÃO E EXECUÇÃO DAS POLÍTICAS DE ASSISTÊNCIA SOCIAL E COMBATE À FOME                                                                                                                 ;0665;TRANSF. CONV. E INSTRUM. CONGÊNERES ASSISTÊNCIA SOCIAL ;1325000.0;1325000.0;0.0;0.0;0.0
2026;1;15  ;URBANISMO                                              ;451 ;INFRA-ESTRUTURA URBANA                                                                                                  ;1303;GESTÃO DE RISCO EM ENCOSTAS E ALAGADOS                                                                                  ;1574;URBANIZAÇÃO DE ÁREAS DE RISCO                                                                                                                                                                           ;0501;OUTROS RECURSOS NÃO VINCULADOS                         ;32680000.0;32680000.0;0.0;0.0;0.0
2026;1;08  ;ASSISTÊNCIA SOCIAL                                     ;244 ;ASSISTÊNCIA COMUNITÁRIA                                                                                                 ;1204;FORTALECIMENTO DO SISTEMA ÚNICO DE ASSISTÊNCIA SOCIAL                                                                   ;2519;DESENVOLVIMENTO DAS AÇÕES DE PROTEÇÃO SOCIAL ESPECIAL                                                                                                                                                   ;0701;OUTRAS TRANSF. CONV. OU INSTRUM. CONGÊNERES - ESTADOS  ;200000.0;200000.0;0.0;0.0;0.0
2026;1;03  ;ESSENCIAL À JUSTIÇA                                    ;129 ;ADMINISTRAÇÃO DE RECEITAS                                                                                               ;2160;GESTÃO DAS POLÍTICAS MUNICIPAIS                                                                                         ;2866;OTIMIZAÇÃO DA ARRECADAÇÃO DA DÍVIDA ATIVA DO MUNICÍPIO DO RECIFE                                                                                                                                        ;0501;OUTROS RECURSOS NÃO VINCULADOS                         ;6010000.0;6010000.0;0.0;0.0;0.0
2026;1;10  ;SAÚDE                                                  ;305 ;VIGILÂNCIA EPIDEMIOLÓGICA                                                                                               ;1217;FORTALECIMENTO DAS AÇÕES DE VIGILÂNCIA EM SAÚDE                                                                         ;2087;FORTALECIMENTO DAS AÇÕES DE VIGILÂNCIA EPIDEMIOLÓGICA PARA O CONTROLE DE DOENÇAS E AGRAVOS                                                                                                              ;0500;RECURSOS NÃO VINCULADOS DE IMPOSTOS                    ;0.0;40000.0;6490.0;0.0;0.0
2026;1;13  ;CULTURA                                                ;331 ;PROTEÇÃO E BENEFÍCIOS AO TRABALHADOR                                                                                    ;3101;GESTÃO DOS ENCARGOS GERAIS DO MUNICÍPIO                                                                                 ;2153;ENCARGOS COM BENEFÍCIOS AOS SERVIDORES                                                                                                                                                                  ;0500;RECURSOS NÃO VINCULADOS DE IMPOSTOS                    ;180000.0;180000.0;0.0;0.0;0.0
2026;1;15  ;URBANISMO                                              ;122 ;ADMINISTRAÇÃO GERAL                                                                                                     ;2160;GESTÃO DAS POLÍTICAS MUNICIPAIS                                                                                         ;2072;COORDENAÇÃO, SUPERVISÃO E EXECUÇÃO DAS POLÍTICAS DE INOVAÇÃO URBANA                                                                                                                                     ;0500;RECURSOS NÃO VINCULADOS DE IMPOSTOS                    ;3870000.0;3870000.0;980216.37;200595.57;178374.99
2026;1;11  ;TRABALHO                                               ;122 ;ADMINISTRAÇÃO GERAL                                                                                                     ;2161;GESTÃO ADMINISTRATIVA DOS ÓRGÃOS, ENTIDADES E FUNDOS MUNICIPAIS                                                         ;2723;APOIO ADMINISTRATIVO ÀS AÇÕES DA UNIDADE ORÇAMENTÁRIA                                                                                                                                                   ;0700;OUTRAS TRANSF. CONV. OU INSTRUM. CONGÊNERES - UNIÃO    ;5000.0;5000.0;0.0;0.0;0.0
2026;1;08  ;ASSISTÊNCIA SOCIAL                                     ;422 ;DIREITOS INDIVIDUAIS, COLETIVOS E DIFUSOS                                                                               ;2160;GESTÃO DAS POLÍTICAS MUNICIPAIS                                                                                         ;2057;COORDENAÇÃO, SUPERVISÃO E EXECUÇÃO DAS POLÍTICAS DE DIRETOS HUMANOS E JUVENTUDE                                                                                                                         ;0500;RECURSOS NÃO VINCULADOS DE IMPOSTOS                    ;500000.0;500000.0;25106.0;0.0;0.0
2026;1;15  ;URBANISMO                                              ;451 ;INFRA-ESTRUTURA URBANA                                                                                                  ;1310;REQUALIFICAÇÃO, AMPLIAÇÃO E REORDENAMENTO DOS ESPAÇOS PÚBLICOS                                                          ;1576;URBANIZAÇÃO DAS MARGENS DE RIOS E CANAIS                                                                                                                                                                ;0706;TRANSFERÊNCIA ESPECIAL DA UNIÃO                        ;1000000.0;1000000.0;0.0;0.0;0.0
2026;1;15  ;URBANISMO                                              ;182 ;DEFESA CIVIL                                                                                                            ;1303;GESTÃO DE RISCO EM ENCOSTAS E ALAGADOS                                                                                  ;2211;DEFESA CIVIL PERMANENTE                                                                                                                                                                                 ;0754;RECURSOS DE OPERAÇÕES DE CRÉDITO                       ;15000000.0;15000000.0;0.0;0.0;0.0
2026;1;16  ;HABITAÇÃO                                              ;482 ;HABITAÇÃO URBANA                                                                                                        ;1248;PROGRAMA A CASA É SUA                                                                                                   ;1564;REGULARIZAÇÃO FUNDIÁRIA                                                                                                                                                                                 ;0500;RECURSOS NÃO VINCULADOS DE IMPOSTOS                    ;15000000.0;15000000.0;0.0;0.0;0.0
2026;1;12  ;EDUCAÇÃO                                               ;361 ;ENSINO FUNDAMENTAL                                                                                                      ;3103;GESTÃO DOS ENCARGOS GERAIS DO SETOR EDUCACIONAL                                                                         ;9021;ENCARGOS COM A PREVIDÊNCIA SOCIAL DOS SERVIDORES - REGIME PRÓPRIO                                                                                                                                       ;0540;TRANSFERÊNCIAS DO FUNDEB - IMPOSTOS E TRANSFERÊNCIAS DE;45540000.0;45540000.0;0.0;0.0;0.0
2026;1;15  ;URBANISMO                                              ;452 ;SERVIÇOS URBANOS                                                                                                        ;1310;REQUALIFICAÇÃO, AMPLIAÇÃO E REORDENAMENTO DOS ESPAÇOS PÚBLICOS                                                          ;2566;REQUALIFICAÇÃO DE ESPAÇOS DE INTERESSE PÚBLICO                                                                                                                                                          ;0500;RECURSOS NÃO VINCULADOS DE IMPOSTOS                    ;30000.0;30000.0;0.0;0.0;0.0
2026;1;13  ;CULTURA                                                ;392 ;DIFUSÃO CULTURAL                                                                                                        ;1211;VALORIZAÇÃO DA CULTURA                                                                                                  ;2579;PROMOÇÃO DE EVENTOS E FESTIVIDADES CULTURAIS E TRADICIONAIS                                                                                                                                             ;0749;OUTRAS VINCULAÇÕES DE TRANSFERÊNCIAS                   ;1980000.0;1980000.0;0.0;0.0;0.0
2026;1;15  ;URBANISMO                                              ;452 ;SERVIÇOS URBANOS                                                                                                        ;1323;MANUTENÇÃO URBANA                                                                                                       ;2539;MANUTENÇÃO E CONSERVAÇÃO DE ÁREAS VERDES                                                                                                                                                                ;0500;RECURSOS NÃO VINCULADOS DE IMPOSTOS                    ;3710000.0;3710000.0;2000000.0;0.0;0.0
2026;1;09  ;PREVIDÊNCIA SOCIAL                                     ;272 ;PREVIDÊNCIA DO REGIME ESTATUTÁRIO                                                                                       ;3101;GESTÃO DOS ENCARGOS GERAIS DO MUNICÍPIO                                                                                 ;9006;ENCARGOS COM INATIVOS E PENSIONISTAS DA AUTARQUIA MUNICIPAL DE PREV. À SAÚDE DOS SERVIDORES                                                                                                             ;0800;RECURSOS VINC. AO RPPS - FUNDO CAPIT. (PLANO PREV.)    ;10000.0;10000.0;0.0;0.0;0.0
2026;1;04  ;ADMINISTRAÇÃO                                          ;123 ;ADMINISTRAÇÃO FINANCEIRA                                                                                                ;2160;GESTÃO DAS POLÍTICAS MUNICIPAIS                                                                                         ;2621;COORDENAÇÃO, SUPERVISÃO E EXECUÇÃO DAS POLÍTICAS DE DESENVOLVIMENTO ECONÔMICO                                                                                                                           ;0700;OUTRAS TRANSF. CONV. OU INSTRUM. CONGÊNERES - UNIÃO    ;4500000.0;4500000.0;0.0;0.0;0.0
2026;1;10  ;SAÚDE                                                  ;122 ;ADMINISTRAÇÃO GERAL                                                                                                     ;2165;GESTÃO ADMINISTRATIVA DO SISTEMA MUNICIPAL DE SAÚDE                                                                     ;2617;APOIO ADMINISTRATIVO ÀS AÇÕES DO FUNDO MUNICIPAL DE SAÚDE                                                                                                                                               ;0600;TRANSF. FUNDO A FUNDO SUS GOV. FED. - BL. MANUTENÇÃO SE;83650000.0;83650000.0;5825252.8;0.0;0.0
2026;1;10  ;SAÚDE                                                  ;301 ;ATENÇÃO BÁSICA                                                                                                          ;1216;FORTALECIMENTO E QUALIFICAÇÃO DA ATENÇÃO BÁSICA EM SAÚDE                                                                ;2724;MANUTENÇÃO DA REDE BÁSICA DE SAÚDE                                                                                                                                                                      ;0500;RECURSOS NÃO VINCULADOS DE IMPOSTOS                    ;10680000.0;10680000.0;948077.77;325580.07;217681.86
2026;1;15  ;URBANISMO                                              ;846 ;OUTROS ENCARGOS ESPECIAIS                                                                                               ;3101;GESTÃO DOS ENCARGOS GERAIS DO MUNICÍPIO                                                                                 ;2705;ENCARGOS COM O FGTS DOS SERVIDORES                                                                                                                                                                      ;0501;OUTROS RECURSOS NÃO VINCULADOS                         ;10080000.0;10080000.0;0.0;0.0;0.0
2026;1;18  ;GESTÃO AMBIENTAL                                       ;541 ;PRESERVAÇÃO E CONSERVAÇÃO AMBIENTAL                                                                                     ;2160;GESTÃO DAS POLÍTICAS MUNICIPAIS                                                                                         ;2097;COORDENAÇÃO, SUPERVISÃO E EXECUÇÃO DAS POLÍTICAS DE MEIO AMBIENTE                                                                                                                                       ;0700;OUTRAS TRANSF. CONV. OU INSTRUM. CONGÊNERES - UNIÃO    ;3000000.0;3000000.0;0.0;0.0;0.0
2026;1;09  ;PREVIDÊNCIA SOCIAL                                     ;272 ;PREVIDÊNCIA DO REGIME ESTATUTÁRIO                                                                                       ;3101;GESTÃO DOS ENCARGOS GERAIS DO MUNICÍPIO                                                                                 ;9008;ENCARGOS COM INATIVOS E PENSIONISTAS DA FCCR - REGIME PRÓPRIO DO MUNICÍPIO                                                                                                                              ;0800;RECURSOS VINC. AO RPPS - FUNDO CAPIT. (PLANO PREV.)    ;1000000.0;2100000.0;169772.62;169772.62;150807.22
2026;1;09  ;PREVIDÊNCIA SOCIAL                                     ;272 ;PREVIDÊNCIA DO REGIME ESTATUTÁRIO                                                                                       ;4103;GESTÃO DOS ENCARGOS DA CÂMARA MUNICIPAL DO RECIFE                                                                       ;9013;ENCARGOS COM INATIVOS E PENSIONISTAS DA CMR INTEGRANTES DO SISTEMA PREVIDENCIÁRIO - REGIME PRÓPRIO DO MUNICÍPIO                                                                                         ;0801;RECURSOS VINC. AO RPPS - FUNDO REP. (PLANO FINANC.)    ;5000000.0;5000000.0;238952.81;238952.81;238952.81
2026;1;13  ;CULTURA                                                ;392 ;DIFUSÃO CULTURAL                                                                                                        ;1211;VALORIZAÇÃO DA CULTURA                                                                                                  ;2579;PROMOÇÃO DE EVENTOS E FESTIVIDADES CULTURAIS E TRADICIONAIS                                                                                                                                             ;0500;RECURSOS NÃO VINCULADOS DE IMPOSTOS                    ;69982000.0;71371176.27;35695880.12;1142042.42;781254.26
2026;1;14  ;DIREITOS DA CIDADANIA                                  ;422 ;DIREITOS INDIVIDUAIS, COLETIVOS E DIFUSOS                                                                               ;1252;PROMOÇÃO DOS DIREITOS HUMANOS, CIDADANIA E IGUALDADE ÉTNICO-RACIAL                                                      ;2073;DESENVOLVIMENTO DE AÇÕES DE APOIO ÀS MULHERES EM SITUAÇÃO DE VIOLÊNCIA                                                                                                                                  ;0500;RECURSOS NÃO VINCULADOS DE IMPOSTOS                    ;238000.0;538000.0;273898.27;12513.9;12513.9
2026;1;10  ;SAÚDE                                                  ;304 ;VIGILÂNCIA SANITÁRIA                                                                                                    ;1250;FORTALECIMENTO DAS POLÍTICAS PARA PROTEÇÃO ANIMAL                                                                       ;2111;AMPLIAÇÃO E FORTALECIMENTO DO PROGRAMA DE PROTEÇÃO ANIMAL                                                                                                                                               ;0500;RECURSOS NÃO VINCULADOS DE IMPOSTOS                    ;10000.0;10000.0;0.0;0.0;0.0
2026;1;12  ;EDUCAÇÃO                                               ;361 ;ENSINO FUNDAMENTAL                                                                                                      ;2110;GESTÃO DAS POLÍTICAS MUNICIPAIS DE EDUCAÇÃO                                                                             ;2035;COORDENAÇÃO, SUPERVISÃO E EXECUÇÃO DAS POLÍTICAS DE EDUCAÇÃO                                                                                                                                            ;0540;TRANSFERÊNCIAS DO FUNDEB - IMPOSTOS E TRANSFERÊNCIAS DE;134700000.0;134700000.0;11433733.09;11433733.09;9969393.44
2026;1;09  ;PREVIDÊNCIA SOCIAL                                     ;272 ;PREVIDÊNCIA DO REGIME ESTATUTÁRIO                                                                                       ;3101;GESTÃO DOS ENCARGOS GERAIS DO MUNICÍPIO                                                                                 ;9005;ENCARGOS COM INATIVOS E PENSIONISTAS DO SISTEMA PREVIDENCIÁRIO - REGIME PRÓPRIO DO MUNICÍPIO (ADM. DIRETA)                                                                                              ;0500;RECURSOS NÃO VINCULADOS DE IMPOSTOS                    ;70540000.0;69440000.0;4247124.69;4247124.69;97628.6
2026;1;14  ;DIREITOS DA CIDADANIA                                  ;422 ;DIREITOS INDIVIDUAIS, COLETIVOS E DIFUSOS                                                                               ;1235;DESENVOLVIMENTO DE POLÍTICAS PARA PROMOÇÃO DA IGUALDADE DE GÊNERO                                                       ;2070;FORTALECIMENTO DA PARTICIPAÇÃO POLÍTICA E DOS DIREITOS DAS MULHERES                                                                                                                                     ;0500;RECURSOS NÃO VINCULADOS DE IMPOSTOS                    ;140000.0;35000.0;0.0;0.0;0.0
2026;1;12  ;EDUCAÇÃO                                               ;365 ;EDUCAÇÃO INFANTIL                                                                                                       ;1247;PROMOÇÃO E FORTALECIMENTO DA POLÍTICA DA PRIMEIRA INFÂNCIA                                                              ;2179;AMPLIAÇÃO E DESENVOLVIMENTO DA EDUCAÇÃO INFANTIL                                                                                                                                                        ;0541;TRANSFERÊNCIAS DO FUNDEB - COMPLEMENTAÇÃO DA UNIÃO - VA;19000000.0;19000000.0;0.0;0.0;0.0
2026;1;10  ;SAÚDE                                                  ;303 ;SUPORTE PROFILÁTICO E TERAPÊUTICO                                                                                       ;1233;MELHORIA DO ACESSO À ASSISTÊNCIA FARMACÊUTICA                                                                           ;2086;REALIZAÇÃO DE AÇÕES ESTRATÉGICAS DA ASSISTÊNCIA FARMACÊUTICA                                                                                                                                            ;0500;RECURSOS NÃO VINCULADOS DE IMPOSTOS                    ;40000.0;40000.0;0.0;0.0;0.0
2026;1;15  ;URBANISMO                                              ;451 ;INFRA-ESTRUTURA URBANA                                                                                                  ;1323;MANUTENÇÃO URBANA                                                                                                       ;2566;REQUALIFICAÇÃO DE ESPAÇOS DE INTERESSE PÚBLICO                                                                                                                                                          ;0754;RECURSOS DE OPERAÇÕES DE CRÉDITO                       ;15000000.0;15100000.0;68354.3;0.0;0.0
2026;1;09  ;PREVIDÊNCIA SOCIAL                                     ;273 ;PREVIDÊNCIA COMPLEMENTAR                                                                                                ;3101;GESTÃO DOS ENCARGOS GERAIS DO MUNICÍPIO                                                                                 ;9022;ENCARGOS COM A PREVIDÊNCIA SOCIAL DOS SERVIDORES - REGIME GERAL                                                                                                                                         ;0802;RECURSOS VINCULADOS RPPS - TAXA ADMINISTRAÇÃO          ;430000.0;430000.0;0.0;0.0;0.0
2026;1;04  ;ADMINISTRAÇÃO                                          ;122 ;ADMINISTRAÇÃO GERAL                                                                                                     ;2160;GESTÃO DAS POLÍTICAS MUNICIPAIS                                                                                         ;2303;COORDENAÇÃO, SUPERVISÃO E EXECUÇÃO DAS POLÍTICAS MUNICIPAIS DO FEM                                                                                                                                      ;0749;OUTRAS VINCULAÇÕES DE TRANSFERÊNCIAS                   ;10000.0;10000.0;0.0;0.0;0.0
2026;1;06  ;SEGURANÇA PÚBLICA                                      ;422 ;DIREITOS INDIVIDUAIS, COLETIVOS E DIFUSOS                                                                               ;1252;PROMOÇÃO DOS DIREITOS HUMANOS, CIDADANIA E IGUALDADE ÉTNICO-RACIAL                                                      ;2147;SEGURANÇA NOS LOCAIS PÚBLICOS SOB JURISDIÇÃO DA CIDADE DO RECIFE                                                                                                                                        ;0700;OUTRAS TRANSF. CONV. OU INSTRUM. CONGÊNERES - UNIÃO    ;2000000.0;2000000.0;0.0;0.0;0.0
2026;1;04  ;ADMINISTRAÇÃO                                          ;122 ;ADMINISTRAÇÃO GERAL                                                                                                     ;2160;GESTÃO DAS POLÍTICAS MUNICIPAIS                                                                                         ;2293;COORDENAÇÃO, SUPERVISÃO E EXECUÇÃO DAS POLÍTICAS DE CONTROLE INTERNO                                                                                                                                    ;0500;RECURSOS NÃO VINCULADOS DE IMPOSTOS                    ;10000.0;10000.0;0.0;0.0;0.0
2026;1;99  ;RESERVAS                                               ;999 ;RESERVA DE CONTINGÊNCIA                                                                                                 ;9999;RESERVAS                                                                                                                ;9030;RESERVA DE CONTINGÊNCIA                                                                                                                                                                                 ;0500;RECURSOS NÃO VINCULADOS DE IMPOSTOS                    ;35000000.0;35000000.0;0.0;0.0;0.0
2026;1;08  ;ASSISTÊNCIA SOCIAL                                     ;244 ;ASSISTÊNCIA COMUNITÁRIA                                                                                                 ;1204;FORTALECIMENTO DO SISTEMA ÚNICO DE ASSISTÊNCIA SOCIAL                                                                   ;2106;CONTROLE SOCIAL NA GESTÃO DA POLÍTICA MUNICIPAL DE ASSISTÊNCIA SOCIAL                                                                                                                                   ;0660;TRANSFERÊNCIA DE RECURSOS DO FNAS                      ;170000.0;170000.0;0.0;0.0;0.0
2026;1;04  ;ADMINISTRAÇÃO                                          ;123 ;ADMINISTRAÇÃO FINANCEIRA                                                                                                ;1321;FORTALECIMENTO DE ATIVIDADES ECONÔMICAS                                                                                 ;2302;FOMENTO SOCIOECONÔMICO LOCAL                                                                                                                                                                            ;0500;RECURSOS NÃO VINCULADOS DE IMPOSTOS                    ;70000.0;70000.0;0.0;0.0;0.0
2026;1;10  ;SAÚDE                                                  ;302 ;ASSISTÊNCIA HOSPITALAR E AMBULATORIAL                                                                                   ;1236;EXPANSÃO E MELHORIA NA INFRAESTRUTURA DE ATENDIMENTO EM SAÚDE                                                           ;1660;MELHORIA DA ESTRUTURA FÍSICA DAS UNIDADES DE SAÚDE NA MÉDIA E ALTA COMPLEXIDADE                                                                                                                         ;0500;RECURSOS NÃO VINCULADOS DE IMPOSTOS                    ;10000.0;10000.0;0.0;0.0;0.0
2026;1;13  ;CULTURA                                                ;846 ;OUTROS ENCARGOS ESPECIAIS                                                                                               ;3101;GESTÃO DOS ENCARGOS GERAIS DO MUNICÍPIO                                                                                 ;2704;ENCARGOS COM PARCELAMENTO DE DÉBITOS DE EXERCÍCIOS ANTERIORES                                                                                                                                           ;0500;RECURSOS NÃO VINCULADOS DE IMPOSTOS                    ;10000.0;10000.0;0.0;0.0;0.0
2026;1;04  ;ADMINISTRAÇÃO                                          ;122 ;ADMINISTRAÇÃO GERAL                                                                                                     ;2160;GESTÃO DAS POLÍTICAS MUNICIPAIS                                                                                         ;2874;COORDENAÇÃO, SUPERVISÃO E EXECUÇÃO DAS POLÍTICAS DO GABINETE DO CENTRO DO RECIFE                                                                                                                        ;0500;RECURSOS NÃO VINCULADOS DE IMPOSTOS                    ;2630000.0;2630000.0;223345.92;208595.92;189611.09
2026;1;15  ;URBANISMO                                              ;453 ;TRANSPORTES COLETIVOS URBANOS                                                                                           ;1304;MOBILIDADE URBANA E ACESSIBILIDADE                                                                                      ;2510;GERENCIAMENTO DO TRÂNSITO E DO TRANSPORTE PÚBLICO                                                                                                                                                       ;0752;RECURSOS VINCULADOS AO TRÂNSITO                        ;57000000.0;57000000.0;11736271.3;0.0;0.0
2026;1;12  ;EDUCAÇÃO                                               ;361 ;ENSINO FUNDAMENTAL                                                                                                      ;1249;AMPLIAÇÃO E GESTÃO DA REDE DE ENSINO FUNDAMENTAL                                                                        ;2178;UNIVERSALIZAÇÃO E QUALIFICAÇÃO DO ENSINO FUNDAMENTAL                                                                                                                                                    ;0543;TRANSFERÊNCIAS DO FUNDEB - COMPLEMENTAÇÃO DA UNIÃO - VA;1000000.0;1000000.0;0.0;0.0;0.0
2026;1;15  ;URBANISMO                                              ;846 ;OUTROS ENCARGOS ESPECIAIS                                                                                               ;3101;GESTÃO DOS ENCARGOS GERAIS DO MUNICÍPIO                                                                                 ;2705;ENCARGOS COM O FGTS DOS SERVIDORES                                                                                                                                                                      ;0753;RECURSOS PROVENIENTES DE TAXAS E CONTRIBUIÇÕES         ;3000000.0;3000000.0;0.0;0.0;0.0
2026;1;15  ;URBANISMO                                              ;451 ;INFRA-ESTRUTURA URBANA                                                                                                  ;1310;REQUALIFICAÇÃO, AMPLIAÇÃO E REORDENAMENTO DOS ESPAÇOS PÚBLICOS                                                          ;1603;CONSTRUÇÃO E REQUALIFICAÇÃO DE ESPAÇOS DE INTERESSE PÚBLICO                                                                                                                                             ;0700;OUTRAS TRANSF. CONV. OU INSTRUM. CONGÊNERES - UNIÃO    ;2150000.0;2150000.0;300000.0;0.0;0.0
2026;1;04  ;ADMINISTRAÇÃO                                          ;126 ;TECNOLOGIA DA INFORMAÇÃO                                                                                                ;2123;MELHORIA DA QUALIDADE DOS SERVIÇOS DE TIC E TRANSFORMAÇÃO DIGITAL DOS SERVIÇOS E PROCESSOS DA PCR                       ;2520;MELHORIA E MANUTENÇÃO DOS SISTEMAS DE TECNOLOGIA DA INFORMAÇÃO E COMUNICAÇÃO                                                                                                                            ;0702;OUTRAS TRANSF. CONV. OU INSTRUM. CONGÊNERES - MUNICÍPIO;1050000.0;1050000.0;0.0;0.0;0.0
2026;1;04  ;ADMINISTRAÇÃO                                          ;129 ;ADMINISTRAÇÃO DE RECEITAS                                                                                               ;2122;GESTÃO PÚBLICA DE EXCELÊNCIA                                                                                            ;2867;DESENVOLVIMENTO E APERFEIÇOAMENTO DA ADMINISTRAÇÃO TRIBUTÁRIA                                                                                                                                           ;0500;RECURSOS NÃO VINCULADOS DE IMPOSTOS                    ;0.0;1000000.0;784403.22;0.0;0.0
2026;1;04  ;ADMINISTRAÇÃO                                          ;846 ;OUTROS ENCARGOS ESPECIAIS                                                                                               ;3101;GESTÃO DOS ENCARGOS GERAIS DO MUNICÍPIO                                                                                 ;2705;ENCARGOS COM O FGTS DOS SERVIDORES                                                                                                                                                                      ;0500;RECURSOS NÃO VINCULADOS DE IMPOSTOS                    ;3340000.0;3340000.0;0.0;0.0;0.0
2026;1;10  ;SAÚDE                                                  ;301 ;ATENÇÃO BÁSICA                                                                                                          ;1216;FORTALECIMENTO E QUALIFICAÇÃO DA ATENÇÃO BÁSICA EM SAÚDE                                                                ;2620;IMPLEMENTAÇÃO DAS ESTRATÉGIAS PARA GRUPOS ESPECÍFICOS                                                                                                                                                   ;0600;TRANSF. FUNDO A FUNDO SUS GOV. FED. - BL. MANUTENÇÃO SE;5000000.0;5000000.0;0.0;0.0;0.0
2026;1;15  ;URBANISMO                                              ;451 ;INFRA-ESTRUTURA URBANA                                                                                                  ;1304;MOBILIDADE URBANA E ACESSIBILIDADE                                                                                      ;1563;CONSOLIDAÇÃO E MELHORAMENTO DO SISTEMA VIÁRIO                                                                                                                                                           ;0754;RECURSOS DE OPERAÇÕES DE CRÉDITO                       ;210000000.0;229316686.79;0.0;0.0;0.0
2026;1;12  ;EDUCAÇÃO                                               ;361 ;ENSINO FUNDAMENTAL                                                                                                      ;1207;SUPORTE E APOIO EFETIVOS PARA UMA EDUCAÇÃO DE QUALIDADE                                                                 ;1043;EXPANSÃO DA REDE FÍSICA DO ENSINO FUNDAMENTAL                                                                                                                                                           ;0500;RECURSOS NÃO VINCULADOS DE IMPOSTOS                    ;81650000.0;81650000.0;1749881.37;0.0;0.0
2026;1;15  ;URBANISMO                                              ;451 ;INFRA-ESTRUTURA URBANA                                                                                                  ;2160;GESTÃO DAS POLÍTICAS MUNICIPAIS                                                                                         ;2023;COORDENAÇÃO, SUPERVISÃO E EXECUÇÃO DO DESENVOLVIMENTO URBANO E DO LICENCIAMENTO                                                                                                                         ;0500;RECURSOS NÃO VINCULADOS DE IMPOSTOS                    ;102000000.0;102000000.0;5434277.16;5434277.16;4517940.83
2026;1;15  ;URBANISMO                                              ;846 ;OUTROS ENCARGOS ESPECIAIS                                                                                               ;3101;GESTÃO DOS ENCARGOS GERAIS DO MUNICÍPIO                                                                                 ;2704;ENCARGOS COM PARCELAMENTO DE DÉBITOS DE EXERCÍCIOS ANTERIORES                                                                                                                                           ;0500;RECURSOS NÃO VINCULADOS DE IMPOSTOS                    ;14010000.0;14010000.0;0.0;0.0;0.0
2026;1;15  ;URBANISMO                                              ;451 ;INFRA-ESTRUTURA URBANA                                                                                                  ;2160;GESTÃO DAS POLÍTICAS MUNICIPAIS                                                                                         ;1029;PLANEJAMENTO DE LONGO PRAZO - RECIFE 500 ANOS                                                                                                                                                           ;0500;RECURSOS NÃO VINCULADOS DE IMPOSTOS                    ;10000.0;10000.0;0.0;0.0;0.0
2026;1;04  ;ADMINISTRAÇÃO                                          ;129 ;ADMINISTRAÇÃO DE RECEITAS                                                                                               ;2122;GESTÃO PÚBLICA DE EXCELÊNCIA                                                                                            ;1040;MODERNIZAÇÃO ADMINISTRATIVA E FISCAL DO MUNICÍPIO                                                                                                                                                       ;0754;RECURSOS DE OPERAÇÕES DE CRÉDITO                       ;5000000.0;5000000.0;0.0;0.0;0.0
2026;1;09  ;PREVIDÊNCIA SOCIAL                                     ;272 ;PREVIDÊNCIA DO REGIME ESTATUTÁRIO                                                                                       ;3101;GESTÃO DOS ENCARGOS GERAIS DO MUNICÍPIO                                                                                 ;9008;ENCARGOS COM INATIVOS E PENSIONISTAS DA FCCR - REGIME PRÓPRIO DO MUNICÍPIO                                                                                                                              ;0500;RECURSOS NÃO VINCULADOS DE IMPOSTOS                    ;0.0;1000000.0;75828.97;75828.97;2040.88
2026;1;23  ;COMÉRCIO E SERVIÇOS                                    ;691 ;PROMOÇÃO COMERCIAL                                                                                                      ;1310;REQUALIFICAÇÃO, AMPLIAÇÃO E REORDENAMENTO DOS ESPAÇOS PÚBLICOS                                                          ;1587;CONSTRUÇÃO E RECUPERAÇÃO DE MERCADOS, FEIRAS, ESPAÇOS PARA O COMÉRCIO POPULAR E OUTROS ESPAÇOS PÚBLICOS                                                                                                 ;0500;RECURSOS NÃO VINCULADOS DE IMPOSTOS                    ;11000000.0;4000000.0;0.0;0.0;0.0
2026;1;27  ;DESPORTO E LAZER                                       ;812 ;DESPORTO COMUNITÁRIO                                                                                                    ;2160;GESTÃO DAS POLÍTICAS MUNICIPAIS                                                                                         ;2028;COORDENAÇÃO, SUPERVISÃO E EXECUÇÃO DA POLÍTICA DE ESPORTES                                                                                                                                              ;0500;RECURSOS NÃO VINCULADOS DE IMPOSTOS                    ;6440000.0;6440000.0;458291.03;458291.03;406733.03
2026;1;13  ;CULTURA                                                ;391 ;PATRIMÔNIO HISTÓRICO, ARTÍSTICO E ARQUEOLÓGICO                                                                          ;1211;VALORIZAÇÃO DA CULTURA                                                                                                  ;1039;REFORMA, AMPLIAÇÃO E EQUIPAGEM DE BENS CULTURAIS                                                                                                                                                        ;0500;RECURSOS NÃO VINCULADOS DE IMPOSTOS                    ;10000.0;10000.0;0.0;0.0;0.0
2026;1;10  ;SAÚDE                                                  ;122 ;ADMINISTRAÇÃO GERAL                                                                                                     ;1239;MELHORIA DA GESTÃO DO SISTEMA DE SAÚDE                                                                                  ;2091;FORTALECIMENTO DA REGULAÇÃO DO ACESSO AOS SERVIÇOS DE SAÚDE E TELESSAÚDE                                                                                                                                ;0500;RECURSOS NÃO VINCULADOS DE IMPOSTOS                    ;185000.0;185000.0;0.0;0.0;0.0
2026;1;16  ;HABITAÇÃO                                              ;482 ;HABITAÇÃO URBANA                                                                                                        ;1219;MELHORIA DAS CONDIÇÕES DE HABITABILIDADE                                                                                ;1038;IMPLEMENTAÇÃO DE PROJETOS HABITACIONAIS                                                                                                                                                                 ;0500;RECURSOS NÃO VINCULADOS DE IMPOSTOS                    ;5175000.0;5175000.0;32836.98;0.0;0.0
2026;1;13  ;CULTURA                                                ;391 ;PATRIMÔNIO HISTÓRICO, ARTÍSTICO E ARQUEOLÓGICO                                                                          ;1211;VALORIZAÇÃO DA CULTURA                                                                                                  ;2309;MANUTENÇÃO, RESTAURAÇÃO E PRESERVAÇÃO DE EQUIPAMENTOS E BENS CULTURAIS                                                                                                                                  ;0500;RECURSOS NÃO VINCULADOS DE IMPOSTOS                    ;6270000.0;6270000.0;558481.2;262391.1;261391.1
2026;1;10  ;SAÚDE                                                  ;302 ;ASSISTÊNCIA HOSPITALAR E AMBULATORIAL                                                                                   ;2107;GESTÃO DAS POLÍTICAS MUNICIPAIS DE SAÚDE                                                                                ;2325;COORDENAÇÃO, SUPERVISÃO E EXECUÇÃO DAS POLÍTICAS DE SAÚDE NA MÉDIA E ALTA COMPLEXIDADE                                                                                                                  ;0605;ASSIST. FINANCEIRA DA UNIÃO - COMPLEMENTAÇÃO PISOS SALA;10000000.0;10000000.0;0.0;0.0;0.0
2026;1;04  ;ADMINISTRAÇÃO                                          ;273 ;PREVIDÊNCIA COMPLEMENTAR                                                                                                ;3101;GESTÃO DOS ENCARGOS GERAIS DO MUNICÍPIO                                                                                 ;9033;ENCARGOS COM A PREVIDÊNCIA SOCIAL DOS SERVIDORES - REGIME COMPLEMENTAR                                                                                                                                  ;0500;RECURSOS NÃO VINCULADOS DE IMPOSTOS                    ;150000.0;150000.0;150000.0;0.0;0.0
2026;1;12  ;EDUCAÇÃO                                               ;306 ;ALIMENTAÇÃO E NUTRIÇÃO                                                                                                  ;1207;SUPORTE E APOIO EFETIVOS PARA UMA EDUCAÇÃO DE QUALIDADE                                                                 ;2127;ALIMENTAÇÃO ESCOLAR                                                                                                                                                                                     ;0552;TRANSF. DE RECURSOS DO FNDE REFERENTES AO PNAE         ;21200000.0;21200000.0;0.0;0.0;0.0
2026;1;10  ;SAÚDE                                                  ;303 ;SUPORTE PROFILÁTICO E TERAPÊUTICO                                                                                       ;1233;MELHORIA DO ACESSO À ASSISTÊNCIA FARMACÊUTICA                                                                           ;2881;MANUTENÇÃO DO ADEQUADO SUPRIMENTO DA REDE EM ASSISTÊNCIA FARMACÊUTICA                                                                                                                                   ;0500;RECURSOS NÃO VINCULADOS DE IMPOSTOS                    ;16000000.0;16000000.0;2239732.85;0.0;0.0
2026;1;10  ;SAÚDE                                                  ;305 ;VIGILÂNCIA EPIDEMIOLÓGICA                                                                                               ;1217;FORTALECIMENTO DAS AÇÕES DE VIGILÂNCIA EM SAÚDE                                                                         ;2612;FORTALECIMENTO DAS AÇÕES DE VIGILÂNCIA AMBIENTAL PARA O CONTROLE DE DOENÇAS E AGRAVOS                                                                                                                   ;0659;OUTROS RECURSOS VINCULADOS À SAÚDE                     ;10385000.0;10385000.0;0.0;0.0;0.0
2026;1;15  ;URBANISMO                                              ;273 ;PREVIDÊNCIA COMPLEMENTAR                                                                                                ;3101;GESTÃO DOS ENCARGOS GERAIS DO MUNICÍPIO                                                                                 ;9022;ENCARGOS COM A PREVIDÊNCIA SOCIAL DOS SERVIDORES - REGIME GERAL                                                                                                                                         ;0751;RECURSOS DA COSIP                                      ;2000000.0;2000000.0;0.0;0.0;0.0
2026;1;28  ;ENCARGOS ESPECIAIS                                     ;846 ;OUTROS ENCARGOS ESPECIAIS                                                                                               ;3101;GESTÃO DOS ENCARGOS GERAIS DO MUNICÍPIO                                                                                 ;9034;ENCARGOS COM PARCELAMENTO DO PIS/PASEP                                                                                                                                                                  ;0500;RECURSOS NÃO VINCULADOS DE IMPOSTOS                    ;10000.0;10000.0;0.0;0.0;0.0
2026;1;15  ;URBANISMO                                              ;391 ;PATRIMÔNIO HISTÓRICO, ARTÍSTICO E ARQUEOLÓGICO                                                                          ;1309;GESTÃO DO CENTRO DA CIDADE                                                                                              ;1569;IMPLANTAÇÃO DE POLÍTICAS DE INCENTIVO À REVITALIZAÇÃO DO CENTRO DO RECIFE                                                                                                                               ;0500;RECURSOS NÃO VINCULADOS DE IMPOSTOS                    ;10000.0;10000.0;0.0;0.0;0.0
2026;1;08  ;ASSISTÊNCIA SOCIAL                                     ;243 ;ASSISTÊNCIA À CRIANÇA E AO ADOLESCENTE                                                                                  ;1201;PROTEÇÃO INTEGRAL E DEFESA DOS DIREITOS DA CRIANÇA E DO ADOLESCENTE                                                     ;2527;APOIO A EXECUÇÃO DAS POLÍTICAS MUNICIPAIS DE PROTEÇÃO ESPECIAL A CRIANÇA E AO ADOLESCENTE                                                                                                               ;0669;OUTROS RECURSOS VINCULADOS À ASSISTÊNCIA SOCIAL        ;5000000.0;5000000.0;0.0;0.0;0.0
2026;1;09  ;PREVIDÊNCIA SOCIAL                                     ;122 ;ADMINISTRAÇÃO GERAL                                                                                                     ;2170;GESTÃO DE PREVIDÊNCIA SOCIAL - RPPS                                                                                     ;2094;GESTÃO DAS AÇÕES DO RPPS                                                                                                                                                                                ;0802;RECURSOS VINCULADOS RPPS - TAXA ADMINISTRAÇÃO          ;18040000.0;15198000.0;3225240.35;303642.24;257389.32
2026;1;08  ;ASSISTÊNCIA SOCIAL                                     ;243 ;ASSISTÊNCIA À CRIANÇA E AO ADOLESCENTE                                                                                  ;1201;PROTEÇÃO INTEGRAL E DEFESA DOS DIREITOS DA CRIANÇA E DO ADOLESCENTE                                                     ;2037;ATENDIMENTO À CRIANÇA E AO ADOLESCENTE                                                                                                                                                                  ;0500;RECURSOS NÃO VINCULADOS DE IMPOSTOS                    ;10000.0;10000.0;0.0;0.0;0.0
2026;1;09  ;PREVIDÊNCIA SOCIAL                                     ;331 ;PROTEÇÃO E BENEFÍCIOS AO TRABALHADOR                                                                                    ;3101;GESTÃO DOS ENCARGOS GERAIS DO MUNICÍPIO                                                                                 ;2153;ENCARGOS COM BENEFÍCIOS AOS SERVIDORES                                                                                                                                                                  ;0799;OUTRAS VINCULAÇÕES LEGAIS                              ;300000.0;300000.0;0.0;0.0;0.0
2026;1;23  ;COMÉRCIO E SERVIÇOS                                    ;695 ;TURISMO                                                                                                                 ;1213;PROMOÇÃO DO TURISMO NO RECIFE                                                                                           ;2193;PROMOÇÃO, ESTRUTURAÇÃO E FORTALECIMENTO TURÍSTICO DO DESTINO RECIFE                                                                                                                                     ;0501;OUTROS RECURSOS NÃO VINCULADOS                         ;8000000.0;8000000.0;385673.39;0.0;0.0
2026;1;13  ;CULTURA                                                ;392 ;DIFUSÃO CULTURAL                                                                                                        ;1211;VALORIZAÇÃO DA CULTURA                                                                                                  ;2579;PROMOÇÃO DE EVENTOS E FESTIVIDADES CULTURAIS E TRADICIONAIS                                                                                                                                             ;0501;OUTROS RECURSOS NÃO VINCULADOS                         ;2280000.0;2280000.0;0.0;0.0;0.0
2026;1;17  ;SANEAMENTO                                             ;512 ;SANEAMENTO BÁSICO URBANO                                                                                                ;1323;MANUTENÇÃO URBANA                                                                                                       ;2543;MANUTENÇÃO E RETIFICAÇÃO DOS SISTEMAS DE MICRO E MACRO-DRENAGEM                                                                                                                                         ;0754;RECURSOS DE OPERAÇÕES DE CRÉDITO                       ;15000000.0;15000000.0;0.0;0.0;0.0
2026;1;10  ;SAÚDE                                                  ;125 ;NORMATIZAÇÃO E FISCALIZAÇÃO                                                                                             ;1239;MELHORIA DA GESTÃO DO SISTEMA DE SAÚDE                                                                                  ;2089;FORTALECIMENTO DO PLANEJAMENTO E DA TRANSPARÊNCIA PÚBLICA NO SUS                                                                                                                                        ;0500;RECURSOS NÃO VINCULADOS DE IMPOSTOS                    ;10000.0;10000.0;0.0;0.0;0.0
2026;1;09  ;PREVIDÊNCIA SOCIAL                                     ;272 ;PREVIDÊNCIA DO REGIME ESTATUTÁRIO                                                                                       ;3101;GESTÃO DOS ENCARGOS GERAIS DO MUNICÍPIO                                                                                 ;9005;ENCARGOS COM INATIVOS E PENSIONISTAS DO SISTEMA PREVIDENCIÁRIO - REGIME PRÓPRIO DO MUNICÍPIO (ADM. DIRETA)                                                                                              ;0800;RECURSOS VINC. AO RPPS - FUNDO CAPIT. (PLANO PREV.)    ;130000000.0;128800000.0;9269819.93;9229654.95;7249670.79
2026;1;14  ;DIREITOS DA CIDADANIA                                  ;122 ;ADMINISTRAÇÃO GERAL                                                                                                     ;2161;GESTÃO ADMINISTRATIVA DOS ÓRGÃOS, ENTIDADES E FUNDOS MUNICIPAIS                                                         ;2723;APOIO ADMINISTRATIVO ÀS AÇÕES DA UNIDADE ORÇAMENTÁRIA                                                                                                                                                   ;0500;RECURSOS NÃO VINCULADOS DE IMPOSTOS                    ;8225000.0;8140000.0;3741875.85;70598.34;57768.34
2026;1;28  ;ENCARGOS ESPECIAIS                                     ;846 ;OUTROS ENCARGOS ESPECIAIS                                                                                               ;3101;GESTÃO DOS ENCARGOS GERAIS DO MUNICÍPIO                                                                                 ;9034;ENCARGOS COM PARCELAMENTO DO PIS/PASEP                                                                                                                                                                  ;0802;RECURSOS VINCULADOS RPPS - TAXA ADMINISTRAÇÃO          ;0.0;2642000.0;0.0;0.0;0.0
2026;1;15  ;URBANISMO                                              ;846 ;OUTROS ENCARGOS ESPECIAIS                                                                                               ;3101;GESTÃO DOS ENCARGOS GERAIS DO MUNICÍPIO                                                                                 ;2705;ENCARGOS COM O FGTS DOS SERVIDORES                                                                                                                                                                      ;0751;RECURSOS DA COSIP                                      ;660000.0;660000.0;0.0;0.0;0.0
2026;1;15  ;URBANISMO                                              ;451 ;INFRA-ESTRUTURA URBANA                                                                                                  ;1323;MANUTENÇÃO URBANA                                                                                                       ;2566;REQUALIFICAÇÃO DE ESPAÇOS DE INTERESSE PÚBLICO                                                                                                                                                          ;0501;OUTROS RECURSOS NÃO VINCULADOS                         ;15000000.0;15000000.0;5081876.83;0.0;0.0
2026;1;15  ;URBANISMO                                              ;452 ;SERVIÇOS URBANOS                                                                                                        ;1310;REQUALIFICAÇÃO, AMPLIAÇÃO E REORDENAMENTO DOS ESPAÇOS PÚBLICOS                                                          ;2566;REQUALIFICAÇÃO DE ESPAÇOS DE INTERESSE PÚBLICO                                                                                                                                                          ;0501;OUTROS RECURSOS NÃO VINCULADOS                         ;355000.0;355000.0;0.0;0.0;0.0
2026;1;15  ;URBANISMO                                              ;453 ;TRANSPORTES COLETIVOS URBANOS                                                                                           ;1304;MOBILIDADE URBANA E ACESSIBILIDADE                                                                                      ;2510;GERENCIAMENTO DO TRÂNSITO E DO TRANSPORTE PÚBLICO                                                                                                                                                       ;0501;OUTROS RECURSOS NÃO VINCULADOS                         ;0.0;478667.82;0.0;0.0;0.0
2026;1;09  ;PREVIDÊNCIA SOCIAL                                     ;331 ;PROTEÇÃO E BENEFÍCIOS AO TRABALHADOR                                                                                    ;3101;GESTÃO DOS ENCARGOS GERAIS DO MUNICÍPIO                                                                                 ;2153;ENCARGOS COM BENEFÍCIOS AOS SERVIDORES                                                                                                                                                                  ;0802;RECURSOS VINCULADOS RPPS - TAXA ADMINISTRAÇÃO          ;10000.0;10000.0;0.0;0.0;0.0
2026;1;09  ;PREVIDÊNCIA SOCIAL                                     ;272 ;PREVIDÊNCIA DO REGIME ESTATUTÁRIO                                                                                       ;3101;GESTÃO DOS ENCARGOS GERAIS DO MUNICÍPIO                                                                                 ;9007;ENCARGOS COM INATIVOS E PENSIONISTAS DO SETOR EDUCACIONAL - REGIME PRÓPRIO DO MUNICÍPIO                                                                                                                 ;0800;RECURSOS VINC. AO RPPS - FUNDO CAPIT. (PLANO PREV.)    ;123300000.0;123300000.0;386778.37;386778.37;333714.28
2026;1;15  ;URBANISMO                                              ;452 ;SERVIÇOS URBANOS                                                                                                        ;1323;MANUTENÇÃO URBANA                                                                                                       ;2541;MANUTENÇÃO DO SISTEMA VIÁRIO                                                                                                                                                                            ;0706;TRANSFERÊNCIA ESPECIAL DA UNIÃO                        ;2500000.0;2500000.0;0.0;0.0;0.0
2026;1;15  ;URBANISMO                                              ;451 ;INFRA-ESTRUTURA URBANA                                                                                                  ;1304;MOBILIDADE URBANA E ACESSIBILIDADE                                                                                      ;1563;CONSOLIDAÇÃO E MELHORAMENTO DO SISTEMA VIÁRIO                                                                                                                                                           ;0703;OUTRAS TRANSF. CONV. OU INSTRUM. CONGÊNERES - OUTRAS EN;5000000.0;5000000.0;0.0;0.0;0.0
2026;1;11  ;TRABALHO                                               ;334 ;FOMENTO AO TRABALHO                                                                                                     ;1320;PROMOÇÃO SOCIAL E PROFISSIONAL PARA GERAÇÃO DE TRABALHO E RENDA                                                         ;2109;APOIO A EXECUÇÃO DAS POLÍTICAS MUNICIPAIS DE TRABALHO, EMPREGO E RENDA                                                                                                                                  ;0500;RECURSOS NÃO VINCULADOS DE IMPOSTOS                    ;35000.0;35000.0;0.0;0.0;0.0
2026;1;28  ;ENCARGOS ESPECIAIS                                     ;846 ;OUTROS ENCARGOS ESPECIAIS                                                                                               ;3101;GESTÃO DOS ENCARGOS GERAIS DO MUNICÍPIO                                                                                 ;9015;ENCARGOS COM PENSIONISTAS DA PREFEITURA DO RECIFE                                                                                                                                                       ;0500;RECURSOS NÃO VINCULADOS DE IMPOSTOS                    ;1500000.0;1500000.0;82102.96;82102.96;73212.16
2026;1;09  ;PREVIDÊNCIA SOCIAL                                     ;272 ;PREVIDÊNCIA DO REGIME ESTATUTÁRIO                                                                                       ;4103;GESTÃO DOS ENCARGOS DA CÂMARA MUNICIPAL DO RECIFE                                                                       ;9013;ENCARGOS COM INATIVOS E PENSIONISTAS DA CMR INTEGRANTES DO SISTEMA PREVIDENCIÁRIO - REGIME PRÓPRIO DO MUNICÍPIO                                                                                         ;0500;RECURSOS NÃO VINCULADOS DE IMPOSTOS                    ;720000.0;720000.0;96894.13;96894.13;3505.08
2026;1;27  ;DESPORTO E LAZER                                       ;812 ;DESPORTO COMUNITÁRIO                                                                                                    ;1226;PROMOÇÃO DE POLÍTICAS DE INCENTIVO AO ESPORTE E PRÁTICA DE EXERCÍCIO FÍSICO PARA PROMOÇÃO DA SAÚDE                      ;2863;INCENTIVO AO ESPORTE NO RECIFE                                                                                                                                                                          ;0500;RECURSOS NÃO VINCULADOS DE IMPOSTOS                    ;26550000.0;23260000.0;14144090.29;0.0;0.0
2026;1;15  ;URBANISMO                                              ;451 ;INFRA-ESTRUTURA URBANA                                                                                                  ;2160;GESTÃO DAS POLÍTICAS MUNICIPAIS                                                                                         ;2191;COORDENAÇÃO, SUPERVISÃO E EXECUÇÃO DAS POLÍTICAS DE INFRAESTRUTURA                                                                                                                                      ;0500;RECURSOS NÃO VINCULADOS DE IMPOSTOS                    ;12300000.0;10638000.0;226908.23;192508.23;173290.36
2026;1;08  ;ASSISTÊNCIA SOCIAL                                     ;244 ;ASSISTÊNCIA COMUNITÁRIA                                                                                                 ;1204;FORTALECIMENTO DO SISTEMA ÚNICO DE ASSISTÊNCIA SOCIAL                                                                   ;2104;GESTÃO DO SISTEMA ÚNICO DA ASSISTÊNCIA SOCIAL - SUAS                                                                                                                                                    ;0660;TRANSFERÊNCIA DE RECURSOS DO FNAS                      ;10000.0;10000.0;0.0;0.0;0.0
2026;1;10  ;SAÚDE                                                  ;846 ;OUTROS ENCARGOS ESPECIAIS                                                                                               ;3104;ATENDIMENTO DE SAÚDE AOS SERVIDORES BENEFICIÁRIOS DO SAÚDE RECIFE                                                       ;2084;OFERTA DE SERVIÇOS DE SAÚDE AOS BENEFICIÁRIOS DO SAÚDE RECIFE                                                                                                                                           ;0799;OUTRAS VINCULAÇÕES LEGAIS                              ;40000000.0;40000000.0;2502134.01;2460085.89;2377813.21
2026;1;28  ;ENCARGOS ESPECIAIS                                     ;846 ;OUTROS ENCARGOS ESPECIAIS                                                                                               ;3101;GESTÃO DOS ENCARGOS GERAIS DO MUNICÍPIO                                                                                 ;9002;CONTRIBUIÇÕES PARA O PIS/PASEP                                                                                                                                                                          ;0802;RECURSOS VINCULADOS RPPS - TAXA ADMINISTRAÇÃO          ;10000.0;210000.0;0.0;0.0;0.0
2026;1;04  ;ADMINISTRAÇÃO                                          ;846 ;OUTROS ENCARGOS ESPECIAIS                                                                                               ;3101;GESTÃO DOS ENCARGOS GERAIS DO MUNICÍPIO                                                                                 ;2703;ENCARGOS COM O INSS SOBRE SERVIÇOS PRESTADOS, POR PESSOA FÍSICA, À PREFEITURA DO RECIFE - ADMINISTRAÇÃO DIRETA                                                                                          ;0500;RECURSOS NÃO VINCULADOS DE IMPOSTOS                    ;200000.0;200000.0;0.0;0.0;0.0
2026;1;04  ;ADMINISTRAÇÃO                                          ;122 ;ADMINISTRAÇÃO GERAL                                                                                                     ;2122;GESTÃO PÚBLICA DE EXCELÊNCIA                                                                                            ;1095;MODERNIZAÇÃO ADMINISTRATIVA E TRANSFORMAÇÃO DIGITAL                                                                                                                                                     ;0799;OUTRAS VINCULAÇÕES LEGAIS                              ;500000.0;500000.0;300000.0;0.0;0.0
2026;1;09  ;PREVIDÊNCIA SOCIAL                                     ;272 ;PREVIDÊNCIA DO REGIME ESTATUTÁRIO                                                                                       ;4103;GESTÃO DOS ENCARGOS DA CÂMARA MUNICIPAL DO RECIFE                                                                       ;9013;ENCARGOS COM INATIVOS E PENSIONISTAS DA CMR INTEGRANTES DO SISTEMA PREVIDENCIÁRIO - REGIME PRÓPRIO DO MUNICÍPIO                                                                                         ;0800;RECURSOS VINC. AO RPPS - FUNDO CAPIT. (PLANO PREV.)    ;6080000.0;6080000.0;388423.5;388423.5;312597.38
2026;1;15  ;URBANISMO                                              ;452 ;SERVIÇOS URBANOS                                                                                                        ;1323;MANUTENÇÃO URBANA                                                                                                       ;2541;MANUTENÇÃO DO SISTEMA VIÁRIO                                                                                                                                                                            ;0701;OUTRAS TRANSF. CONV. OU INSTRUM. CONGÊNERES - ESTADOS  ;200000.0;200000.0;0.0;0.0;0.0
2026;1;27  ;DESPORTO E LAZER                                       ;122 ;ADMINISTRAÇÃO GERAL                                                                                                     ;2161;GESTÃO ADMINISTRATIVA DOS ÓRGÃOS, ENTIDADES E FUNDOS MUNICIPAIS                                                         ;2723;APOIO ADMINISTRATIVO ÀS AÇÕES DA UNIDADE ORÇAMENTÁRIA                                                                                                                                                   ;0500;RECURSOS NÃO VINCULADOS DE IMPOSTOS                    ;6810000.0;6810000.0;5203345.89;202578.39;118486.14
2026;1;10  ;SAÚDE                                                  ;301 ;ATENÇÃO BÁSICA                                                                                                          ;1233;MELHORIA DO ACESSO À ASSISTÊNCIA FARMACÊUTICA                                                                           ;2322;MANUTENÇÃO DO ADEQUADO SUPRIMENTO DA REDE EM ASSISTÊNCIA FARMACÊUTICA NA ATENÇÃO BÁSICA                                                                                                                 ;0621;TRANSF. FUNDO A FUNDO SUS PROV. DO GOVERNO ESTADUAL    ;3000000.0;3000000.0;0.0;0.0;0.0
2026;1;19  ;CIÊNCIA E TECNOLOGIA                                   ;573 ;DIFUSÃO DO CONHECIMENTO CIENTÍFICO E TECNOLÓGICO                                                                        ;2160;GESTÃO DAS POLÍTICAS MUNICIPAIS                                                                                         ;2022;COORDENAÇÃO, SUPERVISÃO E EXECUÇÃO DAS POLÍTICAS DE TRANSFORMAÇÃO DIGITAL, CIÊNCIA E TECNOLOGIA                                                                                                         ;0500;RECURSOS NÃO VINCULADOS DE IMPOSTOS                    ;3500000.0;3500000.0;319499.33;319499.33;287931.96
2026;1;04  ;ADMINISTRAÇÃO                                          ;451 ;INFRA-ESTRUTURA URBANA                                                                                                  ;2160;GESTÃO DAS POLÍTICAS MUNICIPAIS                                                                                         ;1662;IMPLEMENTAÇÃO DE PROJETOS, PARCERIAS E EQUIPAMENTOS PÚBLICOS ESTRATÉGICOS                                                                                                                               ;0500;RECURSOS NÃO VINCULADOS DE IMPOSTOS                    ;35550000.0;35550000.0;2140379.53;2140379.53;2140379.53
2026;1;15  ;URBANISMO                                              ;452 ;SERVIÇOS URBANOS                                                                                                        ;1323;MANUTENÇÃO URBANA                                                                                                       ;2541;MANUTENÇÃO DO SISTEMA VIÁRIO                                                                                                                                                                            ;0501;OUTROS RECURSOS NÃO VINCULADOS                         ;18885000.0;18885000.0;11775310.0;24543.38;24543.38
2026;1;03  ;ESSENCIAL À JUSTIÇA                                    ;122 ;ADMINISTRAÇÃO GERAL                                                                                                     ;2161;GESTÃO ADMINISTRATIVA DOS ÓRGÃOS, ENTIDADES E FUNDOS MUNICIPAIS                                                         ;2723;APOIO ADMINISTRATIVO ÀS AÇÕES DA UNIDADE ORÇAMENTÁRIA                                                                                                                                                   ;0500;RECURSOS NÃO VINCULADOS DE IMPOSTOS                    ;4440000.0;4440000.0;3816313.36;714763.94;709882.74
2026;1;09  ;PREVIDÊNCIA SOCIAL                                     ;272 ;PREVIDÊNCIA DO REGIME ESTATUTÁRIO                                                                                       ;3101;GESTÃO DOS ENCARGOS GERAIS DO MUNICÍPIO                                                                                 ;9008;ENCARGOS COM INATIVOS E PENSIONISTAS DA FCCR - REGIME PRÓPRIO DO MUNICÍPIO                                                                                                                              ;0801;RECURSOS VINC. AO RPPS - FUNDO REP. (PLANO FINANC.)    ;4800000.0;4800000.0;305209.14;305209.14;305209.14
2026;1;10  ;SAÚDE                                                  ;301 ;ATENÇÃO BÁSICA                                                                                                          ;1216;FORTALECIMENTO E QUALIFICAÇÃO DA ATENÇÃO BÁSICA EM SAÚDE                                                                ;2724;MANUTENÇÃO DA REDE BÁSICA DE SAÚDE                                                                                                                                                                      ;0631;TRANSF. DO GOV. FEDERAL - CONVÊNIOS E INSTRUM. CONGÊNER;100000.0;100000.0;0.0;0.0;0.0
2026;1;04  ;ADMINISTRAÇÃO                                          ;331 ;PROTEÇÃO E BENEFÍCIOS AO TRABALHADOR                                                                                    ;3101;GESTÃO DOS ENCARGOS GERAIS DO MUNICÍPIO                                                                                 ;2153;ENCARGOS COM BENEFÍCIOS AOS SERVIDORES                                                                                                                                                                  ;0500;RECURSOS NÃO VINCULADOS DE IMPOSTOS                    ;20840000.0;20840000.0;15460590.34;559104.53;559104.53
2026;1;17  ;SANEAMENTO                                             ;512 ;SANEAMENTO BÁSICO URBANO                                                                                                ;1323;MANUTENÇÃO URBANA                                                                                                       ;2543;MANUTENÇÃO E RETIFICAÇÃO DOS SISTEMAS DE MICRO E MACRO-DRENAGEM                                                                                                                                         ;0500;RECURSOS NÃO VINCULADOS DE IMPOSTOS                    ;20000.0;20000.0;0.0;0.0;0.0
2026;1;28  ;ENCARGOS ESPECIAIS                                     ;846 ;OUTROS ENCARGOS ESPECIAIS                                                                                               ;3101;GESTÃO DOS ENCARGOS GERAIS DO MUNICÍPIO                                                                                 ;9002;CONTRIBUIÇÕES PARA O PIS/PASEP                                                                                                                                                                          ;0501;OUTROS RECURSOS NÃO VINCULADOS                         ;45065000.0;45185000.0;135500.0;0.0;0.0
2026;1;15  ;URBANISMO                                              ;452 ;SERVIÇOS URBANOS                                                                                                        ;1323;MANUTENÇÃO URBANA                                                                                                       ;2509;LIMPEZA URBANA                                                                                                                                                                                          ;0501;OUTROS RECURSOS NÃO VINCULADOS                         ;27200000.0;27200000.0;2544765.42;2165.42;0.0
2026;1;10  ;SAÚDE                                                  ;301 ;ATENÇÃO BÁSICA                                                                                                          ;1236;EXPANSÃO E MELHORIA NA INFRAESTRUTURA DE ATENDIMENTO EM SAÚDE                                                           ;1033;MELHORIA DA ESTRUTURA FÍSICA DAS UNIDADES DE SAÚDE NA ATENÇÃO BÁSICA                                                                                                                                    ;0631;TRANSF. DO GOV. FEDERAL - CONVÊNIOS E INSTRUM. CONGÊNER;18950000.0;18950000.0;0.0;0.0;0.0
2026;1;18  ;GESTÃO AMBIENTAL                                       ;541 ;PRESERVAÇÃO E CONSERVAÇÃO AMBIENTAL                                                                                     ;1302;FORTALECIMENTO DAS POLÍTICAS INTEGRADAS DE SUSTENTABILIDADE AMBIENTAL                                                   ;2042;PROMOÇÃO DA GESTÃO E A ARTICULAÇÃO DAS AÇÕES AMBIENTAIS                                                                                                                                                 ;0753;RECURSOS PROVENIENTES DE TAXAS E CONTRIBUIÇÕES         ;10000.0;10000.0;0.0;0.0;0.0
2026;1;11  ;TRABALHO                                               ;363 ;ENSINO PROFISSIONAL                                                                                                     ;1320;PROMOÇÃO SOCIAL E PROFISSIONAL PARA GERAÇÃO DE TRABALHO E RENDA                                                         ;2992;QUALIFICAÇÃO SOCIAL PROFISSIONAL E DIFUSÃO DO EMPREENDEDORISMO PARA GERAÇÃO DE TRABALHO E RENDA                                                                                                         ;0501;OUTROS RECURSOS NÃO VINCULADOS                         ;9640000.0;9640000.0;0.0;0.0;0.0
2026;2;12  ;EDUCAÇÃO                                               ;365 ;EDUCAÇÃO INFANTIL                                                                                                       ;1247;PROMOÇÃO E FORTALECIMENTO DA POLÍTICA DA PRIMEIRA INFÂNCIA                                                              ;2179;AMPLIAÇÃO E DESENVOLVIMENTO DA EDUCAÇÃO INFANTIL                                                                                                                                                        ;0540;TRANSFERÊNCIAS DO FUNDEB - IMPOSTOS E TRANSFERÊNCIAS DE;0.0;-2085346.01;5873110.43;5854740.43;7259775.54
2026;2;10  ;SAÚDE                                                  ;302 ;ASSISTÊNCIA HOSPITALAR E AMBULATORIAL                                                                                   ;1238;FORTALECIMENTO E QUALIFICAÇÃO DA ATENÇÃO À SAÚDE DE MÉDIA E ALTA COMPLEXIDADE                                           ;2085;GARANTIA DA OFERTA DE PROCEDIMENTOS ATRAVÉS DA REDE PRÓPRIA                                                                                                                                             ;0605;ASSIST. FINANCEIRA DA UNIÃO - COMPLEMENTAÇÃO PISOS SALA;0.0;0.0;844387.14;844387.14;844387.14
2026;2;23  ;COMÉRCIO E SERVIÇOS                                    ;694 ;SERVIÇOS FINANCEIROS                                                                                                    ;1321;FORTALECIMENTO DE ATIVIDADES ECONÔMICAS                                                                                 ;2105;APOIO AO EMPREENDEDORISMO                                                                                                                                                                               ;0500;RECURSOS NÃO VINCULADOS DE IMPOSTOS                    ;0.0;0.0;60000.0;60000.0;0.0
2026;2;12  ;EDUCAÇÃO                                               ;361 ;ENSINO FUNDAMENTAL                                                                                                      ;1206;ORGANIZAÇÃO EFICAZ DO ENSINO E DA APRENDIZAGEM                                                                          ;2125;IMPLANTAÇÃO E MANUTENÇÃO DO QUADRO TECNOLÓGICO NAS UNIDADES EDUCACIONAIS                                                                                                                                ;0500;RECURSOS NÃO VINCULADOS DE IMPOSTOS                    ;0.0;0.0;6989858.01;937622.02;595843.01
2026;2;23  ;COMÉRCIO E SERVIÇOS                                    ;273 ;PREVIDÊNCIA COMPLEMENTAR                                                                                                ;3101;GESTÃO DOS ENCARGOS GERAIS DO MUNICÍPIO                                                                                 ;9022;ENCARGOS COM A PREVIDÊNCIA SOCIAL DOS SERVIDORES - REGIME GERAL                                                                                                                                         ;0500;RECURSOS NÃO VINCULADOS DE IMPOSTOS                    ;0.0;0.0;2439999.11;366968.12;366968.12
2026;2;04  ;ADMINISTRAÇÃO                                          ;846 ;OUTROS ENCARGOS ESPECIAIS                                                                                               ;3101;GESTÃO DOS ENCARGOS GERAIS DO MUNICÍPIO                                                                                 ;2704;ENCARGOS COM PARCELAMENTO DE DÉBITOS DE EXERCÍCIOS ANTERIORES                                                                                                                                           ;0500;RECURSOS NÃO VINCULADOS DE IMPOSTOS                    ;0.0;0.0;278049.28;93733.89;58977.73
2026;2;04  ;ADMINISTRAÇÃO                                          ;129 ;ADMINISTRAÇÃO DE RECEITAS                                                                                               ;2122;GESTÃO PÚBLICA DE EXCELÊNCIA                                                                                            ;2867;DESENVOLVIMENTO E APERFEIÇOAMENTO DA ADMINISTRAÇÃO TRIBUTÁRIA                                                                                                                                           ;0500;RECURSOS NÃO VINCULADOS DE IMPOSTOS                    ;0.0;0.0;0.0;0.0;0.0
2026;2;10  ;SAÚDE                                                  ;301 ;ATENÇÃO BÁSICA                                                                                                          ;2107;GESTÃO DAS POLÍTICAS MUNICIPAIS DE SAÚDE                                                                                ;2074;COORDENAÇÃO, SUPERVISÃO E EXECUÇÃO DAS POLÍTICAS DE SAÚDE NA ATENÇÃO BÁSICA                                                                                                                             ;0501;OUTROS RECURSOS NÃO VINCULADOS                         ;0.0;10000000.0;17000000.0;17000000.0;17000000.0
2026;2;04  ;ADMINISTRAÇÃO                                          ;846 ;OUTROS ENCARGOS ESPECIAIS                                                                                               ;3101;GESTÃO DOS ENCARGOS GERAIS DO MUNICÍPIO                                                                                 ;2129;ENCARGOS COM EXERCÍCIOS FINDOS DE PESSOAL DA ATIVA E INATIVA                                                                                                                                            ;0500;RECURSOS NÃO VINCULADOS DE IMPOSTOS                    ;0.0;0.0;0.0;0.0;0.0
2026;2;10  ;SAÚDE                                                  ;122 ;ADMINISTRAÇÃO GERAL                                                                                                     ;3104;ATENDIMENTO DE SAÚDE AOS SERVIDORES BENEFICIÁRIOS DO SAÚDE RECIFE                                                       ;2075;GESTÃO DAS AÇÕES DO SAÚDE-RECIFE                                                                                                                                                                        ;0799;OUTRAS VINCULAÇÕES LEGAIS                              ;0.0;0.0;226642.49;152537.94;152072.73
2026;2;11  ;TRABALHO                                               ;363 ;ENSINO PROFISSIONAL                                                                                                     ;1320;PROMOÇÃO SOCIAL E PROFISSIONAL PARA GERAÇÃO DE TRABALHO E RENDA                                                         ;2992;QUALIFICAÇÃO SOCIAL PROFISSIONAL E DIFUSÃO DO EMPREENDEDORISMO PARA GERAÇÃO DE TRABALHO E RENDA                                                                                                         ;0500;RECURSOS NÃO VINCULADOS DE IMPOSTOS                    ;0.0;-1000000.0;3368293.92;982100.42;926142.71
2026;2;15  ;URBANISMO                                              ;451 ;INFRA-ESTRUTURA URBANA                                                                                                  ;1303;GESTÃO DE RISCO EM ENCOSTAS E ALAGADOS                                                                                  ;1574;URBANIZAÇÃO DE ÁREAS DE RISCO                                                                                                                                                                           ;0501;OUTROS RECURSOS NÃO VINCULADOS                         ;0.0;-20467774.1;0.0;0.0;0.0
2026;2;13  ;CULTURA                                                ;273 ;PREVIDÊNCIA COMPLEMENTAR                                                                                                ;3101;GESTÃO DOS ENCARGOS GERAIS DO MUNICÍPIO                                                                                 ;9022;ENCARGOS COM A PREVIDÊNCIA SOCIAL DOS SERVIDORES - REGIME GERAL                                                                                                                                         ;0500;RECURSOS NÃO VINCULADOS DE IMPOSTOS                    ;0.0;0.0;3000000.0;148537.58;148537.58
2026;2;10  ;SAÚDE                                                  ;301 ;ATENÇÃO BÁSICA                                                                                                          ;1216;FORTALECIMENTO E QUALIFICAÇÃO DA ATENÇÃO BÁSICA EM SAÚDE                                                                ;2724;MANUTENÇÃO DA REDE BÁSICA DE SAÚDE                                                                                                                                                                      ;0500;RECURSOS NÃO VINCULADOS DE IMPOSTOS                    ;0.0;-7009655.12;1294028.35;1447791.42;1029063.09
2026;2;09  ;PREVIDÊNCIA SOCIAL                                     ;272 ;PREVIDÊNCIA DO REGIME ESTATUTÁRIO                                                                                       ;3101;GESTÃO DOS ENCARGOS GERAIS DO MUNICÍPIO                                                                                 ;9007;ENCARGOS COM INATIVOS E PENSIONISTAS DO SETOR EDUCACIONAL - REGIME PRÓPRIO DO MUNICÍPIO                                                                                                                 ;0762;RECURSOS DE ALIENAÇÃO DE ATIVOS - CESSÃO DE DIREITOS CR;0.0;27400000.0;27323551.12;27323551.12;27239307.0
2026;2;14  ;DIREITOS DA CIDADANIA                                  ;422 ;DIREITOS INDIVIDUAIS, COLETIVOS E DIFUSOS                                                                               ;1252;PROMOÇÃO DOS DIREITOS HUMANOS, CIDADANIA E IGUALDADE ÉTNICO-RACIAL                                                      ;2073;DESENVOLVIMENTO DE AÇÕES DE APOIO ÀS MULHERES EM SITUAÇÃO DE VIOLÊNCIA                                                                                                                                  ;0500;RECURSOS NÃO VINCULADOS DE IMPOSTOS                    ;0.0;0.0;114352.2;34007.65;34007.65
2026;2;14  ;DIREITOS DA CIDADANIA                                  ;422 ;DIREITOS INDIVIDUAIS, COLETIVOS E DIFUSOS                                                                               ;2160;GESTÃO DAS POLÍTICAS MUNICIPAIS                                                                                         ;2081;COORDENAÇÃO, SUPERVISÃO E EXECUÇÃO DA POLÍTICA PARA MULHERES                                                                                                                                            ;0500;RECURSOS NÃO VINCULADOS DE IMPOSTOS                    ;0.0;0.0;407562.57;407562.57;408014.47
2026;2;28  ;ENCARGOS ESPECIAIS                                     ;846 ;OUTROS ENCARGOS ESPECIAIS                                                                                               ;3101;GESTÃO DOS ENCARGOS GERAIS DO MUNICÍPIO                                                                                 ;9002;CONTRIBUIÇÕES PARA O PIS/PASEP                                                                                                                                                                          ;0720;TRANSF. DA UNIÃO REF. ÀS PARTICIPAÇÕES NA EXPLORAÇÃO DE;0.0;0.0;0.0;18170.43;34366.65
2026;2;08  ;ASSISTÊNCIA SOCIAL                                     ;244 ;ASSISTÊNCIA COMUNITÁRIA                                                                                                 ;1204;FORTALECIMENTO DO SISTEMA ÚNICO DE ASSISTÊNCIA SOCIAL                                                                   ;2518;DESENVOLVIMENTO DAS AÇÕES DE PROTEÇÃO SOCIAL BÁSICA                                                                                                                                                     ;0660;TRANSFERÊNCIA DE RECURSOS DO FNAS                      ;0.0;0.0;158335.06;158335.06;158335.06
2026;2;09  ;PREVIDÊNCIA SOCIAL                                     ;272 ;PREVIDÊNCIA DO REGIME ESTATUTÁRIO                                                                                       ;3101;GESTÃO DOS ENCARGOS GERAIS DO MUNICÍPIO                                                                                 ;9008;ENCARGOS COM INATIVOS E PENSIONISTAS DA FCCR - REGIME PRÓPRIO DO MUNICÍPIO                                                                                                                              ;0500;RECURSOS NÃO VINCULADOS DE IMPOSTOS                    ;0.0;0.0;0.0;0.0;73057.88
2026;2;13  ;CULTURA                                                ;122 ;ADMINISTRAÇÃO GERAL                                                                                                     ;2161;GESTÃO ADMINISTRATIVA DOS ÓRGÃOS, ENTIDADES E FUNDOS MUNICIPAIS                                                         ;2723;APOIO ADMINISTRATIVO ÀS AÇÕES DA UNIDADE ORÇAMENTÁRIA                                                                                                                                                   ;0500;RECURSOS NÃO VINCULADOS DE IMPOSTOS                    ;0.0;-5751934.3;11775620.21;2578302.08;2193517.35
2026;2;18  ;GESTÃO AMBIENTAL                                       ;541 ;PRESERVAÇÃO E CONSERVAÇÃO AMBIENTAL                                                                                     ;2160;GESTÃO DAS POLÍTICAS MUNICIPAIS                                                                                         ;2097;COORDENAÇÃO, SUPERVISÃO E EXECUÇÃO DAS POLÍTICAS DE MEIO AMBIENTE                                                                                                                                       ;0500;RECURSOS NÃO VINCULADOS DE IMPOSTOS                    ;0.0;0.0;617119.47;548062.55;548081.42
2026;2;15  ;URBANISMO                                              ;451 ;INFRA-ESTRUTURA URBANA                                                                                                  ;1313;REQUALIFICAÇÃO DE ÁREAS DE BAIXA RENDA                                                                                  ;1577;PROJETO CAPIBARIBE MELHOR                                                                                                                                                                               ;0754;RECURSOS DE OPERAÇÕES DE CRÉDITO                       ;0.0;226219.37;0.0;0.0;0.0
2026;2;09  ;PREVIDÊNCIA SOCIAL                                     ;272 ;PREVIDÊNCIA DO REGIME ESTATUTÁRIO                                                                                       ;3101;GESTÃO DOS ENCARGOS GERAIS DO MUNICÍPIO                                                                                 ;9011;ENCARGOS COM INATIVOS E PENSIONISTAS DO GERALDÃO - REGIME PRÓPRIO DO MUNICÍPIO                                                                                                                          ;0500;RECURSOS NÃO VINCULADOS DE IMPOSTOS                    ;0.0;0.0;0.0;0.0;5701.02
2026;2;12  ;EDUCAÇÃO                                               ;361 ;ENSINO FUNDAMENTAL                                                                                                      ;1249;AMPLIAÇÃO E GESTÃO DA REDE DE ENSINO FUNDAMENTAL                                                                        ;2178;UNIVERSALIZAÇÃO E QUALIFICAÇÃO DO ENSINO FUNDAMENTAL                                                                                                                                                    ;0500;RECURSOS NÃO VINCULADOS DE IMPOSTOS                    ;0.0;0.0;43655735.39;21794404.24;22098407.92
2026;2;06  ;SEGURANÇA PÚBLICA                                      ;422 ;DIREITOS INDIVIDUAIS, COLETIVOS E DIFUSOS                                                                               ;1252;PROMOÇÃO DOS DIREITOS HUMANOS, CIDADANIA E IGUALDADE ÉTNICO-RACIAL                                                      ;2147;SEGURANÇA NOS LOCAIS PÚBLICOS SOB JURISDIÇÃO DA CIDADE DO RECIFE                                                                                                                                        ;0500;RECURSOS NÃO VINCULADOS DE IMPOSTOS                    ;0.0;0.0;304897.95;946950.1;36138.0
2026;2;10  ;SAÚDE                                                  ;304 ;VIGILÂNCIA SANITÁRIA                                                                                                    ;2160;GESTÃO DAS POLÍTICAS MUNICIPAIS                                                                                         ;2026;COORDENAÇÃO, SUPERVISÃO E EXECUÇÃO DA POLÍTICA DE PROTEÇÃO ANIMAL                                                                                                                                       ;0500;RECURSOS NÃO VINCULADOS DE IMPOSTOS                    ;0.0;0.0;783394.5;174041.55;171144.81
2026;2;28  ;ENCARGOS ESPECIAIS                                     ;846 ;OUTROS ENCARGOS ESPECIAIS                                                                                               ;3101;GESTÃO DOS ENCARGOS GERAIS DO MUNICÍPIO                                                                                 ;9004;COMPROMISSOS DECORRENTES DE SENTENÇAS JUDICIAIS                                                                                                                                                         ;0757;REC. DEP. JUDICIAIS-LIDES DAS QUAIS O ENTE FAZ PARTE   ;0.0;0.0;352926.41;460436.05;181236.21
2026;2;12  ;EDUCAÇÃO                                               ;361 ;ENSINO FUNDAMENTAL                                                                                                      ;1249;AMPLIAÇÃO E GESTÃO DA REDE DE ENSINO FUNDAMENTAL                                                                        ;2178;UNIVERSALIZAÇÃO E QUALIFICAÇÃO DO ENSINO FUNDAMENTAL                                                                                                                                                    ;0541;TRANSFERÊNCIAS DO FUNDEB - COMPLEMENTAÇÃO DA UNIÃO - VA;0.0;-2899327.0;2765295.0;230441.25;205092.71
2026;2;12  ;EDUCAÇÃO                                               ;361 ;ENSINO FUNDAMENTAL                                                                                                      ;1249;AMPLIAÇÃO E GESTÃO DA REDE DE ENSINO FUNDAMENTAL                                                                        ;2178;UNIVERSALIZAÇÃO E QUALIFICAÇÃO DO ENSINO FUNDAMENTAL                                                                                                                                                    ;0546;TRANSFERÊNCIAS DO FUNDEB - COMPLEMENTAÇÃO DA UNIÃO - ET;0.0;3775118.65;0.0;0.0;0.0
2026;2;13  ;CULTURA                                                ;391 ;PATRIMÔNIO HISTÓRICO, ARTÍSTICO E ARQUEOLÓGICO                                                                          ;1211;VALORIZAÇÃO DA CULTURA                                                                                                  ;2309;MANUTENÇÃO, RESTAURAÇÃO E PRESERVAÇÃO DE EQUIPAMENTOS E BENS CULTURAIS                                                                                                                                  ;0500;RECURSOS NÃO VINCULADOS DE IMPOSTOS                    ;0.0;-3000000.0;970768.44;400024.93;374852.78
2026;2;23  ;COMÉRCIO E SERVIÇOS                                    ;691 ;PROMOÇÃO COMERCIAL                                                                                                      ;1310;REQUALIFICAÇÃO, AMPLIAÇÃO E REORDENAMENTO DOS ESPAÇOS PÚBLICOS                                                          ;2548;GERENCIAMENTO DOS MERCADOS, FEIRAS E OUTROS ESPAÇOS PÚBLICOS                                                                                                                                            ;0501;OUTROS RECURSOS NÃO VINCULADOS                         ;0.0;1510000.0;4667120.44;1550714.73;1419637.02
2026;2;04  ;ADMINISTRAÇÃO                                          ;846 ;OUTROS ENCARGOS ESPECIAIS                                                                                               ;3101;GESTÃO DOS ENCARGOS GERAIS DO MUNICÍPIO                                                                                 ;2705;ENCARGOS COM O FGTS DOS SERVIDORES                                                                                                                                                                      ;0500;RECURSOS NÃO VINCULADOS DE IMPOSTOS                    ;0.0;0.0;237754.73;237754.73;237754.73
2026;2;17  ;SANEAMENTO                                             ;512 ;SANEAMENTO BÁSICO URBANO                                                                                                ;2160;GESTÃO DAS POLÍTICAS MUNICIPAIS                                                                                         ;2246;COORDENAÇÃO, SUPERVISÃO E EXECUÇÃO DAS POLÍTICAS DE SANEAMENTO                                                                                                                                          ;0500;RECURSOS NÃO VINCULADOS DE IMPOSTOS                    ;0.0;0.0;568625.09;568625.09;566972.68
2026;2;10  ;SAÚDE                                                  ;305 ;VIGILÂNCIA EPIDEMIOLÓGICA                                                                                               ;1217;FORTALECIMENTO DAS AÇÕES DE VIGILÂNCIA EM SAÚDE                                                                         ;2612;FORTALECIMENTO DAS AÇÕES DE VIGILÂNCIA AMBIENTAL PARA O CONTROLE DE DOENÇAS E AGRAVOS                                                                                                                   ;0659;OUTROS RECURSOS VINCULADOS À SAÚDE                     ;0.0;0.0;0.0;0.0;0.0
2026;2;04  ;ADMINISTRAÇÃO                                          ;126 ;TECNOLOGIA DA INFORMAÇÃO                                                                                                ;2123;MELHORIA DA QUALIDADE DOS SERVIÇOS DE TIC E TRANSFORMAÇÃO DIGITAL DOS SERVIÇOS E PROCESSOS DA PCR                       ;2520;MELHORIA E MANUTENÇÃO DOS SISTEMAS DE TECNOLOGIA DA INFORMAÇÃO E COMUNICAÇÃO                                                                                                                            ;0500;RECURSOS NÃO VINCULADOS DE IMPOSTOS                    ;0.0;0.0;3477696.99;3736779.86;3688885.41
2026;2;15  ;URBANISMO                                              ;846 ;OUTROS ENCARGOS ESPECIAIS                                                                                               ;3101;GESTÃO DOS ENCARGOS GERAIS DO MUNICÍPIO                                                                                 ;2705;ENCARGOS COM O FGTS DOS SERVIDORES                                                                                                                                                                      ;0501;OUTROS RECURSOS NÃO VINCULADOS                         ;0.0;0.0;5823002.82;796545.76;796545.76
2026;2;15  ;URBANISMO                                              ;451 ;INFRA-ESTRUTURA URBANA                                                                                                  ;2160;GESTÃO DAS POLÍTICAS MUNICIPAIS                                                                                         ;2328;COORDENAÇÃO, SUPERVISÃO E EXECUÇÃO DO PROGRAMA PROMORAR                                                                                                                                                 ;0500;RECURSOS NÃO VINCULADOS DE IMPOSTOS                    ;0.0;0.0;411300.15;411300.15;410402.07
2026;2;10  ;SAÚDE                                                  ;122 ;ADMINISTRAÇÃO GERAL                                                                                                     ;1236;EXPANSÃO E MELHORIA NA INFRAESTRUTURA DE ATENDIMENTO EM SAÚDE                                                           ;1659;CONSTRUÇÃO, REFORMA, AMPLIAÇÃO E EQUIPAGEM DE UNIDADES DE SAÚDE                                                                                                                                         ;0601;TRANSF. FUNDO A FUNDO SUS GOV. FED. - BL. ESTRUTURAÇÃO ;0.0;754249.33;754249.32;0.0;0.0
2026;2;10  ;SAÚDE                                                  ;846 ;OUTROS ENCARGOS ESPECIAIS                                                                                               ;3104;ATENDIMENTO DE SAÚDE AOS SERVIDORES BENEFICIÁRIOS DO SAÚDE RECIFE                                                       ;2084;OFERTA DE SERVIÇOS DE SAÚDE AOS BENEFICIÁRIOS DO SAÚDE RECIFE                                                                                                                                           ;0799;OUTRAS VINCULAÇÕES LEGAIS                              ;0.0;1583577.39;5430563.52;4936784.47;4946137.2
2026;2;27  ;DESPORTO E LAZER                                       ;812 ;DESPORTO COMUNITÁRIO                                                                                                    ;1226;PROMOÇÃO DE POLÍTICAS DE INCENTIVO AO ESPORTE E PRÁTICA DE EXERCÍCIO FÍSICO PARA PROMOÇÃO DA SAÚDE                      ;2281;MELHORIA E AMPLIAÇÃO DA REDE FÍSICA DE ESPORTE E REDE DE EXERCÍCIO FÍSICO NA SAÚDE                                                                                                                      ;0500;RECURSOS NÃO VINCULADOS DE IMPOSTOS                    ;0.0;-15276.0;0.0;0.0;0.0
2026;2;15  ;URBANISMO                                              ;452 ;SERVIÇOS URBANOS                                                                                                        ;1323;MANUTENÇÃO URBANA                                                                                                       ;2582;ADMINISTRAÇÃO E FISCALIZAÇÃO DE NECRÓPOLES                                                                                                                                                              ;0899;OUTROS RECURSOS VINCULADOS                             ;0.0;0.0;2313214.9;327050.26;223162.0
2026;2;10  ;SAÚDE                                                  ;301 ;ATENÇÃO BÁSICA                                                                                                          ;1216;FORTALECIMENTO E QUALIFICAÇÃO DA ATENÇÃO BÁSICA EM SAÚDE                                                                ;2083;IMPLEMENTAÇÃO DE PROGRAMAS ESTRATÉGICOS                                                                                                                                                                 ;0600;TRANSF. FUNDO A FUNDO SUS GOV. FED. - BL. MANUTENÇÃO SE;0.0;0.0;2000.0;0.0;87384.86
2026;2;04  ;ADMINISTRAÇÃO                                          ;122 ;ADMINISTRAÇÃO GERAL                                                                                                     ;2160;GESTÃO DAS POLÍTICAS MUNICIPAIS                                                                                         ;2064;ASSESSORAMENTO GOVERNAMENTAL                                                                                                                                                                            ;0500;RECURSOS NÃO VINCULADOS DE IMPOSTOS                    ;0.0;0.0;1835857.89;1816264.99;1835508.03
2026;2;17  ;SANEAMENTO                                             ;512 ;SANEAMENTO BÁSICO URBANO                                                                                                ;1323;MANUTENÇÃO URBANA                                                                                                       ;2543;MANUTENÇÃO E RETIFICAÇÃO DOS SISTEMAS DE MICRO E MACRO-DRENAGEM                                                                                                                                         ;0501;OUTROS RECURSOS NÃO VINCULADOS                         ;0.0;0.0;0.0;4286600.78;3774468.38
2026;2;15  ;URBANISMO                                              ;451 ;INFRA-ESTRUTURA URBANA                                                                                                  ;2160;GESTÃO DAS POLÍTICAS MUNICIPAIS                                                                                         ;2191;COORDENAÇÃO, SUPERVISÃO E EXECUÇÃO DAS POLÍTICAS DE INFRAESTRUTURA                                                                                                                                      ;0700;OUTRAS TRANSF. CONV. OU INSTRUM. CONGÊNERES - UNIÃO    ;0.0;0.0;0.0;0.0;0.0
2026;2;08  ;ASSISTÊNCIA SOCIAL                                     ;244 ;ASSISTÊNCIA COMUNITÁRIA                                                                                                 ;1204;FORTALECIMENTO DO SISTEMA ÚNICO DE ASSISTÊNCIA SOCIAL                                                                   ;2519;DESENVOLVIMENTO DAS AÇÕES DE PROTEÇÃO SOCIAL ESPECIAL                                                                                                                                                   ;0661;TRANSF. DE RECURSOS DOS FUNDOS EST. - ASSIST. SOCIAL   ;0.0;3206778.95;29497.32;0.0;0.0
2026;2;10  ;SAÚDE                                                  ;305 ;VIGILÂNCIA EPIDEMIOLÓGICA                                                                                               ;1217;FORTALECIMENTO DAS AÇÕES DE VIGILÂNCIA EM SAÚDE                                                                         ;2893;DESENVOLVIMENTO DE AÇÕES DE COMBATE E CONTROLE DE SITUAÇÕES DE EMERGÊNCIAS SANITÁRIAS                                                                                                                   ;0500;RECURSOS NÃO VINCULADOS DE IMPOSTOS                    ;0.0;0.0;490329.07;490329.07;500754.18
2026;2;04  ;ADMINISTRAÇÃO                                          ;122 ;ADMINISTRAÇÃO GERAL                                                                                                     ;2161;GESTÃO ADMINISTRATIVA DOS ÓRGÃOS, ENTIDADES E FUNDOS MUNICIPAIS                                                         ;2601;MELHORIA E MANUTENÇÃO DAS INSTALAÇÕES DA PREFEITURA DO RECIFE                                                                                                                                           ;0799;OUTRAS VINCULAÇÕES LEGAIS                              ;0.0;0.0;-11477.5;39795.18;39795.18
2026;2;08  ;ASSISTÊNCIA SOCIAL                                     ;244 ;ASSISTÊNCIA COMUNITÁRIA                                                                                                 ;1324;FORTALECIMENTO DA POLÍTICA DE SEGURANÇA ALIMENTAR E NUTRICIONAL                                                         ;2220;DESENVOLVIMENTO DE AÇÕES DE SEGURANÇA ALIMENTAR E NUTRICIONAL                                                                                                                                           ;0661;TRANSF. DE RECURSOS DOS FUNDOS EST. - ASSIST. SOCIAL   ;0.0;244846.18;0.0;0.0;0.0
2026;2;17  ;SANEAMENTO                                             ;512 ;SANEAMENTO BÁSICO URBANO                                                                                                ;1220;PROMOÇÃO DE POLÍTICAS DE SANEAMENTO                                                                                     ;1579;URBANIZAÇÃO DA BACIA DO BEBERIBE                                                                                                                                                                        ;0754;RECURSOS DE OPERAÇÕES DE CRÉDITO                       ;0.0;1526153.72;1440501.22;1440501.22;1440501.22
2026;2;08  ;ASSISTÊNCIA SOCIAL                                     ;244 ;ASSISTÊNCIA COMUNITÁRIA                                                                                                 ;1204;FORTALECIMENTO DO SISTEMA ÚNICO DE ASSISTÊNCIA SOCIAL                                                                   ;2018;GESTÃO DO CADASTRO ÚNICO E PROGRAMA BOLSA FAMÍLIA                                                                                                                                                       ;0660;TRANSFERÊNCIA DE RECURSOS DO FNAS                      ;0.0;-395837.64;1660100.0;553366.79;553366.79
2026;2;12  ;EDUCAÇÃO                                               ;361 ;ENSINO FUNDAMENTAL                                                                                                      ;2167;GESTÃO ADMINISTRATIVA DO SETOR EDUCACIONAL                                                                              ;2036;APOIO ADMINISTRATIVO ÀS AÇÕES DE EDUCAÇÃO DA REDE MUNICIPAL DE ENSINO                                                                                                                                   ;0541;TRANSFERÊNCIAS DO FUNDEB - COMPLEMENTAÇÃO DA UNIÃO - VA;0.0;4000000.0;2938007.11;766411.05;682105.84
2026;2;09  ;PREVIDÊNCIA SOCIAL                                     ;122 ;ADMINISTRAÇÃO GERAL                                                                                                     ;3101;GESTÃO DOS ENCARGOS GERAIS DO MUNICÍPIO                                                                                 ;9018;ENCARGOS ADMINISTRATIVOS PARA GESTÃO DO REGIME PRÓPRIO DE PREVIDÊNCIA SOCIAL DO MUNICÍPIO                                                                                                               ;0801;RECURSOS VINC. AO RPPS - FUNDO REP. (PLANO FINANC.)    ;0.0;0.0;584239.3;584239.3;584239.3
2026;2;08  ;ASSISTÊNCIA SOCIAL                                     ;122 ;ADMINISTRAÇÃO GERAL                                                                                                     ;2161;GESTÃO ADMINISTRATIVA DOS ÓRGÃOS, ENTIDADES E FUNDOS MUNICIPAIS                                                         ;2723;APOIO ADMINISTRATIVO ÀS AÇÕES DA UNIDADE ORÇAMENTÁRIA                                                                                                                                                   ;0500;RECURSOS NÃO VINCULADOS DE IMPOSTOS                    ;0.0;0.0;4515072.42;842050.1;674993.45
2026;2;14  ;DIREITOS DA CIDADANIA                                  ;122 ;ADMINISTRAÇÃO GERAL                                                                                                     ;2161;GESTÃO ADMINISTRATIVA DOS ÓRGÃOS, ENTIDADES E FUNDOS MUNICIPAIS                                                         ;2723;APOIO ADMINISTRATIVO ÀS AÇÕES DA UNIDADE ORÇAMENTÁRIA                                                                                                                                                   ;0759;RECURSOS VINCULADOS A FUNDOS                           ;0.0;0.0;61232.0;0.0;0.0
2026;2;28  ;ENCARGOS ESPECIAIS                                     ;846 ;OUTROS ENCARGOS ESPECIAIS                                                                                               ;3101;GESTÃO DOS ENCARGOS GERAIS DO MUNICÍPIO                                                                                 ;9004;COMPROMISSOS DECORRENTES DE SENTENÇAS JUDICIAIS                                                                                                                                                         ;0500;RECURSOS NÃO VINCULADOS DE IMPOSTOS                    ;0.0;0.0;717354.78;717354.78;716773.2
2026;2;10  ;SAÚDE                                                  ;302 ;ASSISTÊNCIA HOSPITALAR E AMBULATORIAL                                                                                   ;1236;EXPANSÃO E MELHORIA NA INFRAESTRUTURA DE ATENDIMENTO EM SAÚDE                                                           ;1658;CONSTRUÇÃO, REFORMA, AMPLIAÇÃO E EQUIPAGEM DE UNIDADES DE SAÚDE NA MÉDIA E ALTA COMPLEXIDADE                                                                                                            ;0762;RECURSOS DE ALIENAÇÃO DE ATIVOS - CESSÃO DE DIREITOS CR;0.0;0.0;0.0;0.0;0.0
2026;2;09  ;PREVIDÊNCIA SOCIAL                                     ;122 ;ADMINISTRAÇÃO GERAL                                                                                                     ;2170;GESTÃO DE PREVIDÊNCIA SOCIAL - RPPS                                                                                     ;2094;GESTÃO DAS AÇÕES DO RPPS                                                                                                                                                                                ;0802;RECURSOS VINCULADOS RPPS - TAXA ADMINISTRAÇÃO          ;0.0;7996072.89;632189.58;569171.89;527335.76
2026;2;11  ;TRABALHO                                               ;122 ;ADMINISTRAÇÃO GERAL                                                                                                     ;2161;GESTÃO ADMINISTRATIVA DOS ÓRGÃOS, ENTIDADES E FUNDOS MUNICIPAIS                                                         ;2723;APOIO ADMINISTRATIVO ÀS AÇÕES DA UNIDADE ORÇAMENTÁRIA                                                                                                                                                   ;0500;RECURSOS NÃO VINCULADOS DE IMPOSTOS                    ;0.0;1000000.0;785010.81;227121.28;116798.24
2026;2;28  ;ENCARGOS ESPECIAIS                                     ;846 ;OUTROS ENCARGOS ESPECIAIS                                                                                               ;3101;GESTÃO DOS ENCARGOS GERAIS DO MUNICÍPIO                                                                                 ;9002;CONTRIBUIÇÕES PARA O PIS/PASEP                                                                                                                                                                          ;0802;RECURSOS VINCULADOS RPPS - TAXA ADMINISTRAÇÃO          ;0.0;0.0;200000.0;10631.66;9243.33
2026;2;19  ;CIÊNCIA E TECNOLOGIA                                   ;573 ;DIFUSÃO DO CONHECIMENTO CIENTÍFICO E TECNOLÓGICO                                                                        ;2160;GESTÃO DAS POLÍTICAS MUNICIPAIS                                                                                         ;2022;COORDENAÇÃO, SUPERVISÃO E EXECUÇÃO DAS POLÍTICAS DE TRANSFORMAÇÃO DIGITAL, CIÊNCIA E TECNOLOGIA                                                                                                         ;0500;RECURSOS NÃO VINCULADOS DE IMPOSTOS                    ;0.0;0.0;326473.36;326473.36;325765.98
2026;2;15  ;URBANISMO                                              ;452 ;SERVIÇOS URBANOS                                                                                                        ;3101;GESTÃO DOS ENCARGOS GERAIS DO MUNICÍPIO                                                                                 ;2058;ENCARGOS COM ENERGIA ELÉTRICA DE VIAS PÚBLICAS                                                                                                                                                          ;0751;RECURSOS DA COSIP                                      ;0.0;0.0;397652.13;2217199.6;2217199.6
2026;2;10  ;SAÚDE                                                  ;302 ;ASSISTÊNCIA HOSPITALAR E AMBULATORIAL                                                                                   ;1233;MELHORIA DO ACESSO À ASSISTÊNCIA FARMACÊUTICA                                                                           ;2323;MANUTENÇÃO DO ADEQUADO SUPRIMENTO DA REDE EM ASSISTÊNCIA FARMACÊUTICA NA MÉDIA E ALTA COMPLEXIDADE                                                                                                      ;0500;RECURSOS NÃO VINCULADOS DE IMPOSTOS                    ;0.0;0.0;0.0;0.0;0.0
2026;2;08  ;ASSISTÊNCIA SOCIAL                                     ;241 ;ASSISTÊNCIA AO IDOSO                                                                                                    ;1222;PROMOÇÃO DOS DIREITOS HUMANOS, CIDADANIA E IGUALDADE ÉTNICO-RACIAL                                                      ;2991;APOIO A EXECUÇÃO DA POLÍTICA MUNICIPAL DE DIREITOS DA PESSOA IDOSA                                                                                                                                      ;0669;OUTROS RECURSOS VINCULADOS À ASSISTÊNCIA SOCIAL        ;0.0;27729349.48;359262.37;335139.55;306429.75
2026;2;04  ;ADMINISTRAÇÃO                                          ;122 ;ADMINISTRAÇÃO GERAL                                                                                                     ;2161;GESTÃO ADMINISTRATIVA DOS ÓRGÃOS, ENTIDADES E FUNDOS MUNICIPAIS                                                         ;2601;MELHORIA E MANUTENÇÃO DAS INSTALAÇÕES DA PREFEITURA DO RECIFE                                                                                                                                           ;0500;RECURSOS NÃO VINCULADOS DE IMPOSTOS                    ;0.0;0.0;3844817.23;740445.69;700473.53
2026;2;10  ;SAÚDE                                                  ;303 ;SUPORTE PROFILÁTICO E TERAPÊUTICO                                                                                       ;1233;MELHORIA DO ACESSO À ASSISTÊNCIA FARMACÊUTICA                                                                           ;2881;MANUTENÇÃO DO ADEQUADO SUPRIMENTO DA REDE EM ASSISTÊNCIA FARMACÊUTICA                                                                                                                                   ;0600;TRANSF. FUNDO A FUNDO SUS GOV. FED. - BL. MANUTENÇÃO SE;0.0;0.0;4575397.92;299789.99;29956.16
2026;2;23  ;COMÉRCIO E SERVIÇOS                                    ;695 ;TURISMO                                                                                                                 ;1213;PROMOÇÃO DO TURISMO NO RECIFE                                                                                           ;2193;PROMOÇÃO, ESTRUTURAÇÃO E FORTALECIMENTO TURÍSTICO DO DESTINO RECIFE                                                                                                                                     ;0500;RECURSOS NÃO VINCULADOS DE IMPOSTOS                    ;0.0;0.0;1001354.55;1699464.21;1669668.81
2026;2;12  ;EDUCAÇÃO                                               ;361 ;ENSINO FUNDAMENTAL                                                                                                      ;1206;ORGANIZAÇÃO EFICAZ DO ENSINO E DA APRENDIZAGEM                                                                          ;2101;IMPLANTAÇÃO DE POLÍTICAS DE VALORIZAÇÃO E FORMAÇÃO CONTINUADA DOS PROFISSIONAIS DA EDUCAÇÃO                                                                                                             ;0500;RECURSOS NÃO VINCULADOS DE IMPOSTOS                    ;0.0;0.0;152823.78;1540000.0;1540000.0
2026;2;04  ;ADMINISTRAÇÃO                                          ;126 ;TECNOLOGIA DA INFORMAÇÃO                                                                                                ;2123;MELHORIA DA QUALIDADE DOS SERVIÇOS DE TIC E TRANSFORMAÇÃO DIGITAL DOS SERVIÇOS E PROCESSOS DA PCR                       ;2520;MELHORIA E MANUTENÇÃO DOS SISTEMAS DE TECNOLOGIA DA INFORMAÇÃO E COMUNICAÇÃO                                                                                                                            ;0501;OUTROS RECURSOS NÃO VINCULADOS                         ;0.0;0.0;22261.56;0.0;0.0
2026;2;08  ;ASSISTÊNCIA SOCIAL                                     ;244 ;ASSISTÊNCIA COMUNITÁRIA                                                                                                 ;1204;FORTALECIMENTO DO SISTEMA ÚNICO DE ASSISTÊNCIA SOCIAL                                                                   ;2106;CONTROLE SOCIAL NA GESTÃO DA POLÍTICA MUNICIPAL DE ASSISTÊNCIA SOCIAL                                                                                                                                   ;0500;RECURSOS NÃO VINCULADOS DE IMPOSTOS                    ;0.0;5000.0;5000.0;5000.0;5000.0
2026;2;15  ;URBANISMO                                              ;451 ;INFRA-ESTRUTURA URBANA                                                                                                  ;2160;GESTÃO DAS POLÍTICAS MUNICIPAIS                                                                                         ;1029;PLANEJAMENTO DE LONGO PRAZO - RECIFE 500 ANOS                                                                                                                                                           ;0500;RECURSOS NÃO VINCULADOS DE IMPOSTOS                    ;0.0;1100000.0;1008696.0;0.0;0.0
2026;2;08  ;ASSISTÊNCIA SOCIAL                                     ;243 ;ASSISTÊNCIA À CRIANÇA E AO ADOLESCENTE                                                                                  ;1201;PROTEÇÃO INTEGRAL E DEFESA DOS DIREITOS DA CRIANÇA E DO ADOLESCENTE                                                     ;2869;APOIO E MANUTENÇÃO DOS CONSELHOS TUTELARES                                                                                                                                                              ;0500;RECURSOS NÃO VINCULADOS DE IMPOSTOS                    ;0.0;0.0;231458.81;134578.76;94227.19
2026;2;19  ;CIÊNCIA E TECNOLOGIA                                   ;573 ;DIFUSÃO DO CONHECIMENTO CIENTÍFICO E TECNOLÓGICO                                                                        ;1315;APOIO À INOVAÇÃO E DIFUSÃO DO CONHECIMENTO CIENTÍFICO E TECNOLÓGICO                                                     ;2049;DESENVOLVIMENTO DE INSTRUMENTOS DE APOIO À INOVAÇÃO E À DIFUSÃO DO CONHECIMENTO CIENTÍFICO E TECNOLÓGICO                                                                                                ;0500;RECURSOS NÃO VINCULADOS DE IMPOSTOS                    ;0.0;-287238.89;119083.3;226638.02;217665.97
2026;2;15  ;URBANISMO                                              ;846 ;OUTROS ENCARGOS ESPECIAIS                                                                                               ;3101;GESTÃO DOS ENCARGOS GERAIS DO MUNICÍPIO                                                                                 ;2701;ENCARGOS COM OBRIGAÇÕES TRIBUTÁRIAS E CONTRIBUTIVAS                                                                                                                                                     ;0501;OUTROS RECURSOS NÃO VINCULADOS                         ;0.0;0.0;2591.01;8894.58;7155.41
2026;2;16  ;HABITAÇÃO                                              ;122 ;ADMINISTRAÇÃO GERAL                                                                                                     ;2161;GESTÃO ADMINISTRATIVA DOS ÓRGÃOS, ENTIDADES E FUNDOS MUNICIPAIS                                                         ;2723;APOIO ADMINISTRATIVO ÀS AÇÕES DA UNIDADE ORÇAMENTÁRIA                                                                                                                                                   ;0500;RECURSOS NÃO VINCULADOS DE IMPOSTOS                    ;0.0;0.0;161396.47;114876.0;47418.74
2026;2;08  ;ASSISTÊNCIA SOCIAL                                     ;244 ;ASSISTÊNCIA COMUNITÁRIA                                                                                                 ;1204;FORTALECIMENTO DO SISTEMA ÚNICO DE ASSISTÊNCIA SOCIAL                                                                   ;2018;GESTÃO DO CADASTRO ÚNICO E PROGRAMA BOLSA FAMÍLIA                                                                                                                                                       ;0500;RECURSOS NÃO VINCULADOS DE IMPOSTOS                    ;0.0;-5000.0;261111.2;133055.6;128055.6
2026;2;14  ;DIREITOS DA CIDADANIA                                  ;122 ;ADMINISTRAÇÃO GERAL                                                                                                     ;2161;GESTÃO ADMINISTRATIVA DOS ÓRGÃOS, ENTIDADES E FUNDOS MUNICIPAIS                                                         ;2723;APOIO ADMINISTRATIVO ÀS AÇÕES DA UNIDADE ORÇAMENTÁRIA                                                                                                                                                   ;0500;RECURSOS NÃO VINCULADOS DE IMPOSTOS                    ;0.0;467883.0;874563.05;622564.81;527312.81
2026;2;10  ;SAÚDE                                                  ;302 ;ASSISTÊNCIA HOSPITALAR E AMBULATORIAL                                                                                   ;1236;EXPANSÃO E MELHORIA NA INFRAESTRUTURA DE ATENDIMENTO EM SAÚDE                                                           ;1658;CONSTRUÇÃO, REFORMA, AMPLIAÇÃO E EQUIPAGEM DE UNIDADES DE SAÚDE NA MÉDIA E ALTA COMPLEXIDADE                                                                                                            ;0500;RECURSOS NÃO VINCULADOS DE IMPOSTOS                    ;0.0;593000.0;7622000.0;6957000.0;6957000.0
2026;2;17  ;SANEAMENTO                                             ;512 ;SANEAMENTO BÁSICO URBANO                                                                                                ;1220;PROMOÇÃO DE POLÍTICAS DE SANEAMENTO                                                                                     ;1579;URBANIZAÇÃO DA BACIA DO BEBERIBE                                                                                                                                                                        ;0700;OUTRAS TRANSF. CONV. OU INSTRUM. CONGÊNERES - UNIÃO    ;0.0;266709.66;980654.8;0.0;0.0
2026;2;10  ;SAÚDE                                                  ;305 ;VIGILÂNCIA EPIDEMIOLÓGICA                                                                                               ;1217;FORTALECIMENTO DAS AÇÕES DE VIGILÂNCIA EM SAÚDE                                                                         ;2087;FORTALECIMENTO DAS AÇÕES DE VIGILÂNCIA EPIDEMIOLÓGICA PARA O CONTROLE DE DOENÇAS E AGRAVOS                                                                                                              ;0600;TRANSF. FUNDO A FUNDO SUS GOV. FED. - BL. MANUTENÇÃO SE;0.0;49446.49;3560253.69;1110316.91;1023714.02
2026;2;15  ;URBANISMO                                              ;451 ;INFRA-ESTRUTURA URBANA                                                                                                  ;1303;GESTÃO DE RISCO EM ENCOSTAS E ALAGADOS                                                                                  ;1574;URBANIZAÇÃO DE ÁREAS DE RISCO                                                                                                                                                                           ;0500;RECURSOS NÃO VINCULADOS DE IMPOSTOS                    ;0.0;-20400000.0;0.0;0.0;0.0
2026;2;04  ;ADMINISTRAÇÃO                                          ;123 ;ADMINISTRAÇÃO FINANCEIRA                                                                                                ;2160;GESTÃO DAS POLÍTICAS MUNICIPAIS                                                                                         ;2041;COORDENAÇÃO, SUPERVISÃO E EXECUÇÃO DAS POLÍTICAS TRIBUTÁRIA E FINANCEIRA DO MUNICÍPIO                                                                                                                   ;0500;RECURSOS NÃO VINCULADOS DE IMPOSTOS                    ;0.0;0.0;5995285.55;6482998.43;6351681.47
2026;2;04  ;ADMINISTRAÇÃO                                          ;131 ;COMUNICAÇÃO SOCIAL                                                                                                      ;2160;GESTÃO DAS POLÍTICAS MUNICIPAIS                                                                                         ;2156;COORDENAÇÃO, SUPERVISÃO E EXECUÇÃO DAS POLÍTICAS DE COMUNICAÇÃO                                                                                                                                         ;0500;RECURSOS NÃO VINCULADOS DE IMPOSTOS                    ;0.0;-41492139.73;1615255.94;1552891.54;1552811.79
2026;2;10  ;SAÚDE                                                  ;305 ;VIGILÂNCIA EPIDEMIOLÓGICA                                                                                               ;1217;FORTALECIMENTO DAS AÇÕES DE VIGILÂNCIA EM SAÚDE                                                                         ;2088;DESENVOLVIMENTO DA POLÍTICA DE VIGILÂNCIA EM SAÚDE DO TRABALHADOR (RENAST)                                                                                                                              ;0600;TRANSF. FUNDO A FUNDO SUS GOV. FED. - BL. MANUTENÇÃO SE;0.0;561115.88;372675.23;66604.3;49880.89
2026;2;10  ;SAÚDE                                                  ;301 ;ATENÇÃO BÁSICA                                                                                                          ;1216;FORTALECIMENTO E QUALIFICAÇÃO DA ATENÇÃO BÁSICA EM SAÚDE                                                                ;2321;GARANTIA DA OFERTA DE PROCEDIMENTOS ATRAVÉS DA REDE COMPLEMENTAR - ATENÇÃO BÁSICA                                                                                                                       ;0600;TRANSF. FUNDO A FUNDO SUS GOV. FED. - BL. MANUTENÇÃO SE;0.0;0.0;17722576.55;7089030.62;4714192.62
2026;2;04  ;ADMINISTRAÇÃO                                          ;331 ;PROTEÇÃO E BENEFÍCIOS AO TRABALHADOR                                                                                    ;3101;GESTÃO DOS ENCARGOS GERAIS DO MUNICÍPIO                                                                                 ;2153;ENCARGOS COM BENEFÍCIOS AOS SERVIDORES                                                                                                                                                                  ;0500;RECURSOS NÃO VINCULADOS DE IMPOSTOS                    ;0.0;0.0;1326729.36;3687403.36;3687403.36
2026;2;17  ;SANEAMENTO                                             ;512 ;SANEAMENTO BÁSICO URBANO                                                                                                ;1323;MANUTENÇÃO URBANA                                                                                                       ;2543;MANUTENÇÃO E RETIFICAÇÃO DOS SISTEMAS DE MICRO E MACRO-DRENAGEM                                                                                                                                         ;0754;RECURSOS DE OPERAÇÕES DE CRÉDITO                       ;0.0;720000.0;403204.85;276718.16;0.0
2026;2;11  ;TRABALHO                                               ;122 ;ADMINISTRAÇÃO GERAL                                                                                                     ;2160;GESTÃO DAS POLÍTICAS MUNICIPAIS                                                                                         ;2250;COORDENAÇÃO, SUPERVISÃO E EXECUÇÃO DAS POLÍTICAS DE TRABALHO E QUALIFICAÇÃO PROFISSIONAL                                                                                                                ;0500;RECURSOS NÃO VINCULADOS DE IMPOSTOS                    ;0.0;0.0;396269.17;396269.17;403354.47
2026;2;15  ;URBANISMO                                              ;452 ;SERVIÇOS URBANOS                                                                                                        ;1323;MANUTENÇÃO URBANA                                                                                                       ;2541;MANUTENÇÃO DO SISTEMA VIÁRIO                                                                                                                                                                            ;0500;RECURSOS NÃO VINCULADOS DE IMPOSTOS                    ;0.0;0.0;7372.52;0.0;0.0
2026;2;19  ;CIÊNCIA E TECNOLOGIA                                   ;122 ;ADMINISTRAÇÃO GERAL                                                                                                     ;2161;GESTÃO ADMINISTRATIVA DOS ÓRGÃOS, ENTIDADES E FUNDOS MUNICIPAIS                                                         ;2723;APOIO ADMINISTRATIVO ÀS AÇÕES DA UNIDADE ORÇAMENTÁRIA                                                                                                                                                   ;0500;RECURSOS NÃO VINCULADOS DE IMPOSTOS                    ;0.0;0.0;500.0;500.0;500.0
2026;2;04  ;ADMINISTRAÇÃO                                          ;122 ;ADMINISTRAÇÃO GERAL                                                                                                     ;2160;GESTÃO DAS POLÍTICAS MUNICIPAIS                                                                                         ;2874;COORDENAÇÃO, SUPERVISÃO E EXECUÇÃO DAS POLÍTICAS DO GABINETE DO CENTRO DO RECIFE                                                                                                                        ;0500;RECURSOS NÃO VINCULADOS DE IMPOSTOS                    ;0.0;0.0;231946.89;225109.39;225336.05
2026;2;08  ;ASSISTÊNCIA SOCIAL                                     ;244 ;ASSISTÊNCIA COMUNITÁRIA                                                                                                 ;1204;FORTALECIMENTO DO SISTEMA ÚNICO DE ASSISTÊNCIA SOCIAL                                                                   ;2518;DESENVOLVIMENTO DAS AÇÕES DE PROTEÇÃO SOCIAL BÁSICA                                                                                                                                                     ;0661;TRANSF. DE RECURSOS DOS FUNDOS EST. - ASSIST. SOCIAL   ;0.0;773348.92;20309.96;0.0;0.0
2026;2;15  ;URBANISMO                                              ;452 ;SERVIÇOS URBANOS                                                                                                        ;1323;MANUTENÇÃO URBANA                                                                                                       ;2509;LIMPEZA URBANA                                                                                                                                                                                          ;0501;OUTROS RECURSOS NÃO VINCULADOS                         ;0.0;0.0;695787.3;845773.73;729713.35
2026;2;15  ;URBANISMO                                              ;452 ;SERVIÇOS URBANOS                                                                                                        ;1323;MANUTENÇÃO URBANA                                                                                                       ;2541;MANUTENÇÃO DO SISTEMA VIÁRIO                                                                                                                                                                            ;0706;TRANSFERÊNCIA ESPECIAL DA UNIÃO                        ;0.0;0.0;0.0;0.0;0.0
2026;2;28  ;ENCARGOS ESPECIAIS                                     ;846 ;OUTROS ENCARGOS ESPECIAIS                                                                                               ;3101;GESTÃO DOS ENCARGOS GERAIS DO MUNICÍPIO                                                                                 ;9002;CONTRIBUIÇÕES PARA O PIS/PASEP                                                                                                                                                                          ;0501;OUTROS RECURSOS NÃO VINCULADOS                         ;0.0;0.0;23545031.31;4824227.99;4823349.6
2026;2;09  ;PREVIDÊNCIA SOCIAL                                     ;272 ;PREVIDÊNCIA DO REGIME ESTATUTÁRIO                                                                                       ;4103;GESTÃO DOS ENCARGOS DA CÂMARA MUNICIPAL DO RECIFE                                                                       ;9013;ENCARGOS COM INATIVOS E PENSIONISTAS DA CMR INTEGRANTES DO SISTEMA PREVIDENCIÁRIO - REGIME PRÓPRIO DO MUNICÍPIO                                                                                         ;0800;RECURSOS VINC. AO RPPS - FUNDO CAPIT. (PLANO PREV.)    ;0.0;0.0;373990.46;373990.46;320275.82
2026;2;15  ;URBANISMO                                              ;452 ;SERVIÇOS URBANOS                                                                                                        ;1323;MANUTENÇÃO URBANA                                                                                                       ;2541;MANUTENÇÃO DO SISTEMA VIÁRIO                                                                                                                                                                            ;0754;RECURSOS DE OPERAÇÕES DE CRÉDITO                       ;0.0;11500000.0;8938263.79;8180005.76;1832427.86
2026;2;15  ;URBANISMO                                              ;451 ;INFRA-ESTRUTURA URBANA                                                                                                  ;1304;MOBILIDADE URBANA E ACESSIBILIDADE                                                                                      ;1563;CONSOLIDAÇÃO E MELHORAMENTO DO SISTEMA VIÁRIO                                                                                                                                                           ;0500;RECURSOS NÃO VINCULADOS DE IMPOSTOS                    ;0.0;200000.0;24038.24;7019.27;0.0
2026;2;04  ;ADMINISTRAÇÃO                                          ;451 ;INFRA-ESTRUTURA URBANA                                                                                                  ;2160;GESTÃO DAS POLÍTICAS MUNICIPAIS                                                                                         ;1662;IMPLEMENTAÇÃO DE PROJETOS, PARCERIAS E EQUIPAMENTOS PÚBLICOS ESTRATÉGICOS                                                                                                                               ;0500;RECURSOS NÃO VINCULADOS DE IMPOSTOS                    ;0.0;-20760487.15;0.0;0.0;0.0
2026;2;15  ;URBANISMO                                              ;451 ;INFRA-ESTRUTURA URBANA                                                                                                  ;1310;REQUALIFICAÇÃO, AMPLIAÇÃO E REORDENAMENTO DOS ESPAÇOS PÚBLICOS                                                          ;1576;URBANIZAÇÃO DAS MARGENS DE RIOS E CANAIS                                                                                                                                                                ;0754;RECURSOS DE OPERAÇÕES DE CRÉDITO                       ;0.0;682175.56;889431.09;294564.17;294564.17
2026;2;09  ;PREVIDÊNCIA SOCIAL                                     ;272 ;PREVIDÊNCIA DO REGIME ESTATUTÁRIO                                                                                       ;3101;GESTÃO DOS ENCARGOS GERAIS DO MUNICÍPIO                                                                                 ;9005;ENCARGOS COM INATIVOS E PENSIONISTAS DO SISTEMA PREVIDENCIÁRIO - REGIME PRÓPRIO DO MUNICÍPIO (ADM. DIRETA)                                                                                              ;0801;RECURSOS VINC. AO RPPS - FUNDO REP. (PLANO FINANC.)    ;0.0;0.0;78209.05;78209.05;78209.05
2026;2;10  ;SAÚDE                                                  ;301 ;ATENÇÃO BÁSICA                                                                                                          ;1233;MELHORIA DO ACESSO À ASSISTÊNCIA FARMACÊUTICA                                                                           ;2322;MANUTENÇÃO DO ADEQUADO SUPRIMENTO DA REDE EM ASSISTÊNCIA FARMACÊUTICA NA ATENÇÃO BÁSICA                                                                                                                 ;0600;TRANSF. FUNDO A FUNDO SUS GOV. FED. - BL. MANUTENÇÃO SE;0.0;0.0;2674821.36;314696.47;110987.87
2026;2;08  ;ASSISTÊNCIA SOCIAL                                     ;243 ;ASSISTÊNCIA À CRIANÇA E AO ADOLESCENTE                                                                                  ;1201;PROTEÇÃO INTEGRAL E DEFESA DOS DIREITOS DA CRIANÇA E DO ADOLESCENTE                                                     ;2527;APOIO A EXECUÇÃO DAS POLÍTICAS MUNICIPAIS DE PROTEÇÃO ESPECIAL A CRIANÇA E AO ADOLESCENTE                                                                                                               ;0669;OUTROS RECURSOS VINCULADOS À ASSISTÊNCIA SOCIAL        ;0.0;0.0;48000.0;48000.0;48000.0
2026;2;15  ;URBANISMO                                              ;451 ;INFRA-ESTRUTURA URBANA                                                                                                  ;1323;MANUTENÇÃO URBANA                                                                                                       ;2566;REQUALIFICAÇÃO DE ESPAÇOS DE INTERESSE PÚBLICO                                                                                                                                                          ;0754;RECURSOS DE OPERAÇÕES DE CRÉDITO                       ;0.0;2620000.0;2598056.32;68354.29;68354.29
2026;2;08  ;ASSISTÊNCIA SOCIAL                                     ;422 ;DIREITOS INDIVIDUAIS, COLETIVOS E DIFUSOS                                                                               ;2160;GESTÃO DAS POLÍTICAS MUNICIPAIS                                                                                         ;2057;COORDENAÇÃO, SUPERVISÃO E EXECUÇÃO DAS POLÍTICAS DE DIRETOS HUMANOS E JUVENTUDE                                                                                                                         ;0500;RECURSOS NÃO VINCULADOS DE IMPOSTOS                    ;0.0;0.0;7600.0;32706.0;32706.0
2026;2;15  ;URBANISMO                                              ;331 ;PROTEÇÃO E BENEFÍCIOS AO TRABALHADOR                                                                                    ;3101;GESTÃO DOS ENCARGOS GERAIS DO MUNICÍPIO                                                                                 ;2153;ENCARGOS COM BENEFÍCIOS AOS SERVIDORES                                                                                                                                                                  ;0501;OUTROS RECURSOS NÃO VINCULADOS                         ;0.0;0.0;724909.8;874685.6;738402.69
2026;2;04  ;ADMINISTRAÇÃO                                          ;122 ;ADMINISTRAÇÃO GERAL                                                                                                     ;2160;GESTÃO DAS POLÍTICAS MUNICIPAIS                                                                                         ;2055;PLANEJAMENTO DA AÇÃO GOVERNAMENTAL                                                                                                                                                                      ;0500;RECURSOS NÃO VINCULADOS DE IMPOSTOS                    ;0.0;-7000000.0;1758653.97;1476869.41;1476869.41
2026;2;09  ;PREVIDÊNCIA SOCIAL                                     ;272 ;PREVIDÊNCIA DO REGIME ESTATUTÁRIO                                                                                       ;3101;GESTÃO DOS ENCARGOS GERAIS DO MUNICÍPIO                                                                                 ;9005;ENCARGOS COM INATIVOS E PENSIONISTAS DO SISTEMA PREVIDENCIÁRIO - REGIME PRÓPRIO DO MUNICÍPIO (ADM. DIRETA)                                                                                              ;0800;RECURSOS VINC. AO RPPS - FUNDO CAPIT. (PLANO PREV.)    ;0.0;0.0;9355844.81;9396009.79;9030450.79
2026;2;12  ;EDUCAÇÃO                                               ;365 ;EDUCAÇÃO INFANTIL                                                                                                       ;1247;PROMOÇÃO E FORTALECIMENTO DA POLÍTICA DA PRIMEIRA INFÂNCIA                                                              ;1036;EXPANSÃO DA REDE FÍSICA DO ENSINO INFANTIL                                                                                                                                                              ;0500;RECURSOS NÃO VINCULADOS DE IMPOSTOS                    ;0.0;3339329.34;500000.0;229641.87;0.0
2026;2;12  ;EDUCAÇÃO                                               ;361 ;ENSINO FUNDAMENTAL                                                                                                      ;1249;AMPLIAÇÃO E GESTÃO DA REDE DE ENSINO FUNDAMENTAL                                                                        ;2178;UNIVERSALIZAÇÃO E QUALIFICAÇÃO DO ENSINO FUNDAMENTAL                                                                                                                                                    ;0762;RECURSOS DE ALIENAÇÃO DE ATIVOS - CESSÃO DE DIREITOS CR;0.0;0.0;0.0;0.0;0.0
2026;2;10  ;SAÚDE                                                  ;304 ;VIGILÂNCIA SANITÁRIA                                                                                                    ;1217;FORTALECIMENTO DAS AÇÕES DE VIGILÂNCIA EM SAÚDE                                                                         ;2725;FORTALECIMENTO DAS AÇÕES DA VIGILÂNCIA SANITÁRIA                                                                                                                                                        ;0659;OUTROS RECURSOS VINCULADOS À SAÚDE                     ;0.0;0.0;1169496.08;1209878.83;1154662.82
2026;2;15  ;URBANISMO                                              ;451 ;INFRA-ESTRUTURA URBANA                                                                                                  ;1310;REQUALIFICAÇÃO, AMPLIAÇÃO E REORDENAMENTO DOS ESPAÇOS PÚBLICOS                                                          ;2289;GESTÃO DO CONTROLE URBANO                                                                                                                                                                               ;0754;RECURSOS DE OPERAÇÕES DE CRÉDITO                       ;0.0;3727649.91;3690269.57;0.0;0.0
2026;2;15  ;URBANISMO                                              ;451 ;INFRA-ESTRUTURA URBANA                                                                                                  ;1310;REQUALIFICAÇÃO, AMPLIAÇÃO E REORDENAMENTO DOS ESPAÇOS PÚBLICOS                                                          ;1576;URBANIZAÇÃO DAS MARGENS DE RIOS E CANAIS                                                                                                                                                                ;0500;RECURSOS NÃO VINCULADOS DE IMPOSTOS                    ;0.0;200000.0;6718.77;6718.77;0.0
2026;2;08  ;ASSISTÊNCIA SOCIAL                                     ;244 ;ASSISTÊNCIA COMUNITÁRIA                                                                                                 ;1204;FORTALECIMENTO DO SISTEMA ÚNICO DE ASSISTÊNCIA SOCIAL                                                                   ;2519;DESENVOLVIMENTO DAS AÇÕES DE PROTEÇÃO SOCIAL ESPECIAL                                                                                                                                                   ;0500;RECURSOS NÃO VINCULADOS DE IMPOSTOS                    ;0.0;-1037942.09;12891419.51;6200208.56;5957413.36
2026;2;10  ;SAÚDE                                                  ;122 ;ADMINISTRAÇÃO GERAL                                                                                                     ;2165;GESTÃO ADMINISTRATIVA DO SISTEMA MUNICIPAL DE SAÚDE                                                                     ;2617;APOIO ADMINISTRATIVO ÀS AÇÕES DO FUNDO MUNICIPAL DE SAÚDE                                                                                                                                               ;0500;RECURSOS NÃO VINCULADOS DE IMPOSTOS                    ;0.0;-838520.42;24305202.96;8436740.49;8924261.22
2026;2;09  ;PREVIDÊNCIA SOCIAL                                     ;273 ;PREVIDÊNCIA COMPLEMENTAR                                                                                                ;3101;GESTÃO DOS ENCARGOS GERAIS DO MUNICÍPIO                                                                                 ;9022;ENCARGOS COM A PREVIDÊNCIA SOCIAL DOS SERVIDORES - REGIME GERAL                                                                                                                                         ;0802;RECURSOS VINCULADOS RPPS - TAXA ADMINISTRAÇÃO          ;0.0;0.0;24940.93;24940.93;24940.93
2026;2;03  ;ESSENCIAL À JUSTIÇA                                    ;129 ;ADMINISTRAÇÃO DE RECEITAS                                                                                               ;2160;GESTÃO DAS POLÍTICAS MUNICIPAIS                                                                                         ;2866;OTIMIZAÇÃO DA ARRECADAÇÃO DA DÍVIDA ATIVA DO MUNICÍPIO DO RECIFE                                                                                                                                        ;0501;OUTROS RECURSOS NÃO VINCULADOS                         ;0.0;0.0;5734430.01;598593.06;522814.98
2026;2;15  ;URBANISMO                                              ;451 ;INFRA-ESTRUTURA URBANA                                                                                                  ;1313;REQUALIFICAÇÃO DE ÁREAS DE BAIXA RENDA                                                                                  ;1564;REGULARIZAÇÃO FUNDIÁRIA                                                                                                                                                                                 ;0500;RECURSOS NÃO VINCULADOS DE IMPOSTOS                    ;0.0;-1100000.0;48.18;963936.75;963936.75
2026;2;04  ;ADMINISTRAÇÃO                                          ;846 ;OUTROS ENCARGOS ESPECIAIS                                                                                               ;3101;GESTÃO DOS ENCARGOS GERAIS DO MUNICÍPIO                                                                                 ;2120;ENCARGOS COM SERVIDORES À DISPOSIÇÃO DA ADMINISTRAÇÃO DIRETA - PREFEITURA DO RECIFE                                                                                                                     ;0500;RECURSOS NÃO VINCULADOS DE IMPOSTOS                    ;0.0;0.0;2104645.04;533426.83;509391.14
2026;2;12  ;EDUCAÇÃO                                               ;306 ;ALIMENTAÇÃO E NUTRIÇÃO                                                                                                  ;1207;SUPORTE E APOIO EFETIVOS PARA UMA EDUCAÇÃO DE QUALIDADE                                                                 ;2127;ALIMENTAÇÃO ESCOLAR                                                                                                                                                                                     ;0500;RECURSOS NÃO VINCULADOS DE IMPOSTOS                    ;0.0;0.0;41991289.38;336431.09;226996.9
2026;2;10  ;SAÚDE                                                  ;302 ;ASSISTÊNCIA HOSPITALAR E AMBULATORIAL                                                                                   ;2107;GESTÃO DAS POLÍTICAS MUNICIPAIS DE SAÚDE                                                                                ;2325;COORDENAÇÃO, SUPERVISÃO E EXECUÇÃO DAS POLÍTICAS DE SAÚDE NA MÉDIA E ALTA COMPLEXIDADE                                                                                                                  ;0605;ASSIST. FINANCEIRA DA UNIÃO - COMPLEMENTAÇÃO PISOS SALA;0.0;-1300000.0;0.0;0.0;0.0
2026;2;17  ;SANEAMENTO                                             ;122 ;ADMINISTRAÇÃO GERAL                                                                                                     ;2161;GESTÃO ADMINISTRATIVA DOS ÓRGÃOS, ENTIDADES E FUNDOS MUNICIPAIS                                                         ;2723;APOIO ADMINISTRATIVO ÀS AÇÕES DA UNIDADE ORÇAMENTÁRIA                                                                                                                                                   ;0500;RECURSOS NÃO VINCULADOS DE IMPOSTOS                    ;0.0;0.0;41988.14;305902.08;305902.08
2026;2;14  ;DIREITOS DA CIDADANIA                                  ;422 ;DIREITOS INDIVIDUAIS, COLETIVOS E DIFUSOS                                                                               ;2160;GESTÃO DAS POLÍTICAS MUNICIPAIS                                                                                         ;2251;COORDENAÇÃO, SUPERVISÃO E EXECUÇÃO DAS POLÍTICAS DE CIDADANIA E CULTURA DE PAZ                                                                                                                          ;0500;RECURSOS NÃO VINCULADOS DE IMPOSTOS                    ;0.0;-70000.0;498967.44;498967.44;497801.19
2026;2;04  ;ADMINISTRAÇÃO                                          ;126 ;TECNOLOGIA DA INFORMAÇÃO                                                                                                ;2123;MELHORIA DA QUALIDADE DOS SERVIÇOS DE TIC E TRANSFORMAÇÃO DIGITAL DOS SERVIÇOS E PROCESSOS DA PCR                       ;1541;EXPANSÃO E ATUALIZAÇÃO DO AMBIENTE DE TECNOLOGIA DA INFORMAÇÃO                                                                                                                                          ;0500;RECURSOS NÃO VINCULADOS DE IMPOSTOS                    ;0.0;-212761.11;588970.45;100000.0;100000.0
2026;2;04  ;ADMINISTRAÇÃO                                          ;122 ;ADMINISTRAÇÃO GERAL                                                                                                     ;2161;GESTÃO ADMINISTRATIVA DOS ÓRGÃOS, ENTIDADES E FUNDOS MUNICIPAIS                                                         ;2723;APOIO ADMINISTRATIVO ÀS AÇÕES DA UNIDADE ORÇAMENTÁRIA                                                                                                                                                   ;0500;RECURSOS NÃO VINCULADOS DE IMPOSTOS                    ;0.0;12683651.0;9108441.1;6057105.93;5689408.34
2026;2;13  ;CULTURA                                                ;392 ;DIFUSÃO CULTURAL                                                                                                        ;1211;VALORIZAÇÃO DA CULTURA                                                                                                  ;2311;OTIMIZAÇÃO E DEMOCRATIZAÇÃO DOS EQUIPAMENTOS CULTURAIS                                                                                                                                                  ;0500;RECURSOS NÃO VINCULADOS DE IMPOSTOS                    ;0.0;-4000000.0;0.0;0.0;0.0
2026;2;10  ;SAÚDE                                                  ;301 ;ATENÇÃO BÁSICA                                                                                                          ;1236;EXPANSÃO E MELHORIA NA INFRAESTRUTURA DE ATENDIMENTO EM SAÚDE                                                           ;1033;MELHORIA DA ESTRUTURA FÍSICA DAS UNIDADES DE SAÚDE NA ATENÇÃO BÁSICA                                                                                                                                    ;0631;TRANSF. DO GOV. FEDERAL - CONVÊNIOS E INSTRUM. CONGÊNER;0.0;-2649334.01;0.0;0.0;0.0
2026;2;15  ;URBANISMO                                              ;451 ;INFRA-ESTRUTURA URBANA                                                                                                  ;1303;GESTÃO DE RISCO EM ENCOSTAS E ALAGADOS                                                                                  ;1574;URBANIZAÇÃO DE ÁREAS DE RISCO                                                                                                                                                                           ;0754;RECURSOS DE OPERAÇÕES DE CRÉDITO                       ;0.0;2860911.47;1811096.64;116719.17;116719.17
2026;2;09  ;PREVIDÊNCIA SOCIAL                                     ;272 ;PREVIDÊNCIA DO REGIME ESTATUTÁRIO                                                                                       ;4103;GESTÃO DOS ENCARGOS DA CÂMARA MUNICIPAL DO RECIFE                                                                       ;9013;ENCARGOS COM INATIVOS E PENSIONISTAS DA CMR INTEGRANTES DO SISTEMA PREVIDENCIÁRIO - REGIME PRÓPRIO DO MUNICÍPIO                                                                                         ;0801;RECURSOS VINC. AO RPPS - FUNDO REP. (PLANO FINANC.)    ;0.0;0.0;4396.82;4396.82;4396.82
2026;2;23  ;COMÉRCIO E SERVIÇOS                                    ;846 ;OUTROS ENCARGOS ESPECIAIS                                                                                               ;3101;GESTÃO DOS ENCARGOS GERAIS DO MUNICÍPIO                                                                                 ;2705;ENCARGOS COM O FGTS DOS SERVIDORES                                                                                                                                                                      ;0500;RECURSOS NÃO VINCULADOS DE IMPOSTOS                    ;0.0;0.0;649999.24;117293.66;71779.52
2026;2;04  ;ADMINISTRAÇÃO                                          ;122 ;ADMINISTRAÇÃO GERAL                                                                                                     ;2122;GESTÃO PÚBLICA DE EXCELÊNCIA                                                                                            ;1095;MODERNIZAÇÃO ADMINISTRATIVA E TRANSFORMAÇÃO DIGITAL                                                                                                                                                     ;0799;OUTRAS VINCULAÇÕES LEGAIS                              ;0.0;0.0;0.0;159142.84;159142.84
2026;2;08  ;ASSISTÊNCIA SOCIAL                                     ;244 ;ASSISTÊNCIA COMUNITÁRIA                                                                                                 ;1241;PROMOÇÃO DAS POLÍTICAS DE PREVENÇÃO, TRATAMENTO E REINSERÇÃO SOCIAL AOS USUÁRIOS E DEPENDENTES DE DROGAS                ;2265;IMPLEMENTAÇÃO DE POLÍTICAS DE PREVENÇÃO, TRATAMENTO E REINSERÇÃO SOCIAL DE USUÁRIOS E DEPENDENTES DE DROGAS                                                                                             ;0665;TRANSF. CONV. E INSTRUM. CONGÊNERES ASSISTÊNCIA SOCIAL ;0.0;0.0;0.0;0.0;0.0
2026;2;08  ;ASSISTÊNCIA SOCIAL                                     ;244 ;ASSISTÊNCIA COMUNITÁRIA                                                                                                 ;1241;PROMOÇÃO DAS POLÍTICAS DE PREVENÇÃO, TRATAMENTO E REINSERÇÃO SOCIAL AOS USUÁRIOS E DEPENDENTES DE DROGAS                ;2265;IMPLEMENTAÇÃO DE POLÍTICAS DE PREVENÇÃO, TRATAMENTO E REINSERÇÃO SOCIAL DE USUÁRIOS E DEPENDENTES DE DROGAS                                                                                             ;0500;RECURSOS NÃO VINCULADOS DE IMPOSTOS                    ;0.0;62601.29;379850.0;150398.05;145941.76
2026;2;10  ;SAÚDE                                                  ;301 ;ATENÇÃO BÁSICA                                                                                                          ;2107;GESTÃO DAS POLÍTICAS MUNICIPAIS DE SAÚDE                                                                                ;2074;COORDENAÇÃO, SUPERVISÃO E EXECUÇÃO DAS POLÍTICAS DE SAÚDE NA ATENÇÃO BÁSICA                                                                                                                             ;0604;TRANSF. DO GOV. FEDERAL - VENCIMENTO DOS AGENTES COMUNI;0.0;0.0;6493726.0;6493726.0;6493726.0
2026;2;08  ;ASSISTÊNCIA SOCIAL                                     ;244 ;ASSISTÊNCIA COMUNITÁRIA                                                                                                 ;1204;FORTALECIMENTO DO SISTEMA ÚNICO DE ASSISTÊNCIA SOCIAL                                                                   ;2519;DESENVOLVIMENTO DAS AÇÕES DE PROTEÇÃO SOCIAL ESPECIAL                                                                                                                                                   ;0660;TRANSFERÊNCIA DE RECURSOS DO FNAS                      ;0.0;0.0;272493.34;271178.14;271178.14
2026;2;09  ;PREVIDÊNCIA SOCIAL                                     ;273 ;PREVIDÊNCIA COMPLEMENTAR                                                                                                ;3101;GESTÃO DOS ENCARGOS GERAIS DO MUNICÍPIO                                                                                 ;9011;ENCARGOS COM INATIVOS E PENSIONISTAS DO GERALDÃO - REGIME PRÓPRIO DO MUNICÍPIO                                                                                                                          ;0800;RECURSOS VINC. AO RPPS - FUNDO CAPIT. (PLANO PREV.)    ;0.0;0.0;3864.05;3864.05;3880.98
2026;2;09  ;PREVIDÊNCIA SOCIAL                                     ;272 ;PREVIDÊNCIA DO REGIME ESTATUTÁRIO                                                                                       ;3101;GESTÃO DOS ENCARGOS GERAIS DO MUNICÍPIO                                                                                 ;9007;ENCARGOS COM INATIVOS E PENSIONISTAS DO SETOR EDUCACIONAL - REGIME PRÓPRIO DO MUNICÍPIO                                                                                                                 ;0500;RECURSOS NÃO VINCULADOS DE IMPOSTOS                    ;0.0;0.0;0.0;0.0;0.0
2026;2;10  ;SAÚDE                                                  ;302 ;ASSISTÊNCIA HOSPITALAR E AMBULATORIAL                                                                                   ;1238;FORTALECIMENTO E QUALIFICAÇÃO DA ATENÇÃO À SAÚDE DE MÉDIA E ALTA COMPLEXIDADE                                           ;2085;GARANTIA DA OFERTA DE PROCEDIMENTOS ATRAVÉS DA REDE PRÓPRIA                                                                                                                                             ;0621;TRANSF. FUNDO A FUNDO SUS PROV. DO GOVERNO ESTADUAL    ;0.0;3272552.7;13826174.28;2353080.14;1938445.73
2026;2;12  ;EDUCAÇÃO                                               ;361 ;ENSINO FUNDAMENTAL                                                                                                      ;2110;GESTÃO DAS POLÍTICAS MUNICIPAIS DE EDUCAÇÃO                                                                             ;2035;COORDENAÇÃO, SUPERVISÃO E EXECUÇÃO DAS POLÍTICAS DE EDUCAÇÃO                                                                                                                                            ;0540;TRANSFERÊNCIAS DO FUNDEB - IMPOSTOS E TRANSFERÊNCIAS DE;0.0;0.0;15285807.75;15285807.75;14095165.65
2026;2;12  ;EDUCAÇÃO                                               ;365 ;EDUCAÇÃO INFANTIL                                                                                                       ;1247;PROMOÇÃO E FORTALECIMENTO DA POLÍTICA DA PRIMEIRA INFÂNCIA                                                              ;2179;AMPLIAÇÃO E DESENVOLVIMENTO DA EDUCAÇÃO INFANTIL                                                                                                                                                        ;0762;RECURSOS DE ALIENAÇÃO DE ATIVOS - CESSÃO DE DIREITOS CR;0.0;0.0;0.0;0.0;0.0
2026;2;10  ;SAÚDE                                                  ;305 ;VIGILÂNCIA EPIDEMIOLÓGICA                                                                                               ;1217;FORTALECIMENTO DAS AÇÕES DE VIGILÂNCIA EM SAÚDE                                                                         ;2612;FORTALECIMENTO DAS AÇÕES DE VIGILÂNCIA AMBIENTAL PARA O CONTROLE DE DOENÇAS E AGRAVOS                                                                                                                   ;0600;TRANSF. FUNDO A FUNDO SUS GOV. FED. - BL. MANUTENÇÃO SE;0.0;0.0;1197805.06;594730.63;542199.54
2026;2;15  ;URBANISMO                                              ;452 ;SERVIÇOS URBANOS                                                                                                        ;1323;MANUTENÇÃO URBANA                                                                                                       ;2509;LIMPEZA URBANA                                                                                                                                                                                          ;0500;RECURSOS NÃO VINCULADOS DE IMPOSTOS                    ;0.0;0.0;10316261.31;10101619.56;8541084.84
2026;2;14  ;DIREITOS DA CIDADANIA                                  ;422 ;DIREITOS INDIVIDUAIS, COLETIVOS E DIFUSOS                                                                               ;1222;PROMOÇÃO DOS DIREITOS HUMANOS, CIDADANIA E IGUALDADE ÉTNICO-RACIAL                                                      ;2029;IMPLEMENTAÇÃO DAS AÇÕES DE PROMOÇÃO E DEFESA DOS DIREITOS HUMANOS                                                                                                                                       ;0500;RECURSOS NÃO VINCULADOS DE IMPOSTOS                    ;0.0;0.0;994627.01;738795.4;739825.81
2026;2;10  ;SAÚDE                                                  ;302 ;ASSISTÊNCIA HOSPITALAR E AMBULATORIAL                                                                                   ;1238;FORTALECIMENTO E QUALIFICAÇÃO DA ATENÇÃO À SAÚDE DE MÉDIA E ALTA COMPLEXIDADE                                           ;2085;GARANTIA DA OFERTA DE PROCEDIMENTOS ATRAVÉS DA REDE PRÓPRIA                                                                                                                                             ;0500;RECURSOS NÃO VINCULADOS DE IMPOSTOS                    ;0.0;6482575.54;101777846.69;17621715.24;16366610.41
2026;2;15  ;URBANISMO                                              ;452 ;SERVIÇOS URBANOS                                                                                                        ;1323;MANUTENÇÃO URBANA                                                                                                       ;2509;LIMPEZA URBANA                                                                                                                                                                                          ;0753;RECURSOS PROVENIENTES DE TAXAS E CONTRIBUIÇÕES         ;0.0;0.0;35131553.72;23629550.1;22924700.23
2026;2;10  ;SAÚDE                                                  ;302 ;ASSISTÊNCIA HOSPITALAR E AMBULATORIAL                                                                                   ;1238;FORTALECIMENTO E QUALIFICAÇÃO DA ATENÇÃO À SAÚDE DE MÉDIA E ALTA COMPLEXIDADE                                           ;2324;FORTALECIMENTO E QUALIFICAÇÃO DE PROGRAMAS ESTRATÉGICOS                                                                                                                                                 ;0500;RECURSOS NÃO VINCULADOS DE IMPOSTOS                    ;0.0;0.0;0.0;0.0;0.0
2026;2;09  ;PREVIDÊNCIA SOCIAL                                     ;272 ;PREVIDÊNCIA DO REGIME ESTATUTÁRIO                                                                                       ;3101;GESTÃO DOS ENCARGOS GERAIS DO MUNICÍPIO                                                                                 ;9005;ENCARGOS COM INATIVOS E PENSIONISTAS DO SISTEMA PREVIDENCIÁRIO - REGIME PRÓPRIO DO MUNICÍPIO (ADM. DIRETA)                                                                                              ;0500;RECURSOS NÃO VINCULADOS DE IMPOSTOS                    ;0.0;0.0;0.0;0.0;4008900.57
2026;2;12  ;EDUCAÇÃO                                               ;361 ;ENSINO FUNDAMENTAL                                                                                                      ;2167;GESTÃO ADMINISTRATIVA DO SETOR EDUCACIONAL                                                                              ;2036;APOIO ADMINISTRATIVO ÀS AÇÕES DE EDUCAÇÃO DA REDE MUNICIPAL DE ENSINO                                                                                                                                   ;0762;RECURSOS DE ALIENAÇÃO DE ATIVOS - CESSÃO DE DIREITOS CR;0.0;0.0;0.0;0.0;0.0
2026;2;10  ;SAÚDE                                                  ;846 ;OUTROS ENCARGOS ESPECIAIS                                                                                               ;3104;ATENDIMENTO DE SAÚDE AOS SERVIDORES BENEFICIÁRIOS DO SAÚDE RECIFE                                                       ;2084;OFERTA DE SERVIÇOS DE SAÚDE AOS BENEFICIÁRIOS DO SAÚDE RECIFE                                                                                                                                           ;0500;RECURSOS NÃO VINCULADOS DE IMPOSTOS                    ;0.0;0.0;5396693.35;5396693.35;5347733.34
2026;2;09  ;PREVIDÊNCIA SOCIAL                                     ;272 ;PREVIDÊNCIA DO REGIME ESTATUTÁRIO                                                                                       ;3101;GESTÃO DOS ENCARGOS GERAIS DO MUNICÍPIO                                                                                 ;9009;ENCARGOS COM INATIVOS E PENSIONISTAS DO IASC - REGIME PRÓPRIO DO MUNICÍPIO                                                                                                                              ;0800;RECURSOS VINC. AO RPPS - FUNDO CAPIT. (PLANO PREV.)    ;0.0;0.0;3274.44;3274.44;3274.44
2026;2;09  ;PREVIDÊNCIA SOCIAL                                     ;272 ;PREVIDÊNCIA DO REGIME ESTATUTÁRIO                                                                                       ;3101;GESTÃO DOS ENCARGOS GERAIS DO MUNICÍPIO                                                                                 ;9007;ENCARGOS COM INATIVOS E PENSIONISTAS DO SETOR EDUCACIONAL - REGIME PRÓPRIO DO MUNICÍPIO                                                                                                                 ;0501;OUTROS RECURSOS NÃO VINCULADOS                         ;0.0;-10000000.0;0.0;0.0;0.0
2026;2;15  ;URBANISMO                                              ;243 ;ASSISTÊNCIA À CRIANÇA E AO ADOLESCENTE                                                                                  ;1247;PROMOÇÃO E FORTALECIMENTO DA POLÍTICA DA PRIMEIRA INFÂNCIA                                                              ;2113;APOIO À PRIMEIRA INFÂNCIA                                                                                                                                                                               ;0754;RECURSOS DE OPERAÇÕES DE CRÉDITO                       ;0.0;-29470710.97;10529289.03;10529289.03;10529289.03
2026;2;16  ;HABITAÇÃO                                              ;482 ;HABITAÇÃO URBANA                                                                                                        ;1219;MELHORIA DAS CONDIÇÕES DE HABITABILIDADE                                                                                ;1038;IMPLEMENTAÇÃO DE PROJETOS HABITACIONAIS                                                                                                                                                                 ;0700;OUTRAS TRANSF. CONV. OU INSTRUM. CONGÊNERES - UNIÃO    ;0.0;1441714.0;0.0;0.0;0.0
2026;2;10  ;SAÚDE                                                  ;301 ;ATENÇÃO BÁSICA                                                                                                          ;1216;FORTALECIMENTO E QUALIFICAÇÃO DA ATENÇÃO BÁSICA EM SAÚDE                                                                ;2724;MANUTENÇÃO DA REDE BÁSICA DE SAÚDE                                                                                                                                                                      ;0600;TRANSF. FUNDO A FUNDO SUS GOV. FED. - BL. MANUTENÇÃO SE;0.0;-49446.49;28902147.17;8016067.46;5163386.18
2026;2;15  ;URBANISMO                                              ;331 ;PROTEÇÃO E BENEFÍCIOS AO TRABALHADOR                                                                                    ;3101;GESTÃO DOS ENCARGOS GERAIS DO MUNICÍPIO                                                                                 ;2153;ENCARGOS COM BENEFÍCIOS AOS SERVIDORES                                                                                                                                                                  ;0500;RECURSOS NÃO VINCULADOS DE IMPOSTOS                    ;0.0;0.0;42630.3;76728.16;49076.49
2026;2;10  ;SAÚDE                                                  ;122 ;ADMINISTRAÇÃO GERAL                                                                                                     ;1236;EXPANSÃO E MELHORIA NA INFRAESTRUTURA DE ATENDIMENTO EM SAÚDE                                                           ;1659;CONSTRUÇÃO, REFORMA, AMPLIAÇÃO E EQUIPAGEM DE UNIDADES DE SAÚDE                                                                                                                                         ;0501;OUTROS RECURSOS NÃO VINCULADOS                         ;0.0;17332.0;0.0;0.0;0.0
2026;2;27  ;DESPORTO E LAZER                                       ;122 ;ADMINISTRAÇÃO GERAL                                                                                                     ;2161;GESTÃO ADMINISTRATIVA DOS ÓRGÃOS, ENTIDADES E FUNDOS MUNICIPAIS                                                         ;2723;APOIO ADMINISTRATIVO ÀS AÇÕES DA UNIDADE ORÇAMENTÁRIA                                                                                                                                                   ;0500;RECURSOS NÃO VINCULADOS DE IMPOSTOS                    ;0.0;0.0;287836.99;306383.58;367739.02
2026;2;10  ;SAÚDE                                                  ;302 ;ASSISTÊNCIA HOSPITALAR E AMBULATORIAL                                                                                   ;1238;FORTALECIMENTO E QUALIFICAÇÃO DA ATENÇÃO À SAÚDE DE MÉDIA E ALTA COMPLEXIDADE                                           ;2324;FORTALECIMENTO E QUALIFICAÇÃO DE PROGRAMAS ESTRATÉGICOS                                                                                                                                                 ;0600;TRANSF. FUNDO A FUNDO SUS GOV. FED. - BL. MANUTENÇÃO SE;0.0;0.0;4189892.28;2112156.91;1752566.38
2026;2;17  ;SANEAMENTO                                             ;512 ;SANEAMENTO BÁSICO URBANO                                                                                                ;1220;PROMOÇÃO DE POLÍTICAS DE SANEAMENTO                                                                                     ;1252;SANEAMENTO INTEGRADO                                                                                                                                                                                    ;0500;RECURSOS NÃO VINCULADOS DE IMPOSTOS                    ;0.0;0.0;0.0;0.0;0.0
2026;2;15  ;URBANISMO                                              ;451 ;INFRA-ESTRUTURA URBANA                                                                                                  ;1310;REQUALIFICAÇÃO, AMPLIAÇÃO E REORDENAMENTO DOS ESPAÇOS PÚBLICOS                                                          ;1028;AMPLIAÇÃO E MELHORIA DA INFRAESTRUTURA URBANA                                                                                                                                                           ;0754;RECURSOS DE OPERAÇÕES DE CRÉDITO                       ;0.0;3021113.35;2908984.92;0.0;0.0
2026;2;10  ;SAÚDE                                                  ;122 ;ADMINISTRAÇÃO GERAL                                                                                                     ;1236;EXPANSÃO E MELHORIA NA INFRAESTRUTURA DE ATENDIMENTO EM SAÚDE                                                           ;1659;CONSTRUÇÃO, REFORMA, AMPLIAÇÃO E EQUIPAGEM DE UNIDADES DE SAÚDE                                                                                                                                         ;0762;RECURSOS DE ALIENAÇÃO DE ATIVOS - CESSÃO DE DIREITOS CR;0.0;0.0;0.0;0.0;0.0
2026;2;13  ;CULTURA                                                ;272 ;PREVIDÊNCIA DO REGIME ESTATUTÁRIO                                                                                       ;3101;GESTÃO DOS ENCARGOS GERAIS DO MUNICÍPIO                                                                                 ;9021;ENCARGOS COM A PREVIDÊNCIA SOCIAL DOS SERVIDORES - REGIME PRÓPRIO                                                                                                                                       ;0500;RECURSOS NÃO VINCULADOS DE IMPOSTOS                    ;0.0;0.0;900000.0;179148.91;179148.91
2026;2;10  ;SAÚDE                                                  ;302 ;ASSISTÊNCIA HOSPITALAR E AMBULATORIAL                                                                                   ;1238;FORTALECIMENTO E QUALIFICAÇÃO DA ATENÇÃO À SAÚDE DE MÉDIA E ALTA COMPLEXIDADE                                           ;2085;GARANTIA DA OFERTA DE PROCEDIMENTOS ATRAVÉS DA REDE PRÓPRIA                                                                                                                                             ;0501;OUTROS RECURSOS NÃO VINCULADOS                         ;0.0;9938331.0;6055507.21;0.0;0.0
2026;2;15  ;URBANISMO                                              ;273 ;PREVIDÊNCIA COMPLEMENTAR                                                                                                ;3101;GESTÃO DOS ENCARGOS GERAIS DO MUNICÍPIO                                                                                 ;9022;ENCARGOS COM A PREVIDÊNCIA SOCIAL DOS SERVIDORES - REGIME GERAL                                                                                                                                         ;0500;RECURSOS NÃO VINCULADOS DE IMPOSTOS                    ;0.0;0.0;0.0;173459.62;176555.89
2026;2;28  ;ENCARGOS ESPECIAIS                                     ;846 ;OUTROS ENCARGOS ESPECIAIS                                                                                               ;3101;GESTÃO DOS ENCARGOS GERAIS DO MUNICÍPIO                                                                                 ;9002;CONTRIBUIÇÕES PARA O PIS/PASEP                                                                                                                                                                          ;0500;RECURSOS NÃO VINCULADOS DE IMPOSTOS                    ;0.0;1043472.07;9936.29;1872860.87;1555363.57
2026;2;10  ;SAÚDE                                                  ;122 ;ADMINISTRAÇÃO GERAL                                                                                                     ;2165;GESTÃO ADMINISTRATIVA DO SISTEMA MUNICIPAL DE SAÚDE                                                                     ;2617;APOIO ADMINISTRATIVO ÀS AÇÕES DO FUNDO MUNICIPAL DE SAÚDE                                                                                                                                               ;0600;TRANSF. FUNDO A FUNDO SUS GOV. FED. - BL. MANUTENÇÃO SE;0.0;0.0;1657912.25;44517.34;44517.34
2026;2;28  ;ENCARGOS ESPECIAIS                                     ;846 ;OUTROS ENCARGOS ESPECIAIS                                                                                               ;3101;GESTÃO DOS ENCARGOS GERAIS DO MUNICÍPIO                                                                                 ;9015;ENCARGOS COM PENSIONISTAS DA PREFEITURA DO RECIFE                                                                                                                                                       ;0500;RECURSOS NÃO VINCULADOS DE IMPOSTOS                    ;0.0;0.0;82102.96;82102.96;82064.96
2026;2;23  ;COMÉRCIO E SERVIÇOS                                    ;695 ;TURISMO                                                                                                                 ;1213;PROMOÇÃO DO TURISMO NO RECIFE                                                                                           ;2862;ESTRUTURAÇÃO E MANUTENÇÃO DE EQUIPAMENTOS PÚBLICOS COM POTENCIAL TURÍSTICO                                                                                                                              ;0500;RECURSOS NÃO VINCULADOS DE IMPOSTOS                    ;0.0;-755000.0;0.0;0.0;0.0
2026;2;04  ;ADMINISTRAÇÃO                                          ;124 ;CONTROLE INTERNO                                                                                                        ;2164;FORTALECIMENTO DO SISTEMA DE CONTROLE INTERNO                                                                           ;2015;GESTÃO E APERFEIÇOAMENTO DO CONTROLE INTERNO DA ADMINISTRAÇÃO MUNICIPAL                                                                                                                                 ;0500;RECURSOS NÃO VINCULADOS DE IMPOSTOS                    ;0.0;0.0;992132.69;992132.69;993504.63
2026;2;09  ;PREVIDÊNCIA SOCIAL                                     ;272 ;PREVIDÊNCIA DO REGIME ESTATUTÁRIO                                                                                       ;3101;GESTÃO DOS ENCARGOS GERAIS DO MUNICÍPIO                                                                                 ;9007;ENCARGOS COM INATIVOS E PENSIONISTAS DO SETOR EDUCACIONAL - REGIME PRÓPRIO DO MUNICÍPIO                                                                                                                 ;0801;RECURSOS VINC. AO RPPS - FUNDO REP. (PLANO FINANC.)    ;0.0;17033036.0;3576.26;3576.26;3576.26
2026;2;23  ;COMÉRCIO E SERVIÇOS                                    ;695 ;TURISMO                                                                                                                 ;1213;PROMOÇÃO DO TURISMO NO RECIFE                                                                                           ;2193;PROMOÇÃO, ESTRUTURAÇÃO E FORTALECIMENTO TURÍSTICO DO DESTINO RECIFE                                                                                                                                     ;0501;OUTROS RECURSOS NÃO VINCULADOS                         ;0.0;0.0;52342.66;438016.05;438016.05
2026;2;10  ;SAÚDE                                                  ;273 ;PREVIDÊNCIA COMPLEMENTAR                                                                                                ;3102;GESTÃO DOS ENCARGOS GERAIS DO SETOR DE SAÚDE                                                                            ;9022;ENCARGOS COM A PREVIDÊNCIA SOCIAL DOS SERVIDORES - REGIME GERAL                                                                                                                                         ;0500;RECURSOS NÃO VINCULADOS DE IMPOSTOS                    ;0.0;250000.0;7750000.0;561090.34;561090.34
2026;2;12  ;EDUCAÇÃO                                               ;365 ;EDUCAÇÃO INFANTIL                                                                                                       ;1247;PROMOÇÃO E FORTALECIMENTO DA POLÍTICA DA PRIMEIRA INFÂNCIA                                                              ;2179;AMPLIAÇÃO E DESENVOLVIMENTO DA EDUCAÇÃO INFANTIL                                                                                                                                                        ;0541;TRANSFERÊNCIAS DO FUNDEB - COMPLEMENTAÇÃO DA UNIÃO - VA;0.0;0.0;1822011.84;316854.25;282000.28
2026;2;15  ;URBANISMO                                              ;122 ;ADMINISTRAÇÃO GERAL                                                                                                     ;2160;GESTÃO DAS POLÍTICAS MUNICIPAIS                                                                                         ;2072;COORDENAÇÃO, SUPERVISÃO E EXECUÇÃO DAS POLÍTICAS DE INOVAÇÃO URBANA                                                                                                                                     ;0500;RECURSOS NÃO VINCULADOS DE IMPOSTOS                    ;0.0;0.0;441739.78;250241.57;195048.8
2026;2;04  ;ADMINISTRAÇÃO                                          ;122 ;ADMINISTRAÇÃO GERAL                                                                                                     ;2160;GESTÃO DAS POLÍTICAS MUNICIPAIS                                                                                         ;2145;COORDENAÇÃO, SUPERVISÃO E EXECUÇÃO DAS AÇÕES MUNICIPAIS DE PLANEJAMENTO E GESTÃO                                                                                                                        ;0500;RECURSOS NÃO VINCULADOS DE IMPOSTOS                    ;0.0;0.0;1623562.57;1623562.57;1622118.86
2026;2;10  ;SAÚDE                                                  ;302 ;ASSISTÊNCIA HOSPITALAR E AMBULATORIAL                                                                                   ;1236;EXPANSÃO E MELHORIA NA INFRAESTRUTURA DE ATENDIMENTO EM SAÚDE                                                           ;1658;CONSTRUÇÃO, REFORMA, AMPLIAÇÃO E EQUIPAGEM DE UNIDADES DE SAÚDE NA MÉDIA E ALTA COMPLEXIDADE                                                                                                            ;0754;RECURSOS DE OPERAÇÕES DE CRÉDITO                       ;0.0;10435988.77;3337024.17;3324277.44;2799499.16
2026;2;28  ;ENCARGOS ESPECIAIS                                     ;846 ;OUTROS ENCARGOS ESPECIAIS                                                                                               ;3101;GESTÃO DOS ENCARGOS GERAIS DO MUNICÍPIO                                                                                 ;9002;CONTRIBUIÇÕES PARA O PIS/PASEP                                                                                                                                                                          ;0708;TRANSF. UNIÃO À COMP. FINANC. REC. MINERAIS            ;0.0;0.0;0.0;1216.64;1126.3
2026;2;04  ;ADMINISTRAÇÃO                                          ;122 ;ADMINISTRAÇÃO GERAL                                                                                                     ;2160;GESTÃO DAS POLÍTICAS MUNICIPAIS                                                                                         ;2027;COORDENAÇÃO, SUPERVISÃO E EXECUÇÃO DAS AÇÕES MUNICIPAIS DE ADMINISTRAÇÃO                                                                                                                                ;0500;RECURSOS NÃO VINCULADOS DE IMPOSTOS                    ;0.0;40318233.18;7859787.53;10073548.58;11003229.63
2026;2;04  ;ADMINISTRAÇÃO                                          ;122 ;ADMINISTRAÇÃO GERAL                                                                                                     ;2161;GESTÃO ADMINISTRATIVA DOS ÓRGÃOS, ENTIDADES E FUNDOS MUNICIPAIS                                                         ;2723;APOIO ADMINISTRATIVO ÀS AÇÕES DA UNIDADE ORÇAMENTÁRIA                                                                                                                                                   ;0501;OUTROS RECURSOS NÃO VINCULADOS                         ;0.0;0.0;1729423.59;1729423.59;1743973.6
2026;2;15  ;URBANISMO                                              ;452 ;SERVIÇOS URBANOS                                                                                                        ;1323;MANUTENÇÃO URBANA                                                                                                       ;2541;MANUTENÇÃO DO SISTEMA VIÁRIO                                                                                                                                                                            ;0700;OUTRAS TRANSF. CONV. OU INSTRUM. CONGÊNERES - UNIÃO    ;0.0;177322.57;777322.57;0.0;0.0
2026;2;15  ;URBANISMO                                              ;182 ;DEFESA CIVIL                                                                                                            ;1303;GESTÃO DE RISCO EM ENCOSTAS E ALAGADOS                                                                                  ;2211;DEFESA CIVIL PERMANENTE                                                                                                                                                                                 ;0500;RECURSOS NÃO VINCULADOS DE IMPOSTOS                    ;0.0;0.0;12681332.04;7376471.96;6646336.33
2026;2;09  ;PREVIDÊNCIA SOCIAL                                     ;272 ;PREVIDÊNCIA DO REGIME ESTATUTÁRIO                                                                                       ;3101;GESTÃO DOS ENCARGOS GERAIS DO MUNICÍPIO                                                                                 ;9011;ENCARGOS COM INATIVOS E PENSIONISTAS DO GERALDÃO - REGIME PRÓPRIO DO MUNICÍPIO                                                                                                                          ;0762;RECURSOS DE ALIENAÇÃO DE ATIVOS - CESSÃO DE DIREITOS CR;0.0;30000.0;26040.09;26040.09;20334.83
2026;2;12  ;EDUCAÇÃO                                               ;361 ;ENSINO FUNDAMENTAL                                                                                                      ;3103;GESTÃO DOS ENCARGOS GERAIS DO SETOR EDUCACIONAL                                                                         ;2149;ENCARGOS COM BENEFÍCIOS AOS SERVIDORES DO SETOR EDUCACIONAL                                                                                                                                             ;0500;RECURSOS NÃO VINCULADOS DE IMPOSTOS                    ;0.0;0.0;1630899.5;1630899.5;1630899.5
2026;2;23  ;COMÉRCIO E SERVIÇOS                                    ;122 ;ADMINISTRAÇÃO GERAL                                                                                                     ;2161;GESTÃO ADMINISTRATIVA DOS ÓRGÃOS, ENTIDADES E FUNDOS MUNICIPAIS                                                         ;2723;APOIO ADMINISTRATIVO ÀS AÇÕES DA UNIDADE ORÇAMENTÁRIA                                                                                                                                                   ;0501;OUTROS RECURSOS NÃO VINCULADOS                         ;0.0;-1510000.0;413949.39;105160.11;92910.11
2026;2;15  ;URBANISMO                                              ;451 ;INFRA-ESTRUTURA URBANA                                                                                                  ;1310;REQUALIFICAÇÃO, AMPLIAÇÃO E REORDENAMENTO DOS ESPAÇOS PÚBLICOS                                                          ;1603;CONSTRUÇÃO E REQUALIFICAÇÃO DE ESPAÇOS DE INTERESSE PÚBLICO                                                                                                                                             ;0754;RECURSOS DE OPERAÇÕES DE CRÉDITO                       ;0.0;50090012.36;10043546.56;10029246.56;9849395.13
2026;2;16  ;HABITAÇÃO                                              ;122 ;ADMINISTRAÇÃO GERAL                                                                                                     ;2160;GESTÃO DAS POLÍTICAS MUNICIPAIS                                                                                         ;2861;COORDENAÇÃO, SUPERVISÃO E EXECUÇÃO DAS POLÍTICAS HABITACIONAIS                                                                                                                                          ;0700;OUTRAS TRANSF. CONV. OU INSTRUM. CONGÊNERES - UNIÃO    ;0.0;180560.34;180560.34;0.0;0.0
2026;2;12  ;EDUCAÇÃO                                               ;361 ;ENSINO FUNDAMENTAL                                                                                                      ;1207;SUPORTE E APOIO EFETIVOS PARA UMA EDUCAÇÃO DE QUALIDADE                                                                 ;1043;EXPANSÃO DA REDE FÍSICA DO ENSINO FUNDAMENTAL                                                                                                                                                           ;0500;RECURSOS NÃO VINCULADOS DE IMPOSTOS                    ;0.0;-3339329.34;3401297.29;69204.51;0.0
2026;2;04  ;ADMINISTRAÇÃO                                          ;272 ;PREVIDÊNCIA DO REGIME ESTATUTÁRIO                                                                                       ;3101;GESTÃO DOS ENCARGOS GERAIS DO MUNICÍPIO                                                                                 ;9021;ENCARGOS COM A PREVIDÊNCIA SOCIAL DOS SERVIDORES - REGIME PRÓPRIO                                                                                                                                       ;0762;RECURSOS DE ALIENAÇÃO DE ATIVOS - CESSÃO DE DIREITOS CR;0.0;91509133.65;91509133.65;54709133.65;54709133.65
2026;2;10  ;SAÚDE                                                  ;272 ;PREVIDÊNCIA DO REGIME ESTATUTÁRIO                                                                                       ;3102;GESTÃO DOS ENCARGOS GERAIS DO SETOR DE SAÚDE                                                                            ;9021;ENCARGOS COM A PREVIDÊNCIA SOCIAL DOS SERVIDORES - REGIME PRÓPRIO                                                                                                                                       ;0500;RECURSOS NÃO VINCULADOS DE IMPOSTOS                    ;0.0;14883597.01;100000000.0;22424326.53;22424326.53
2026;2;09  ;PREVIDÊNCIA SOCIAL                                     ;331 ;PROTEÇÃO E BENEFÍCIOS AO TRABALHADOR                                                                                    ;3101;GESTÃO DOS ENCARGOS GERAIS DO MUNICÍPIO                                                                                 ;2153;ENCARGOS COM BENEFÍCIOS AOS SERVIDORES                                                                                                                                                                  ;0802;RECURSOS VINCULADOS RPPS - TAXA ADMINISTRAÇÃO          ;0.0;0.0;8000.0;1650.6;1650.6
2026;2;10  ;SAÚDE                                                  ;125 ;NORMATIZAÇÃO E FISCALIZAÇÃO                                                                                             ;1239;MELHORIA DA GESTÃO DO SISTEMA DE SAÚDE                                                                                  ;2886;IMPLEMENTAÇÃO E FORTALECIMENTO DO CONTROLE SOCIAL NA GESTÃO DAS POLÍTICAS DE SAÚDE DO MUNICÍPIO                                                                                                         ;0500;RECURSOS NÃO VINCULADOS DE IMPOSTOS                    ;0.0;0.0;190273.55;66866.69;72168.74
2026;2;15  ;URBANISMO                                              ;451 ;INFRA-ESTRUTURA URBANA                                                                                                  ;1304;MOBILIDADE URBANA E ACESSIBILIDADE                                                                                      ;1563;CONSOLIDAÇÃO E MELHORAMENTO DO SISTEMA VIÁRIO                                                                                                                                                           ;0754;RECURSOS DE OPERAÇÕES DE CRÉDITO                       ;0.0;4020104.47;31949.98;31949.98;31949.98
2026;2;10  ;SAÚDE                                                  ;302 ;ASSISTÊNCIA HOSPITALAR E AMBULATORIAL                                                                                   ;1236;EXPANSÃO E MELHORIA NA INFRAESTRUTURA DE ATENDIMENTO EM SAÚDE                                                           ;1658;CONSTRUÇÃO, REFORMA, AMPLIAÇÃO E EQUIPAGEM DE UNIDADES DE SAÚDE NA MÉDIA E ALTA COMPLEXIDADE                                                                                                            ;0501;OUTROS RECURSOS NÃO VINCULADOS                         ;0.0;10512111.1;10467774.08;10467774.08;10467774.08
2026;2;16  ;HABITAÇÃO                                              ;482 ;HABITAÇÃO URBANA                                                                                                        ;1219;MELHORIA DAS CONDIÇÕES DE HABITABILIDADE                                                                                ;1038;IMPLEMENTAÇÃO DE PROJETOS HABITACIONAIS                                                                                                                                                                 ;0754;RECURSOS DE OPERAÇÕES DE CRÉDITO                       ;0.0;0.0;0.0;0.0;0.0
2026;2;14  ;DIREITOS DA CIDADANIA                                  ;422 ;DIREITOS INDIVIDUAIS, COLETIVOS E DIFUSOS                                                                               ;1252;PROMOÇÃO DOS DIREITOS HUMANOS, CIDADANIA E IGUALDADE ÉTNICO-RACIAL                                                      ;2093;ESTRUTURAÇÃO E MANUTENÇÃO DOS CENTROS COMUNITÁRIOS DA PAZ - COMPAZ                                                                                                                                      ;0703;OUTRAS TRANSF. CONV. OU INSTRUM. CONGÊNERES - OUTRAS EN;0.0;135000.0;0.0;0.0;0.0
2026;2;15  ;URBANISMO                                              ;331 ;PROTEÇÃO E BENEFÍCIOS AO TRABALHADOR                                                                                    ;3101;GESTÃO DOS ENCARGOS GERAIS DO MUNICÍPIO                                                                                 ;2153;ENCARGOS COM BENEFÍCIOS AOS SERVIDORES                                                                                                                                                                  ;0751;RECURSOS DA COSIP                                      ;0.0;0.0;0.0;39322.11;36256.08
2026;2;12  ;EDUCAÇÃO                                               ;361 ;ENSINO FUNDAMENTAL                                                                                                      ;2167;GESTÃO ADMINISTRATIVA DO SETOR EDUCACIONAL                                                                              ;2036;APOIO ADMINISTRATIVO ÀS AÇÕES DE EDUCAÇÃO DA REDE MUNICIPAL DE ENSINO                                                                                                                                   ;0540;TRANSFERÊNCIAS DO FUNDEB - IMPOSTOS E TRANSFERÊNCIAS DE;0.0;12500000.0;10289456.92;882842.24;785729.59
2026;2;10  ;SAÚDE                                                  ;301 ;ATENÇÃO BÁSICA                                                                                                          ;1216;FORTALECIMENTO E QUALIFICAÇÃO DA ATENÇÃO BÁSICA EM SAÚDE                                                                ;2620;IMPLEMENTAÇÃO DAS ESTRATÉGIAS PARA GRUPOS ESPECÍFICOS                                                                                                                                                   ;0500;RECURSOS NÃO VINCULADOS DE IMPOSTOS                    ;0.0;374910.0;877226.78;216802.53;1265.4
2026;2;12  ;EDUCAÇÃO                                               ;365 ;EDUCAÇÃO INFANTIL                                                                                                       ;1247;PROMOÇÃO E FORTALECIMENTO DA POLÍTICA DA PRIMEIRA INFÂNCIA                                                              ;2113;APOIO À PRIMEIRA INFÂNCIA                                                                                                                                                                               ;0500;RECURSOS NÃO VINCULADOS DE IMPOSTOS                    ;0.0;0.0;135000.0;40000.0;0.0
2026;2;23  ;COMÉRCIO E SERVIÇOS                                    ;691 ;PROMOÇÃO COMERCIAL                                                                                                      ;1310;REQUALIFICAÇÃO, AMPLIAÇÃO E REORDENAMENTO DOS ESPAÇOS PÚBLICOS                                                          ;1587;CONSTRUÇÃO E RECUPERAÇÃO DE MERCADOS, FEIRAS, ESPAÇOS PARA O COMÉRCIO POPULAR E OUTROS ESPAÇOS PÚBLICOS                                                                                                 ;0500;RECURSOS NÃO VINCULADOS DE IMPOSTOS                    ;0.0;0.0;701432.94;701432.94;638303.98
2026;2;10  ;SAÚDE                                                  ;301 ;ATENÇÃO BÁSICA                                                                                                          ;2107;GESTÃO DAS POLÍTICAS MUNICIPAIS DE SAÚDE                                                                                ;2074;COORDENAÇÃO, SUPERVISÃO E EXECUÇÃO DAS POLÍTICAS DE SAÚDE NA ATENÇÃO BÁSICA                                                                                                                             ;0500;RECURSOS NÃO VINCULADOS DE IMPOSTOS                    ;0.0;-15133597.01;50491250.87;50491250.87;49998871.35
2026;2;12  ;EDUCAÇÃO                                               ;361 ;ENSINO FUNDAMENTAL                                                                                                      ;1249;AMPLIAÇÃO E GESTÃO DA REDE DE ENSINO FUNDAMENTAL                                                                        ;2178;UNIVERSALIZAÇÃO E QUALIFICAÇÃO DO ENSINO FUNDAMENTAL                                                                                                                                                    ;0543;TRANSFERÊNCIAS DO FUNDEB - COMPLEMENTAÇÃO DA UNIÃO - VA;0.0;51695.16;0.0;0.0;0.0
2026;2;04  ;ADMINISTRAÇÃO                                          ;273 ;PREVIDÊNCIA COMPLEMENTAR                                                                                                ;3101;GESTÃO DOS ENCARGOS GERAIS DO MUNICÍPIO                                                                                 ;9022;ENCARGOS COM A PREVIDÊNCIA SOCIAL DOS SERVIDORES - REGIME GERAL                                                                                                                                         ;0500;RECURSOS NÃO VINCULADOS DE IMPOSTOS                    ;0.0;0.0;1013688.35;4333053.8;4333053.8
2026;2;15  ;URBANISMO                                              ;122 ;ADMINISTRAÇÃO GERAL                                                                                                     ;2161;GESTÃO ADMINISTRATIVA DOS ÓRGÃOS, ENTIDADES E FUNDOS MUNICIPAIS                                                         ;2723;APOIO ADMINISTRATIVO ÀS AÇÕES DA UNIDADE ORÇAMENTÁRIA                                                                                                                                                   ;0500;RECURSOS NÃO VINCULADOS DE IMPOSTOS                    ;0.0;-467883.0;14052915.07;11966981.03;13261393.2
2026;2;10  ;SAÚDE                                                  ;301 ;ATENÇÃO BÁSICA                                                                                                          ;2107;GESTÃO DAS POLÍTICAS MUNICIPAIS DE SAÚDE                                                                                ;2074;COORDENAÇÃO, SUPERVISÃO E EXECUÇÃO DAS POLÍTICAS DE SAÚDE NA ATENÇÃO BÁSICA                                                                                                                             ;0605;ASSIST. FINANCEIRA DA UNIÃO - COMPLEMENTAÇÃO PISOS SALA;0.0;1300000.0;0.0;0.0;0.0
2026;2;12  ;EDUCAÇÃO                                               ;361 ;ENSINO FUNDAMENTAL                                                                                                      ;2110;GESTÃO DAS POLÍTICAS MUNICIPAIS DE EDUCAÇÃO                                                                             ;2035;COORDENAÇÃO, SUPERVISÃO E EXECUÇÃO DAS POLÍTICAS DE EDUCAÇÃO                                                                                                                                            ;0500;RECURSOS NÃO VINCULADOS DE IMPOSTOS                    ;0.0;300000.0;3780072.35;3860849.76;5056866.46
2026;2;10  ;SAÚDE                                                  ;305 ;VIGILÂNCIA EPIDEMIOLÓGICA                                                                                               ;1217;FORTALECIMENTO DAS AÇÕES DE VIGILÂNCIA EM SAÚDE                                                                         ;2087;FORTALECIMENTO DAS AÇÕES DE VIGILÂNCIA EPIDEMIOLÓGICA PARA O CONTROLE DE DOENÇAS E AGRAVOS                                                                                                              ;0500;RECURSOS NÃO VINCULADOS DE IMPOSTOS                    ;0.0;0.0;0.0;6490.0;0.0
2026;2;04  ;ADMINISTRAÇÃO                                          ;122 ;ADMINISTRAÇÃO GERAL                                                                                                     ;3101;GESTÃO DOS ENCARGOS GERAIS DO MUNICÍPIO                                                                                 ;2048;ENCARGOS GERAIS COMUNS AOS DIVERSOS ÓRGÃOS                                                                                                                                                              ;0500;RECURSOS NÃO VINCULADOS DE IMPOSTOS                    ;0.0;-1043472.07;7797839.66;6621779.86;6626120.6
2026;2;10  ;SAÚDE                                                  ;302 ;ASSISTÊNCIA HOSPITALAR E AMBULATORIAL                                                                                   ;1238;FORTALECIMENTO E QUALIFICAÇÃO DA ATENÇÃO À SAÚDE DE MÉDIA E ALTA COMPLEXIDADE                                           ;2085;GARANTIA DA OFERTA DE PROCEDIMENTOS ATRAVÉS DA REDE PRÓPRIA                                                                                                                                             ;0600;TRANSF. FUNDO A FUNDO SUS GOV. FED. - BL. MANUTENÇÃO SE;0.0;-561115.88;70648659.34;18397414.12;15208739.98
2026;2;15  ;URBANISMO                                              ;451 ;INFRA-ESTRUTURA URBANA                                                                                                  ;1323;MANUTENÇÃO URBANA                                                                                                       ;2566;REQUALIFICAÇÃO DE ESPAÇOS DE INTERESSE PÚBLICO                                                                                                                                                          ;0500;RECURSOS NÃO VINCULADOS DE IMPOSTOS                    ;0.0;0.0;720000.0;0.0;0.0
2026;2;28  ;ENCARGOS ESPECIAIS                                     ;843 ;SERVIÇO DA DÍVIDA INTERNA                                                                                               ;3101;GESTÃO DOS ENCARGOS GERAIS DO MUNICÍPIO                                                                                 ;9001;ENCARGOS DA DÍVIDA PÚBLICA INTERNA                                                                                                                                                                      ;0500;RECURSOS NÃO VINCULADOS DE IMPOSTOS                    ;0.0;20000000.0;86119098.57;81339677.98;43302913.23
2026;2;08  ;ASSISTÊNCIA SOCIAL                                     ;244 ;ASSISTÊNCIA COMUNITÁRIA                                                                                                 ;1204;FORTALECIMENTO DO SISTEMA ÚNICO DE ASSISTÊNCIA SOCIAL                                                                   ;2519;DESENVOLVIMENTO DAS AÇÕES DE PROTEÇÃO SOCIAL ESPECIAL                                                                                                                                                   ;0754;RECURSOS DE OPERAÇÕES DE CRÉDITO                       ;0.0;1364585.29;1364585.29;0.0;0.0
2026;2;18  ;GESTÃO AMBIENTAL                                       ;122 ;ADMINISTRAÇÃO GERAL                                                                                                     ;2161;GESTÃO ADMINISTRATIVA DOS ÓRGÃOS, ENTIDADES E FUNDOS MUNICIPAIS                                                         ;2723;APOIO ADMINISTRATIVO ÀS AÇÕES DA UNIDADE ORÇAMENTÁRIA                                                                                                                                                   ;0753;RECURSOS PROVENIENTES DE TAXAS E CONTRIBUIÇÕES         ;0.0;24000.0;71556.95;0.0;0.0
2026;2;15  ;URBANISMO                                              ;451 ;INFRA-ESTRUTURA URBANA                                                                                                  ;1325;REQUALIFICAÇÃO E RESILIÊNCIA URBANA EM ÁREAS DE VULNERABILIDADE SOCIOAMBIENTAL                                          ;1028;AMPLIAÇÃO E MELHORIA DA INFRAESTRUTURA URBANA                                                                                                                                                           ;0754;RECURSOS DE OPERAÇÕES DE CRÉDITO                       ;0.0;0.0;20357435.17;18021561.76;17760209.62
2026;2;10  ;SAÚDE                                                  ;301 ;ATENÇÃO BÁSICA                                                                                                          ;1216;FORTALECIMENTO E QUALIFICAÇÃO DA ATENÇÃO BÁSICA EM SAÚDE                                                                ;2724;MANUTENÇÃO DA REDE BÁSICA DE SAÚDE                                                                                                                                                                      ;0621;TRANSF. FUNDO A FUNDO SUS PROV. DO GOVERNO ESTADUAL    ;0.0;-3272552.7;0.0;0.0;0.0
2026;2;15  ;URBANISMO                                              ;451 ;INFRA-ESTRUTURA URBANA                                                                                                  ;1323;MANUTENÇÃO URBANA                                                                                                       ;2566;REQUALIFICAÇÃO DE ESPAÇOS DE INTERESSE PÚBLICO                                                                                                                                                          ;0501;OUTROS RECURSOS NÃO VINCULADOS                         ;0.0;0.0;1709642.47;3765778.48;2770364.34
2026;2;15  ;URBANISMO                                              ;273 ;PREVIDÊNCIA COMPLEMENTAR                                                                                                ;3101;GESTÃO DOS ENCARGOS GERAIS DO MUNICÍPIO                                                                                 ;9022;ENCARGOS COM A PREVIDÊNCIA SOCIAL DOS SERVIDORES - REGIME GERAL                                                                                                                                         ;0501;OUTROS RECURSOS NÃO VINCULADOS                         ;0.0;0.0;24670646.69;2426924.08;2426924.08
2026;2;12  ;EDUCAÇÃO                                               ;367 ;EDUCAÇÃO ESPECIAL                                                                                                       ;1206;ORGANIZAÇÃO EFICAZ DO ENSINO E DA APRENDIZAGEM                                                                          ;2182;IMPLEMENTAÇÃO DE MECANISMOS DE INCLUSÃO ESC. PARA ESTUDANTES COM DEFICIÊNCIAS E/OU DOENÇAS RARAS. (EP)                                                                                                  ;0500;RECURSOS NÃO VINCULADOS DE IMPOSTOS                    ;0.0;0.0;3715374.08;922018.88;792300.95
2026;2;15  ;URBANISMO                                              ;273 ;PREVIDÊNCIA COMPLEMENTAR                                                                                                ;3101;GESTÃO DOS ENCARGOS GERAIS DO MUNICÍPIO                                                                                 ;9022;ENCARGOS COM A PREVIDÊNCIA SOCIAL DOS SERVIDORES - REGIME GERAL                                                                                                                                         ;0751;RECURSOS DA COSIP                                      ;0.0;0.0;2000000.0;72047.4;72047.4
2026;2;03  ;ESSENCIAL À JUSTIÇA                                    ;129 ;ADMINISTRAÇÃO DE RECEITAS                                                                                               ;2160;GESTÃO DAS POLÍTICAS MUNICIPAIS                                                                                         ;2866;OTIMIZAÇÃO DA ARRECADAÇÃO DA DÍVIDA ATIVA DO MUNICÍPIO DO RECIFE                                                                                                                                        ;0500;RECURSOS NÃO VINCULADOS DE IMPOSTOS                    ;0.0;70000.0;66764.78;66764.78;0.0
2026;2;15  ;URBANISMO                                              ;122 ;ADMINISTRAÇÃO GERAL                                                                                                     ;2161;GESTÃO ADMINISTRATIVA DOS ÓRGÃOS, ENTIDADES E FUNDOS MUNICIPAIS                                                         ;2723;APOIO ADMINISTRATIVO ÀS AÇÕES DA UNIDADE ORÇAMENTÁRIA                                                                                                                                                   ;0501;OUTROS RECURSOS NÃO VINCULADOS                         ;0.0;224507.92;4916167.67;2814246.36;1324390.28
2026;2;15  ;URBANISMO                                              ;453 ;TRANSPORTES COLETIVOS URBANOS                                                                                           ;1304;MOBILIDADE URBANA E ACESSIBILIDADE                                                                                      ;2510;GERENCIAMENTO DO TRÂNSITO E DO TRANSPORTE PÚBLICO                                                                                                                                                       ;0751;RECURSOS DA COSIP                                      ;0.0;0.0;0.0;42261.42;42261.42
2026;2;12  ;EDUCAÇÃO                                               ;361 ;ENSINO FUNDAMENTAL                                                                                                      ;1214;APOIO SOCIAL A ESTUDANTES DA REDE MUNICIPAL DE ENSINO                                                                   ;2107;DESENVOLVIMENTO DE PROGRAMAS SUPLEMENTARES PARA O ENSINO NA REDE MUNICIPAL                                                                                                                              ;0500;RECURSOS NÃO VINCULADOS DE IMPOSTOS                    ;0.0;-15000000.0;588312.09;906610.64;840755.15
2026;2;10  ;SAÚDE                                                  ;302 ;ASSISTÊNCIA HOSPITALAR E AMBULATORIAL                                                                                   ;1236;EXPANSÃO E MELHORIA NA INFRAESTRUTURA DE ATENDIMENTO EM SAÚDE                                                           ;1658;CONSTRUÇÃO, REFORMA, AMPLIAÇÃO E EQUIPAGEM DE UNIDADES DE SAÚDE NA MÉDIA E ALTA COMPLEXIDADE                                                                                                            ;0631;TRANSF. DO GOV. FEDERAL - CONVÊNIOS E INSTRUM. CONGÊNER;0.0;3295378.99;0.0;0.0;0.0
2026;2;13  ;CULTURA                                                ;392 ;DIFUSÃO CULTURAL                                                                                                        ;1211;VALORIZAÇÃO DA CULTURA                                                                                                  ;2579;PROMOÇÃO DE EVENTOS E FESTIVIDADES CULTURAIS E TRADICIONAIS                                                                                                                                             ;0500;RECURSOS NÃO VINCULADOS DE IMPOSTOS                    ;0.0;32857708.5;66803473.87;13529810.51;12963835.67
2026;2;27  ;DESPORTO E LAZER                                       ;812 ;DESPORTO COMUNITÁRIO                                                                                                    ;1226;PROMOÇÃO DE POLÍTICAS DE INCENTIVO AO ESPORTE E PRÁTICA DE EXERCÍCIO FÍSICO PARA PROMOÇÃO DA SAÚDE                      ;2281;MELHORIA E AMPLIAÇÃO DA REDE FÍSICA DE ESPORTE E REDE DE EXERCÍCIO FÍSICO NA SAÚDE                                                                                                                      ;0706;TRANSFERÊNCIA ESPECIAL DA UNIÃO                        ;0.0;1411250.0;1411250.0;0.0;0.0
2026;2;27  ;DESPORTO E LAZER                                       ;812 ;DESPORTO COMUNITÁRIO                                                                                                    ;1226;PROMOÇÃO DE POLÍTICAS DE INCENTIVO AO ESPORTE E PRÁTICA DE EXERCÍCIO FÍSICO PARA PROMOÇÃO DA SAÚDE                      ;2863;INCENTIVO AO ESPORTE NO RECIFE                                                                                                                                                                          ;0500;RECURSOS NÃO VINCULADOS DE IMPOSTOS                    ;0.0;-1474724.0;130617.14;780929.55;780929.55
2026;2;04  ;ADMINISTRAÇÃO                                          ;122 ;ADMINISTRAÇÃO GERAL                                                                                                     ;2160;GESTÃO DAS POLÍTICAS MUNICIPAIS                                                                                         ;2027;COORDENAÇÃO, SUPERVISÃO E EXECUÇÃO DAS AÇÕES MUNICIPAIS DE ADMINISTRAÇÃO                                                                                                                                ;0799;OUTRAS VINCULAÇÕES LEGAIS                              ;0.0;0.0;0.0;88130.01;85997.54
2026;2;15  ;URBANISMO                                              ;453 ;TRANSPORTES COLETIVOS URBANOS                                                                                           ;1304;MOBILIDADE URBANA E ACESSIBILIDADE                                                                                      ;2510;GERENCIAMENTO DO TRÂNSITO E DO TRANSPORTE PÚBLICO                                                                                                                                                       ;0501;OUTROS RECURSOS NÃO VINCULADOS                         ;0.0;-224507.92;98945.7;0.0;0.0
2026;2;23  ;COMÉRCIO E SERVIÇOS                                    ;691 ;PROMOÇÃO COMERCIAL                                                                                                      ;1310;REQUALIFICAÇÃO, AMPLIAÇÃO E REORDENAMENTO DOS ESPAÇOS PÚBLICOS                                                          ;2548;GERENCIAMENTO DOS MERCADOS, FEIRAS E OUTROS ESPAÇOS PÚBLICOS                                                                                                                                            ;0500;RECURSOS NÃO VINCULADOS DE IMPOSTOS                    ;0.0;0.0;-9.0;452496.85;464971.04
2026;2;15  ;URBANISMO                                              ;272 ;PREVIDÊNCIA DO REGIME ESTATUTÁRIO                                                                                       ;3101;GESTÃO DOS ENCARGOS GERAIS DO MUNICÍPIO                                                                                 ;9021;ENCARGOS COM A PREVIDÊNCIA SOCIAL DOS SERVIDORES - REGIME PRÓPRIO                                                                                                                                       ;0500;RECURSOS NÃO VINCULADOS DE IMPOSTOS                    ;0.0;0.0;9436.25;9436.25;9436.25
2026;2;10  ;SAÚDE                                                  ;301 ;ATENÇÃO BÁSICA                                                                                                          ;1236;EXPANSÃO E MELHORIA NA INFRAESTRUTURA DE ATENDIMENTO EM SAÚDE                                                           ;1032;CONSTRUÇÃO, REFORMA, AMPLIAÇÃO E EQUIPAGEM DE UNIDADES DE SAÚDE NA ATENÇÃO BÁSICA                                                                                                                       ;0762;RECURSOS DE ALIENAÇÃO DE ATIVOS - CESSÃO DE DIREITOS CR;0.0;0.0;0.0;0.0;0.0
2026;2;10  ;SAÚDE                                                  ;302 ;ASSISTÊNCIA HOSPITALAR E AMBULATORIAL                                                                                   ;1238;FORTALECIMENTO E QUALIFICAÇÃO DA ATENÇÃO À SAÚDE DE MÉDIA E ALTA COMPLEXIDADE                                           ;2883;GARANTIA DA OFERTA DE PROCEDIMENTOS ATRAVÉS DA REDE COMPLEMENTAR                                                                                                                                        ;0600;TRANSF. FUNDO A FUNDO SUS GOV. FED. - BL. MANUTENÇÃO SE;0.0;0.0;51591769.45;14634851.86;13541882.7
2026;2;12  ;EDUCAÇÃO                                               ;361 ;ENSINO FUNDAMENTAL                                                                                                      ;1249;AMPLIAÇÃO E GESTÃO DA REDE DE ENSINO FUNDAMENTAL                                                                        ;2178;UNIVERSALIZAÇÃO E QUALIFICAÇÃO DO ENSINO FUNDAMENTAL                                                                                                                                                    ;0540;TRANSFERÊNCIAS DO FUNDEB - IMPOSTOS E TRANSFERÊNCIAS DE;0.0;500000.0;29516215.77;29229765.77;31688295.6
2026;2;15  ;URBANISMO                                              ;182 ;DEFESA CIVIL                                                                                                            ;1303;GESTÃO DE RISCO EM ENCOSTAS E ALAGADOS                                                                                  ;2211;DEFESA CIVIL PERMANENTE                                                                                                                                                                                 ;0754;RECURSOS DE OPERAÇÕES DE CRÉDITO                       ;0.0;-2772846.21;1600214.25;716714.64;627217.69
2026;2;15  ;URBANISMO                                              ;331 ;PROTEÇÃO E BENEFÍCIOS AO TRABALHADOR                                                                                    ;3101;GESTÃO DOS ENCARGOS GERAIS DO MUNICÍPIO                                                                                 ;2153;ENCARGOS COM BENEFÍCIOS AOS SERVIDORES                                                                                                                                                                  ;0753;RECURSOS PROVENIENTES DE TAXAS E CONTRIBUIÇÕES         ;0.0;0.0;0.0;56733.41;56181.41
2026;2;10  ;SAÚDE                                                  ;846 ;OUTROS ENCARGOS ESPECIAIS                                                                                               ;3102;GESTÃO DOS ENCARGOS GERAIS DO SETOR DE SAÚDE                                                                            ;2158;ENCARGOS COM BENEFÍCIOS AOS SERVIDORES DO SETOR DE SAÚDE                                                                                                                                                ;0500;RECURSOS NÃO VINCULADOS DE IMPOSTOS                    ;0.0;0.0;0.0;1005926.57;1005926.57
2026;2;15  ;URBANISMO                                              ;846 ;OUTROS ENCARGOS ESPECIAIS                                                                                               ;3101;GESTÃO DOS ENCARGOS GERAIS DO MUNICÍPIO                                                                                 ;2705;ENCARGOS COM O FGTS DOS SERVIDORES                                                                                                                                                                      ;0500;RECURSOS NÃO VINCULADOS DE IMPOSTOS                    ;0.0;0.0;0.0;43332.14;42740.16
2026;2;17  ;SANEAMENTO                                             ;512 ;SANEAMENTO BÁSICO URBANO                                                                                                ;1220;PROMOÇÃO DE POLÍTICAS DE SANEAMENTO                                                                                     ;2044;MANUTENÇÃO DOS SISTEMAS DE ESGOTAMENTO SANITÁRIO                                                                                                                                                        ;0500;RECURSOS NÃO VINCULADOS DE IMPOSTOS                    ;0.0;0.0;3250000.0;940382.67;888661.64
2026;2;13  ;CULTURA                                                ;392 ;DIFUSÃO CULTURAL                                                                                                        ;2160;GESTÃO DAS POLÍTICAS MUNICIPAIS                                                                                         ;2212;COORDENAÇÃO, SUPERVISÃO E EXECUÇÃO DAS POLÍTICAS DE CULTURA DO MUNICÍPIO                                                                                                                                ;0500;RECURSOS NÃO VINCULADOS DE IMPOSTOS                    ;0.0;310000.0;1449804.12;1267124.57;1279728.65
2026;2;09  ;PREVIDÊNCIA SOCIAL                                     ;272 ;PREVIDÊNCIA DO REGIME ESTATUTÁRIO                                                                                       ;3101;GESTÃO DOS ENCARGOS GERAIS DO MUNICÍPIO                                                                                 ;9007;ENCARGOS COM INATIVOS E PENSIONISTAS DO SETOR EDUCACIONAL - REGIME PRÓPRIO DO MUNICÍPIO                                                                                                                 ;0800;RECURSOS VINC. AO RPPS - FUNDO CAPIT. (PLANO PREV.)    ;0.0;8000000.0;16083558.0;16083558.0;14379070.75
2026;2;04  ;ADMINISTRAÇÃO                                          ;846 ;OUTROS ENCARGOS ESPECIAIS                                                                                               ;3101;GESTÃO DOS ENCARGOS GERAIS DO MUNICÍPIO                                                                                 ;2703;ENCARGOS COM O INSS SOBRE SERVIÇOS PRESTADOS, POR PESSOA FÍSICA, À PREFEITURA DO RECIFE - ADMINISTRAÇÃO DIRETA                                                                                          ;0500;RECURSOS NÃO VINCULADOS DE IMPOSTOS                    ;0.0;0.0;185000.0;0.0;0.0
2026;2;10  ;SAÚDE                                                  ;305 ;VIGILÂNCIA EPIDEMIOLÓGICA                                                                                               ;1217;FORTALECIMENTO DAS AÇÕES DE VIGILÂNCIA EM SAÚDE                                                                         ;2612;FORTALECIMENTO DAS AÇÕES DE VIGILÂNCIA AMBIENTAL PARA O CONTROLE DE DOENÇAS E AGRAVOS                                                                                                                   ;0500;RECURSOS NÃO VINCULADOS DE IMPOSTOS                    ;0.0;397690.0;333596.96;298196.96;249606.0
2026;2;14  ;DIREITOS DA CIDADANIA                                  ;422 ;DIREITOS INDIVIDUAIS, COLETIVOS E DIFUSOS                                                                               ;1227;PROGRAMA DE PARTICIPAÇÃO CIDADÃ - TODOS PELO RECIFE                                                                     ;2242;ESTRUTURAÇÃO DE CANAIS DE FOMENTO À PARTICIPAÇÃO POPULAR NA GESTÃO DA PREFEITURA                                                                                                                        ;0500;RECURSOS NÃO VINCULADOS DE IMPOSTOS                    ;0.0;0.0;1600000.0;149956.24;149956.24
2026;2;17  ;SANEAMENTO                                             ;512 ;SANEAMENTO BÁSICO URBANO                                                                                                ;1220;PROMOÇÃO DE POLÍTICAS DE SANEAMENTO                                                                                     ;1252;SANEAMENTO INTEGRADO                                                                                                                                                                                    ;0754;RECURSOS DE OPERAÇÕES DE CRÉDITO                       ;0.0;5216660.49;3731862.24;3259533.93;3259533.93
2026;2;12  ;EDUCAÇÃO                                               ;361 ;ENSINO FUNDAMENTAL                                                                                                      ;2167;GESTÃO ADMINISTRATIVA DO SETOR EDUCACIONAL                                                                              ;2036;APOIO ADMINISTRATIVO ÀS AÇÕES DE EDUCAÇÃO DA REDE MUNICIPAL DE ENSINO                                                                                                                                   ;0500;RECURSOS NÃO VINCULADOS DE IMPOSTOS                    ;0.0;-300000.0;15502287.02;2356604.73;1884116.91
2026;2;18  ;GESTÃO AMBIENTAL                                       ;541 ;PRESERVAÇÃO E CONSERVAÇÃO AMBIENTAL                                                                                     ;1302;FORTALECIMENTO DAS POLÍTICAS INTEGRADAS DE SUSTENTABILIDADE AMBIENTAL                                                   ;2032;AÇÕES PARA O DESENVOLVIMENTO DA CIDADE SUSTENTÁVEL                                                                                                                                                      ;0753;RECURSOS PROVENIENTES DE TAXAS E CONTRIBUIÇÕES         ;0.0;-24000.0;0.0;0.0;0.0
2026;2;12  ;EDUCAÇÃO                                               ;306 ;ALIMENTAÇÃO E NUTRIÇÃO                                                                                                  ;1207;SUPORTE E APOIO EFETIVOS PARA UMA EDUCAÇÃO DE QUALIDADE                                                                 ;2127;ALIMENTAÇÃO ESCOLAR                                                                                                                                                                                     ;0550;TRANSFERÊNCIA DO SALÁRIO-EDUCAÇÃO                      ;0.0;0.0;16413624.0;7916642.35;7916642.35
2026;2;18  ;GESTÃO AMBIENTAL                                       ;122 ;ADMINISTRAÇÃO GERAL                                                                                                     ;2161;GESTÃO ADMINISTRATIVA DOS ÓRGÃOS, ENTIDADES E FUNDOS MUNICIPAIS                                                         ;2723;APOIO ADMINISTRATIVO ÀS AÇÕES DA UNIDADE ORÇAMENTÁRIA                                                                                                                                                   ;0500;RECURSOS NÃO VINCULADOS DE IMPOSTOS                    ;0.0;0.0;579812.62;99872.15;98664.39
2026;2;04  ;ADMINISTRAÇÃO                                          ;846 ;OUTROS ENCARGOS ESPECIAIS                                                                                               ;3101;GESTÃO DOS ENCARGOS GERAIS DO MUNICÍPIO                                                                                 ;2701;ENCARGOS COM OBRIGAÇÕES TRIBUTÁRIAS E CONTRIBUTIVAS                                                                                                                                                     ;0500;RECURSOS NÃO VINCULADOS DE IMPOSTOS                    ;0.0;1003119.55;209241.22;209241.22;209241.22
2026;2;27  ;DESPORTO E LAZER                                       ;695 ;TURISMO                                                                                                                 ;2160;GESTÃO DAS POLÍTICAS MUNICIPAIS                                                                                         ;2280;COORDENAÇÃO, SUPERVISÃO E EXECUÇÃO DAS POLÍTICAS DE TURISMO E LAZER                                                                                                                                     ;0500;RECURSOS NÃO VINCULADOS DE IMPOSTOS                    ;0.0;755000.0;1029383.34;3527951.16;3355684.36
2026;2;15  ;URBANISMO                                              ;451 ;INFRA-ESTRUTURA URBANA                                                                                                  ;2160;GESTÃO DAS POLÍTICAS MUNICIPAIS                                                                                         ;2023;COORDENAÇÃO, SUPERVISÃO E EXECUÇÃO DO DESENVOLVIMENTO URBANO E DO LICENCIAMENTO                                                                                                                         ;0500;RECURSOS NÃO VINCULADOS DE IMPOSTOS                    ;0.0;0.0;5165785.16;5165785.16;5181861.17
2026;2;04  ;ADMINISTRAÇÃO                                          ;129 ;ADMINISTRAÇÃO DE RECEITAS                                                                                               ;2122;GESTÃO PÚBLICA DE EXCELÊNCIA                                                                                            ;1040;MODERNIZAÇÃO ADMINISTRATIVA E FISCAL DO MUNICÍPIO                                                                                                                                                       ;0754;RECURSOS DE OPERAÇÕES DE CRÉDITO                       ;0.0;0.0;0.0;0.0;0.0
2026;2;12  ;EDUCAÇÃO                                               ;365 ;EDUCAÇÃO INFANTIL                                                                                                       ;1247;PROMOÇÃO E FORTALECIMENTO DA POLÍTICA DA PRIMEIRA INFÂNCIA                                                              ;2179;AMPLIAÇÃO E DESENVOLVIMENTO DA EDUCAÇÃO INFANTIL                                                                                                                                                        ;0500;RECURSOS NÃO VINCULADOS DE IMPOSTOS                    ;0.0;15000000.0;64766528.44;16674056.43;15835035.66
2026;2;10  ;SAÚDE                                                  ;302 ;ASSISTÊNCIA HOSPITALAR E AMBULATORIAL                                                                                   ;1238;FORTALECIMENTO E QUALIFICAÇÃO DA ATENÇÃO À SAÚDE DE MÉDIA E ALTA COMPLEXIDADE                                           ;2883;GARANTIA DA OFERTA DE PROCEDIMENTOS ATRAVÉS DA REDE COMPLEMENTAR                                                                                                                                        ;0601;TRANSF. FUNDO A FUNDO SUS GOV. FED. - BL. ESTRUTURAÇÃO ;0.0;-754249.33;0.0;0.0;0.0
2026;2;09  ;PREVIDÊNCIA SOCIAL                                     ;272 ;PREVIDÊNCIA DO REGIME ESTATUTÁRIO                                                                                       ;3101;GESTÃO DOS ENCARGOS GERAIS DO MUNICÍPIO                                                                                 ;9008;ENCARGOS COM INATIVOS E PENSIONISTAS DA FCCR - REGIME PRÓPRIO DO MUNICÍPIO                                                                                                                              ;0762;RECURSOS DE ALIENAÇÃO DE ATIVOS - CESSÃO DE DIREITOS CR;0.0;400000.0;381038.11;381038.11;305524.28
2026;2;09  ;PREVIDÊNCIA SOCIAL                                     ;272 ;PREVIDÊNCIA DO REGIME ESTATUTÁRIO                                                                                       ;4103;GESTÃO DOS ENCARGOS DA CÂMARA MUNICIPAL DO RECIFE                                                                       ;9013;ENCARGOS COM INATIVOS E PENSIONISTAS DA CMR INTEGRANTES DO SISTEMA PREVIDENCIÁRIO - REGIME PRÓPRIO DO MUNICÍPIO                                                                                         ;0762;RECURSOS DE ALIENAÇÃO DE ATIVOS - CESSÃO DE DIREITOS CR;0.0;350000.0;327740.51;327740.51;237461.51
2026;2;15  ;URBANISMO                                              ;453 ;TRANSPORTES COLETIVOS URBANOS                                                                                           ;1304;MOBILIDADE URBANA E ACESSIBILIDADE                                                                                      ;2510;GERENCIAMENTO DO TRÂNSITO E DO TRANSPORTE PÚBLICO                                                                                                                                                       ;0500;RECURSOS NÃO VINCULADOS DE IMPOSTOS                    ;0.0;0.0;276936.12;336516.26;336516.26
2026;2;28  ;ENCARGOS ESPECIAIS                                     ;846 ;OUTROS ENCARGOS ESPECIAIS                                                                                               ;3101;GESTÃO DOS ENCARGOS GERAIS DO MUNICÍPIO                                                                                 ;9002;CONTRIBUIÇÕES PARA O PIS/PASEP                                                                                                                                                                          ;0704;TRANSF. UNIÃO - COMPENSAÇÕES FINANCEIRAS PELA EXPL. DE ;0.0;0.0;0.0;3.74;7.44
2026;2;27  ;DESPORTO E LAZER                                       ;812 ;DESPORTO COMUNITÁRIO                                                                                                    ;2160;GESTÃO DAS POLÍTICAS MUNICIPAIS                                                                                         ;2028;COORDENAÇÃO, SUPERVISÃO E EXECUÇÃO DA POLÍTICA DE ESPORTES                                                                                                                                              ;0500;RECURSOS NÃO VINCULADOS DE IMPOSTOS                    ;0.0;0.0;466910.9;466910.9;464994.67
2026;2;14  ;DIREITOS DA CIDADANIA                                  ;422 ;DIREITOS INDIVIDUAIS, COLETIVOS E DIFUSOS                                                                               ;1252;PROMOÇÃO DOS DIREITOS HUMANOS, CIDADANIA E IGUALDADE ÉTNICO-RACIAL                                                      ;2076;PREVENÇÃO DA VIOLÊNCIA DE GÊNERO                                                                                                                                                                        ;0500;RECURSOS NÃO VINCULADOS DE IMPOSTOS                    ;0.0;0.0;0.0;0.0;0.0
2026;2;10  ;SAÚDE                                                  ;305 ;VIGILÂNCIA EPIDEMIOLÓGICA                                                                                               ;2107;GESTÃO DAS POLÍTICAS MUNICIPAIS DE SAÚDE                                                                                ;2326;COORDENAÇÃO, SUPERVISÃO E EXECUÇÃO DAS POLÍTICAS DE SAÚDE NA VIGILÂNCIA EM SAÚDE                                                                                                                        ;0605;ASSIST. FINANCEIRA DA UNIÃO - COMPLEMENTAÇÃO PISOS SALA;0.0;0.0;0.0;0.0;0.0
2026;2;09  ;PREVIDÊNCIA SOCIAL                                     ;272 ;PREVIDÊNCIA DO REGIME ESTATUTÁRIO                                                                                       ;3101;GESTÃO DOS ENCARGOS GERAIS DO MUNICÍPIO                                                                                 ;9008;ENCARGOS COM INATIVOS E PENSIONISTAS DA FCCR - REGIME PRÓPRIO DO MUNICÍPIO                                                                                                                              ;0800;RECURSOS VINC. AO RPPS - FUNDO CAPIT. (PLANO PREV.)    ;0.0;0.0;169772.62;169772.62;168581.16
2026;2;12  ;EDUCAÇÃO                                               ;361 ;ENSINO FUNDAMENTAL                                                                                                      ;3103;GESTÃO DOS ENCARGOS GERAIS DO SETOR EDUCACIONAL                                                                         ;9021;ENCARGOS COM A PREVIDÊNCIA SOCIAL DOS SERVIDORES - REGIME PRÓPRIO                                                                                                                                       ;0500;RECURSOS NÃO VINCULADOS DE IMPOSTOS                    ;0.0;0.0;7891304.23;8081203.35;16890215.38
2026;2;15  ;URBANISMO                                              ;452 ;SERVIÇOS URBANOS                                                                                                        ;1323;MANUTENÇÃO URBANA                                                                                                       ;2539;MANUTENÇÃO E CONSERVAÇÃO DE ÁREAS VERDES                                                                                                                                                                ;0501;OUTROS RECURSOS NÃO VINCULADOS                         ;0.0;0.0;671773.81;1726245.35;1575395.94
2026;2;23  ;COMÉRCIO E SERVIÇOS                                    ;122 ;ADMINISTRAÇÃO GERAL                                                                                                     ;2161;GESTÃO ADMINISTRATIVA DOS ÓRGÃOS, ENTIDADES E FUNDOS MUNICIPAIS                                                         ;2723;APOIO ADMINISTRATIVO ÀS AÇÕES DA UNIDADE ORÇAMENTÁRIA                                                                                                                                                   ;0500;RECURSOS NÃO VINCULADOS DE IMPOSTOS                    ;0.0;0.0;-414355.8;1359727.46;1320615.83
2026;2;03  ;ESSENCIAL À JUSTIÇA                                    ;091 ;DEFESA DA ORDEM JURÍDICA                                                                                                ;2160;GESTÃO DAS POLÍTICAS MUNICIPAIS                                                                                         ;2030;COORDENAÇÃO, SUPERVISÃO E EXECUÇÃO DAS POLÍTICAS MUNICIPAIS DA PROCURADORIA GERAL DO MUNICÍPIO                                                                                                          ;0500;RECURSOS NÃO VINCULADOS DE IMPOSTOS                    ;0.0;0.0;4335707.24;4335707.24;4334894.21
2026;2;13  ;CULTURA                                                ;392 ;DIFUSÃO CULTURAL                                                                                                        ;1211;VALORIZAÇÃO DA CULTURA                                                                                                  ;2304;PROMOÇÕES DE AÇÕES CULTURAIS                                                                                                                                                                            ;0500;RECURSOS NÃO VINCULADOS DE IMPOSTOS                    ;0.0;-3925774.2;5104749.09;2410692.31;2884776.76
2026;2;12  ;EDUCAÇÃO                                               ;361 ;ENSINO FUNDAMENTAL                                                                                                      ;1207;SUPORTE E APOIO EFETIVOS PARA UMA EDUCAÇÃO DE QUALIDADE                                                                 ;2131;ADEQUAÇÃO E MANUTENÇÃO FÍSICA DA REDE MUNICIPAL DE ENSINO                                                                                                                                               ;0500;RECURSOS NÃO VINCULADOS DE IMPOSTOS                    ;0.0;0.0;734148.31;1977307.61;333619.03
2026;2;12  ;EDUCAÇÃO                                               ;365 ;EDUCAÇÃO INFANTIL                                                                                                       ;1247;PROMOÇÃO E FORTALECIMENTO DA POLÍTICA DA PRIMEIRA INFÂNCIA                                                              ;1036;EXPANSÃO DA REDE FÍSICA DO ENSINO INFANTIL                                                                                                                                                              ;0762;RECURSOS DE ALIENAÇÃO DE ATIVOS - CESSÃO DE DIREITOS CR;0.0;0.0;0.0;0.0;0.0
2026;2;23  ;COMÉRCIO E SERVIÇOS                                    ;331 ;PROTEÇÃO E BENEFÍCIOS AO TRABALHADOR                                                                                    ;3101;GESTÃO DOS ENCARGOS GERAIS DO MUNICÍPIO                                                                                 ;2153;ENCARGOS COM BENEFÍCIOS AOS SERVIDORES                                                                                                                                                                  ;0501;OUTROS RECURSOS NÃO VINCULADOS                         ;0.0;0.0;0.0;79269.73;79269.73
2026;2;12  ;EDUCAÇÃO                                               ;361 ;ENSINO FUNDAMENTAL                                                                                                      ;3103;GESTÃO DOS ENCARGOS GERAIS DO SETOR EDUCACIONAL                                                                         ;9022;ENCARGOS COM A PREVIDÊNCIA SOCIAL DOS SERVIDORES - REGIME GERAL                                                                                                                                         ;0500;RECURSOS NÃO VINCULADOS DE IMPOSTOS                    ;0.0;0.0;2609216.29;1608567.84;1608567.84
2026;2;16  ;HABITAÇÃO                                              ;122 ;ADMINISTRAÇÃO GERAL                                                                                                     ;2160;GESTÃO DAS POLÍTICAS MUNICIPAIS                                                                                         ;2861;COORDENAÇÃO, SUPERVISÃO E EXECUÇÃO DAS POLÍTICAS HABITACIONAIS                                                                                                                                          ;0500;RECURSOS NÃO VINCULADOS DE IMPOSTOS                    ;0.0;0.0;251014.09;290540.47;252306.26
2026;2;18  ;GESTÃO AMBIENTAL                                       ;541 ;PRESERVAÇÃO E CONSERVAÇÃO AMBIENTAL                                                                                     ;1302;FORTALECIMENTO DAS POLÍTICAS INTEGRADAS DE SUSTENTABILIDADE AMBIENTAL                                                   ;2042;PROMOÇÃO DA GESTÃO E A ARTICULAÇÃO DAS AÇÕES AMBIENTAIS                                                                                                                                                 ;0753;RECURSOS PROVENIENTES DE TAXAS E CONTRIBUIÇÕES         ;0.0;0.0;0.0;0.0;0.0
2026;2;09  ;PREVIDÊNCIA SOCIAL                                     ;273 ;PREVIDÊNCIA COMPLEMENTAR                                                                                                ;3101;GESTÃO DOS ENCARGOS GERAIS DO MUNICÍPIO                                                                                 ;9022;ENCARGOS COM A PREVIDÊNCIA SOCIAL DOS SERVIDORES - REGIME GERAL                                                                                                                                         ;0799;OUTRAS VINCULAÇÕES LEGAIS                              ;0.0;0.0;16527.69;16527.69;16527.69
2026;2;09  ;PREVIDÊNCIA SOCIAL                                     ;331 ;PROTEÇÃO E BENEFÍCIOS AO TRABALHADOR                                                                                    ;3101;GESTÃO DOS ENCARGOS GERAIS DO MUNICÍPIO                                                                                 ;2153;ENCARGOS COM BENEFÍCIOS AOS SERVIDORES                                                                                                                                                                  ;0799;OUTRAS VINCULAÇÕES LEGAIS                              ;0.0;0.0;8000.0;832.57;832.57
2026;2;15  ;URBANISMO                                              ;451 ;INFRA-ESTRUTURA URBANA                                                                                                  ;2160;GESTÃO DAS POLÍTICAS MUNICIPAIS                                                                                         ;2191;COORDENAÇÃO, SUPERVISÃO E EXECUÇÃO DAS POLÍTICAS DE INFRAESTRUTURA                                                                                                                                      ;0500;RECURSOS NÃO VINCULADOS DE IMPOSTOS                    ;0.0;0.0;190385.26;190385.26;189519.58
2026;2;16  ;HABITAÇÃO                                              ;482 ;HABITAÇÃO URBANA                                                                                                        ;1219;MELHORIA DAS CONDIÇÕES DE HABITABILIDADE                                                                                ;1038;IMPLEMENTAÇÃO DE PROJETOS HABITACIONAIS                                                                                                                                                                 ;0500;RECURSOS NÃO VINCULADOS DE IMPOSTOS                    ;0.0;0.0;0.0;2985.18;2985.18
2026;2;10  ;SAÚDE                                                  ;301 ;ATENÇÃO BÁSICA                                                                                                          ;1236;EXPANSÃO E MELHORIA NA INFRAESTRUTURA DE ATENDIMENTO EM SAÚDE                                                           ;1032;CONSTRUÇÃO, REFORMA, AMPLIAÇÃO E EQUIPAGEM DE UNIDADES DE SAÚDE NA ATENÇÃO BÁSICA                                                                                                                       ;0754;RECURSOS DE OPERAÇÕES DE CRÉDITO                       ;0.0;0.0;0.0;0.0;0.0
2026;2;15  ;URBANISMO                                              ;451 ;INFRA-ESTRUTURA URBANA                                                                                                  ;1313;REQUALIFICAÇÃO DE ÁREAS DE BAIXA RENDA                                                                                  ;1577;PROJETO CAPIBARIBE MELHOR                                                                                                                                                                               ;0700;OUTRAS TRANSF. CONV. OU INSTRUM. CONGÊNERES - UNIÃO    ;0.0;3236673.62;2301609.3;750276.44;0.0
2026;2;08  ;ASSISTÊNCIA SOCIAL                                     ;244 ;ASSISTÊNCIA COMUNITÁRIA                                                                                                 ;1204;FORTALECIMENTO DO SISTEMA ÚNICO DE ASSISTÊNCIA SOCIAL                                                                   ;2518;DESENVOLVIMENTO DAS AÇÕES DE PROTEÇÃO SOCIAL BÁSICA                                                                                                                                                     ;0500;RECURSOS NÃO VINCULADOS DE IMPOSTOS                    ;0.0;151182.6;4838772.07;1905098.74;1908309.57
2026;2;10  ;SAÚDE                                                  ;305 ;VIGILÂNCIA EPIDEMIOLÓGICA                                                                                               ;1217;FORTALECIMENTO DAS AÇÕES DE VIGILÂNCIA EM SAÚDE                                                                         ;2612;FORTALECIMENTO DAS AÇÕES DE VIGILÂNCIA AMBIENTAL PARA O CONTROLE DE DOENÇAS E AGRAVOS                                                                                                                   ;0604;TRANSF. DO GOV. FEDERAL - VENCIMENTO DOS AGENTES COMUNI;0.0;0.0;3898638.0;3898638.0;3898638.0
2026;2;10  ;SAÚDE                                                  ;302 ;ASSISTÊNCIA HOSPITALAR E AMBULATORIAL                                                                                   ;1238;FORTALECIMENTO E QUALIFICAÇÃO DA ATENÇÃO À SAÚDE DE MÉDIA E ALTA COMPLEXIDADE                                           ;2883;GARANTIA DA OFERTA DE PROCEDIMENTOS ATRAVÉS DA REDE COMPLEMENTAR                                                                                                                                        ;0605;ASSIST. FINANCEIRA DA UNIÃO - COMPLEMENTAÇÃO PISOS SALA;0.0;0.0;401499.92;401499.92;401499.92
2026;2;10  ;SAÚDE                                                  ;301 ;ATENÇÃO BÁSICA                                                                                                          ;1216;FORTALECIMENTO E QUALIFICAÇÃO DA ATENÇÃO BÁSICA EM SAÚDE                                                                ;2620;IMPLEMENTAÇÃO DAS ESTRATÉGIAS PARA GRUPOS ESPECÍFICOS                                                                                                                                                   ;0600;TRANSF. FUNDO A FUNDO SUS GOV. FED. - BL. MANUTENÇÃO SE;0.0;0.0;2000.0;0.0;0.0
2026;2;10  ;SAÚDE                                                  ;302 ;ASSISTÊNCIA HOSPITALAR E AMBULATORIAL                                                                                   ;1238;FORTALECIMENTO E QUALIFICAÇÃO DA ATENÇÃO À SAÚDE DE MÉDIA E ALTA COMPLEXIDADE                                           ;2883;GARANTIA DA OFERTA DE PROCEDIMENTOS ATRAVÉS DA REDE COMPLEMENTAR                                                                                                                                        ;0500;RECURSOS NÃO VINCULADOS DE IMPOSTOS                    ;0.0;0.0;16509060.54;8222531.8;5770657.41
2026;2;10  ;SAÚDE                                                  ;301 ;ATENÇÃO BÁSICA                                                                                                          ;1233;MELHORIA DO ACESSO À ASSISTÊNCIA FARMACÊUTICA                                                                           ;2322;MANUTENÇÃO DO ADEQUADO SUPRIMENTO DA REDE EM ASSISTÊNCIA FARMACÊUTICA NA ATENÇÃO BÁSICA                                                                                                                 ;0621;TRANSF. FUNDO A FUNDO SUS PROV. DO GOVERNO ESTADUAL    ;0.0;0.0;207000.0;207000.0;0.0
2026;2;04  ;ADMINISTRAÇÃO                                          ;272 ;PREVIDÊNCIA DO REGIME ESTATUTÁRIO                                                                                       ;3101;GESTÃO DOS ENCARGOS GERAIS DO MUNICÍPIO                                                                                 ;9021;ENCARGOS COM A PREVIDÊNCIA SOCIAL DOS SERVIDORES - REGIME PRÓPRIO                                                                                                                                       ;0500;RECURSOS NÃO VINCULADOS DE IMPOSTOS                    ;0.0;0.0;0.0;0.0;0.0
2026;2;14  ;DIREITOS DA CIDADANIA                                  ;422 ;DIREITOS INDIVIDUAIS, COLETIVOS E DIFUSOS                                                                               ;1252;PROMOÇÃO DOS DIREITOS HUMANOS, CIDADANIA E IGUALDADE ÉTNICO-RACIAL                                                      ;2093;ESTRUTURAÇÃO E MANUTENÇÃO DOS CENTROS COMUNITÁRIOS DA PAZ - COMPAZ                                                                                                                                      ;0500;RECURSOS NÃO VINCULADOS DE IMPOSTOS                    ;0.0;0.0;2546222.61;1166367.02;817209.44
2026;2;14  ;DIREITOS DA CIDADANIA                                  ;422 ;DIREITOS INDIVIDUAIS, COLETIVOS E DIFUSOS                                                                               ;1222;PROMOÇÃO DOS DIREITOS HUMANOS, CIDADANIA E IGUALDADE ÉTNICO-RACIAL                                                      ;2029;IMPLEMENTAÇÃO DAS AÇÕES DE PROMOÇÃO E DEFESA DOS DIREITOS HUMANOS                                                                                                                                       ;0700;OUTRAS TRANSF. CONV. OU INSTRUM. CONGÊNERES - UNIÃO    ;0.0;-1622274.34;0.0;0.0;0.0
2026;2;15  ;URBANISMO                                              ;453 ;TRANSPORTES COLETIVOS URBANOS                                                                                           ;1304;MOBILIDADE URBANA E ACESSIBILIDADE                                                                                      ;2510;GERENCIAMENTO DO TRÂNSITO E DO TRANSPORTE PÚBLICO                                                                                                                                                       ;0752;RECURSOS VINCULADOS AO TRÂNSITO                        ;0.0;0.0;39712994.64;2214188.73;1284064.65
2026;2;15  ;URBANISMO                                              ;452 ;SERVIÇOS URBANOS                                                                                                        ;1323;MANUTENÇÃO URBANA                                                                                                       ;2541;MANUTENÇÃO DO SISTEMA VIÁRIO                                                                                                                                                                            ;0501;OUTROS RECURSOS NÃO VINCULADOS                         ;0.0;0.0;30300.41;2114887.73;2063811.3
2026;2;04  ;ADMINISTRAÇÃO                                          ;273 ;PREVIDÊNCIA COMPLEMENTAR                                                                                                ;3101;GESTÃO DOS ENCARGOS GERAIS DO MUNICÍPIO                                                                                 ;9033;ENCARGOS COM A PREVIDÊNCIA SOCIAL DOS SERVIDORES - REGIME COMPLEMENTAR                                                                                                                                  ;0500;RECURSOS NÃO VINCULADOS DE IMPOSTOS                    ;0.0;0.0;0.0;15768.7;15768.7
2026;2;09  ;PREVIDÊNCIA SOCIAL                                     ;272 ;PREVIDÊNCIA DO REGIME ESTATUTÁRIO                                                                                       ;3101;GESTÃO DOS ENCARGOS GERAIS DO MUNICÍPIO                                                                                 ;9005;ENCARGOS COM INATIVOS E PENSIONISTAS DO SISTEMA PREVIDENCIÁRIO - REGIME PRÓPRIO DO MUNICÍPIO (ADM. DIRETA)                                                                                              ;0762;RECURSOS DE ALIENAÇÃO DE ATIVOS - CESSÃO DE DIREITOS CR;0.0;18000000.0;17312127.75;17312127.75;13141941.82
2026;2;12  ;EDUCAÇÃO                                               ;361 ;ENSINO FUNDAMENTAL                                                                                                      ;1207;SUPORTE E APOIO EFETIVOS PARA UMA EDUCAÇÃO DE QUALIDADE                                                                 ;1043;EXPANSÃO DA REDE FÍSICA DO ENSINO FUNDAMENTAL                                                                                                                                                           ;0762;RECURSOS DE ALIENAÇÃO DE ATIVOS - CESSÃO DE DIREITOS CR;0.0;0.0;0.0;0.0;0.0
2026;2;27  ;DESPORTO E LAZER                                       ;812 ;DESPORTO COMUNITÁRIO                                                                                                    ;1226;PROMOÇÃO DE POLÍTICAS DE INCENTIVO AO ESPORTE E PRÁTICA DE EXERCÍCIO FÍSICO PARA PROMOÇÃO DA SAÚDE                      ;2281;MELHORIA E AMPLIAÇÃO DA REDE FÍSICA DE ESPORTE E REDE DE EXERCÍCIO FÍSICO NA SAÚDE                                                                                                                      ;0754;RECURSOS DE OPERAÇÕES DE CRÉDITO                       ;0.0;151813.53;9846.53;0.0;0.0
2026;2;15  ;URBANISMO                                              ;451 ;INFRA-ESTRUTURA URBANA                                                                                                  ;1310;REQUALIFICAÇÃO, AMPLIAÇÃO E REORDENAMENTO DOS ESPAÇOS PÚBLICOS                                                          ;2289;GESTÃO DO CONTROLE URBANO                                                                                                                                                                               ;0500;RECURSOS NÃO VINCULADOS DE IMPOSTOS                    ;0.0;0.0;16685294.24;2168962.69;1857825.89
2026;2;10  ;SAÚDE                                                  ;301 ;ATENÇÃO BÁSICA                                                                                                          ;1233;MELHORIA DO ACESSO À ASSISTÊNCIA FARMACÊUTICA                                                                           ;2322;MANUTENÇÃO DO ADEQUADO SUPRIMENTO DA REDE EM ASSISTÊNCIA FARMACÊUTICA NA ATENÇÃO BÁSICA                                                                                                                 ;0500;RECURSOS NÃO VINCULADOS DE IMPOSTOS                    ;0.0;0.0;0.0;0.0;0.0
2026;2;10  ;SAÚDE                                                  ;303 ;SUPORTE PROFILÁTICO E TERAPÊUTICO                                                                                       ;1233;MELHORIA DO ACESSO À ASSISTÊNCIA FARMACÊUTICA                                                                           ;2881;MANUTENÇÃO DO ADEQUADO SUPRIMENTO DA REDE EM ASSISTÊNCIA FARMACÊUTICA                                                                                                                                   ;0500;RECURSOS NÃO VINCULADOS DE IMPOSTOS                    ;0.0;0.0;4150357.89;2838362.48;2794866.94
2026;2;03  ;ESSENCIAL À JUSTIÇA                                    ;122 ;ADMINISTRAÇÃO GERAL                                                                                                     ;2161;GESTÃO ADMINISTRATIVA DOS ÓRGÃOS, ENTIDADES E FUNDOS MUNICIPAIS                                                         ;2723;APOIO ADMINISTRATIVO ÀS AÇÕES DA UNIDADE ORÇAMENTÁRIA                                                                                                                                                   ;0500;RECURSOS NÃO VINCULADOS DE IMPOSTOS                    ;0.0;0.0;451106.73;276725.29;281606.49
2026;2;15  ;URBANISMO                                              ;846 ;OUTROS ENCARGOS ESPECIAIS                                                                                               ;3101;GESTÃO DOS ENCARGOS GERAIS DO MUNICÍPIO                                                                                 ;2704;ENCARGOS COM PARCELAMENTO DE DÉBITOS DE EXERCÍCIOS ANTERIORES                                                                                                                                           ;0500;RECURSOS NÃO VINCULADOS DE IMPOSTOS                    ;0.0;0.0;8748044.36;999054.63;276962.57
2026;2;08  ;ASSISTÊNCIA SOCIAL                                     ;244 ;ASSISTÊNCIA COMUNITÁRIA                                                                                                 ;1324;FORTALECIMENTO DA POLÍTICA DE SEGURANÇA ALIMENTAR E NUTRICIONAL                                                         ;2220;DESENVOLVIMENTO DE AÇÕES DE SEGURANÇA ALIMENTAR E NUTRICIONAL                                                                                                                                           ;0500;RECURSOS NÃO VINCULADOS DE IMPOSTOS                    ;0.0;1571781.35;2271354.94;537781.61;125787.2
2026;2;08  ;ASSISTÊNCIA SOCIAL                                     ;244 ;ASSISTÊNCIA COMUNITÁRIA                                                                                                 ;1204;FORTALECIMENTO DO SISTEMA ÚNICO DE ASSISTÊNCIA SOCIAL                                                                   ;2106;CONTROLE SOCIAL NA GESTÃO DA POLÍTICA MUNICIPAL DE ASSISTÊNCIA SOCIAL                                                                                                                                   ;0660;TRANSFERÊNCIA DE RECURSOS DO FNAS                      ;0.0;0.0;44785.4;35715.3;5562.24
2026;2;15  ;URBANISMO                                              ;452 ;SERVIÇOS URBANOS                                                                                                        ;1323;MANUTENÇÃO URBANA                                                                                                       ;2538;MANUTENÇÃO DO SISTEMA DE ILUMINAÇÃO PÚBLICA                                                                                                                                                             ;0751;RECURSOS DA COSIP                                      ;0.0;0.0;1700298.27;5070085.62;3517917.74
2026;2;15  ;URBANISMO                                              ;273 ;PREVIDÊNCIA COMPLEMENTAR                                                                                                ;3101;GESTÃO DOS ENCARGOS GERAIS DO MUNICÍPIO                                                                                 ;9022;ENCARGOS COM A PREVIDÊNCIA SOCIAL DOS SERVIDORES - REGIME GERAL                                                                                                                                         ;0753;RECURSOS PROVENIENTES DE TAXAS E CONTRIBUIÇÕES         ;0.0;0.0;5000000.0;120083.81;120083.81
2026;2;08  ;ASSISTÊNCIA SOCIAL                                     ;422 ;DIREITOS INDIVIDUAIS, COLETIVOS E DIFUSOS                                                                               ;2160;GESTÃO DAS POLÍTICAS MUNICIPAIS                                                                                         ;2274;COORDENAÇÃO, SUPERVISÃO E EXECUÇÃO DAS POLÍTICAS DE ASSISTÊNCIA SOCIAL E COMBATE À FOME                                                                                                                 ;0500;RECURSOS NÃO VINCULADOS DE IMPOSTOS                    ;0.0;0.0;1058996.46;1058996.46;1050913.21
2026;2;08  ;ASSISTÊNCIA SOCIAL                                     ;128 ;FORMAÇÃO DE RECURSOS HUMANOS                                                                                            ;1204;FORTALECIMENTO DO SISTEMA ÚNICO DE ASSISTÊNCIA SOCIAL                                                                   ;2033;DESENVOLVIMENTO DE AÇÕES RELATIVAS À FORMAÇÃO PERMANENTE E CAPACITAÇÃO CONTINUADA DOS PROFISSIONAIS                                                                                                     ;0660;TRANSFERÊNCIA DE RECURSOS DO FNAS                      ;0.0;395837.64;0.0;0.0;0.0
2026;2;09  ;PREVIDÊNCIA SOCIAL                                     ;272 ;PREVIDÊNCIA DO REGIME ESTATUTÁRIO                                                                                       ;4103;GESTÃO DOS ENCARGOS DA CÂMARA MUNICIPAL DO RECIFE                                                                       ;9013;ENCARGOS COM INATIVOS E PENSIONISTAS DA CMR INTEGRANTES DO SISTEMA PREVIDENCIÁRIO - REGIME PRÓPRIO DO MUNICÍPIO                                                                                         ;0500;RECURSOS NÃO VINCULADOS DE IMPOSTOS                    ;0.0;0.0;0.0;0.0;92716.52
2026;2;14  ;DIREITOS DA CIDADANIA                                  ;422 ;DIREITOS INDIVIDUAIS, COLETIVOS E DIFUSOS                                                                               ;2160;GESTÃO DAS POLÍTICAS MUNICIPAIS                                                                                         ;2282;COORDENAÇÃO, SUPERVISÃO E EXECUÇÃO DAS POLÍTICAS DE ORDEM PÚBLICA E SEGURANÇA                                                                                                                           ;0500;RECURSOS NÃO VINCULADOS DE IMPOSTOS                    ;0.0;0.0;10317119.63;10317119.63;10340813.57
2026;2;15  ;URBANISMO                                              ;452 ;SERVIÇOS URBANOS                                                                                                        ;1323;MANUTENÇÃO URBANA                                                                                                       ;2539;MANUTENÇÃO E CONSERVAÇÃO DE ÁREAS VERDES                                                                                                                                                                ;0500;RECURSOS NÃO VINCULADOS DE IMPOSTOS                    ;0.0;0.0;44112.2;341579.19;323466.99
2026;2;04  ;ADMINISTRAÇÃO                                          ;131 ;COMUNICAÇÃO SOCIAL                                                                                                      ;2160;GESTÃO DAS POLÍTICAS MUNICIPAIS                                                                                         ;2046;COORDENAÇÃO, SUPERVISÃO E EXECUÇÃO DAS POLÍTICAS DE RELACIONAMENTO COM A IMPRENSA E PRESENÇA DIGITAL DA PREFEITURA DO RECIFE                                                                            ;0500;RECURSOS NÃO VINCULADOS DE IMPOSTOS                    ;0.0;0.0;492494.42;472135.64;469740.21
2026;2;15  ;URBANISMO                                              ;452 ;SERVIÇOS URBANOS                                                                                                        ;1323;MANUTENÇÃO URBANA                                                                                                       ;2539;MANUTENÇÃO E CONSERVAÇÃO DE ÁREAS VERDES                                                                                                                                                                ;0754;RECURSOS DE OPERAÇÕES DE CRÉDITO                       ;0.0;5160000.0;4821429.99;10217564.64;6354495.59
2026;2;04  ;ADMINISTRAÇÃO                                          ;123 ;ADMINISTRAÇÃO FINANCEIRA                                                                                                ;2160;GESTÃO DAS POLÍTICAS MUNICIPAIS                                                                                         ;2621;COORDENAÇÃO, SUPERVISÃO E EXECUÇÃO DAS POLÍTICAS DE DESENVOLVIMENTO ECONÔMICO                                                                                                                           ;0500;RECURSOS NÃO VINCULADOS DE IMPOSTOS                    ;0.0;0.0;180997.8;180997.8;180749.81
2026;2;15  ;URBANISMO                                              ;451 ;INFRA-ESTRUTURA URBANA                                                                                                  ;2160;GESTÃO DAS POLÍTICAS MUNICIPAIS                                                                                         ;2102;COORDENAÇÃO,SUPERVISÃO E EXECUÇÃO DOS PROJETOS ESPECIAIS DA GESTÃO MUNICIPAL                                                                                                                            ;0500;RECURSOS NÃO VINCULADOS DE IMPOSTOS                    ;0.0;0.0;805942.13;805942.13;806525.17
2026;2;12  ;EDUCAÇÃO                                               ;366 ;EDUCAÇÃO DE JOVENS E ADULTOS                                                                                            ;1206;ORGANIZAÇÃO EFICAZ DO ENSINO E DA APRENDIZAGEM                                                                          ;2183;REALIZAÇÃO DE POLÍTICAS DE INCENTIVO À FORMAÇÃO DE JOVENS PARA A CIDADANIA E O TRABALHO                                                                                                                 ;0500;RECURSOS NÃO VINCULADOS DE IMPOSTOS                    ;0.0;0.0;7076424.94;6838089.83;852641.83
2026;3;11  ;TRABALHO                                               ;122 ;ADMINISTRAÇÃO GERAL                                                                                                     ;2161;GESTÃO ADMINISTRATIVA DOS ÓRGÃOS, ENTIDADES E FUNDOS MUNICIPAIS                                                         ;2723;APOIO ADMINISTRATIVO ÀS AÇÕES DA UNIDADE ORÇAMENTÁRIA                                                                                                                                                   ;0500;RECURSOS NÃO VINCULADOS DE IMPOSTOS                    ;0.0;0.0;488567.89;193641.33;239335.02
2026;3;09  ;PREVIDÊNCIA SOCIAL                                     ;272 ;PREVIDÊNCIA DO REGIME ESTATUTÁRIO                                                                                       ;3101;GESTÃO DOS ENCARGOS GERAIS DO MUNICÍPIO                                                                                 ;9005;ENCARGOS COM INATIVOS E PENSIONISTAS DO SISTEMA PREVIDENCIÁRIO - REGIME PRÓPRIO DO MUNICÍPIO (ADM. DIRETA)                                                                                              ;0762;RECURSOS DE ALIENAÇÃO DE ATIVOS - CESSÃO DE DIREITOS CR;0.0;16649399.49;16369419.84;16369419.84;16264413.64
2026;3;10  ;SAÚDE                                                  ;302 ;ASSISTÊNCIA HOSPITALAR E AMBULATORIAL                                                                                   ;1238;FORTALECIMENTO E QUALIFICAÇÃO DA ATENÇÃO À SAÚDE DE MÉDIA E ALTA COMPLEXIDADE                                           ;2085;GARANTIA DA OFERTA DE PROCEDIMENTOS ATRAVÉS DA REDE PRÓPRIA                                                                                                                                             ;0500;RECURSOS NÃO VINCULADOS DE IMPOSTOS                    ;0.0;29462015.35;39582785.01;16340922.52;14402406.14
2026;3;15  ;URBANISMO                                              ;451 ;INFRA-ESTRUTURA URBANA                                                                                                  ;2160;GESTÃO DAS POLÍTICAS MUNICIPAIS                                                                                         ;2191;COORDENAÇÃO, SUPERVISÃO E EXECUÇÃO DAS POLÍTICAS DE INFRAESTRUTURA                                                                                                                                      ;0754;RECURSOS DE OPERAÇÕES DE CRÉDITO                       ;0.0;50509.8;50509.8;50509.8;50509.8
2026;3;15  ;URBANISMO                                              ;451 ;INFRA-ESTRUTURA URBANA                                                                                                  ;2160;GESTÃO DAS POLÍTICAS MUNICIPAIS                                                                                         ;2191;COORDENAÇÃO, SUPERVISÃO E EXECUÇÃO DAS POLÍTICAS DE INFRAESTRUTURA                                                                                                                                      ;0500;RECURSOS NÃO VINCULADOS DE IMPOSTOS                    ;0.0;0.0;187731.88;187731.88;186952.38
2026;3;15  ;URBANISMO                                              ;451 ;INFRA-ESTRUTURA URBANA                                                                                                  ;1323;MANUTENÇÃO URBANA                                                                                                       ;2566;REQUALIFICAÇÃO DE ESPAÇOS DE INTERESSE PÚBLICO                                                                                                                                                          ;0501;OUTROS RECURSOS NÃO VINCULADOS                         ;0.0;0.0;7642014.24;1510651.74;2306226.96
2026;3;18  ;GESTÃO AMBIENTAL                                       ;541 ;PRESERVAÇÃO E CONSERVAÇÃO AMBIENTAL                                                                                     ;1302;FORTALECIMENTO DAS POLÍTICAS INTEGRADAS DE SUSTENTABILIDADE AMBIENTAL                                                   ;2032;AÇÕES PARA O DESENVOLVIMENTO DA CIDADE SUSTENTÁVEL                                                                                                                                                      ;0500;RECURSOS NÃO VINCULADOS DE IMPOSTOS                    ;0.0;0.0;0.0;0.0;0.0
2026;3;08  ;ASSISTÊNCIA SOCIAL                                     ;243 ;ASSISTÊNCIA À CRIANÇA E AO ADOLESCENTE                                                                                  ;1201;PROTEÇÃO INTEGRAL E DEFESA DOS DIREITOS DA CRIANÇA E DO ADOLESCENTE                                                     ;2869;APOIO E MANUTENÇÃO DOS CONSELHOS TUTELARES                                                                                                                                                              ;0500;RECURSOS NÃO VINCULADOS DE IMPOSTOS                    ;0.0;0.0;503389.11;547837.93;579147.1
2026;3;14  ;DIREITOS DA CIDADANIA                                  ;422 ;DIREITOS INDIVIDUAIS, COLETIVOS E DIFUSOS                                                                               ;2160;GESTÃO DAS POLÍTICAS MUNICIPAIS                                                                                         ;2251;COORDENAÇÃO, SUPERVISÃO E EXECUÇÃO DAS POLÍTICAS DE CIDADANIA E CULTURA DE PAZ                                                                                                                          ;0500;RECURSOS NÃO VINCULADOS DE IMPOSTOS                    ;0.0;0.0;477613.11;477613.11;480681.49
2026;3;03  ;ESSENCIAL À JUSTIÇA                                    ;091 ;DEFESA DA ORDEM JURÍDICA                                                                                                ;2160;GESTÃO DAS POLÍTICAS MUNICIPAIS                                                                                         ;2030;COORDENAÇÃO, SUPERVISÃO E EXECUÇÃO DAS POLÍTICAS MUNICIPAIS DA PROCURADORIA GERAL DO MUNICÍPIO                                                                                                          ;0500;RECURSOS NÃO VINCULADOS DE IMPOSTOS                    ;0.0;0.0;4662874.1;4662874.1;4663345.35
2026;3;08  ;ASSISTÊNCIA SOCIAL                                     ;243 ;ASSISTÊNCIA À CRIANÇA E AO ADOLESCENTE                                                                                  ;1201;PROTEÇÃO INTEGRAL E DEFESA DOS DIREITOS DA CRIANÇA E DO ADOLESCENTE                                                     ;2527;APOIO A EXECUÇÃO DAS POLÍTICAS MUNICIPAIS DE PROTEÇÃO ESPECIAL A CRIANÇA E AO ADOLESCENTE                                                                                                               ;0669;OUTROS RECURSOS VINCULADOS À ASSISTÊNCIA SOCIAL        ;0.0;0.0;68051.0;29740.0;29514.4
2026;3;09  ;PREVIDÊNCIA SOCIAL                                     ;272 ;PREVIDÊNCIA DO REGIME ESTATUTÁRIO                                                                                       ;4103;GESTÃO DOS ENCARGOS DA CÂMARA MUNICIPAL DO RECIFE                                                                       ;9013;ENCARGOS COM INATIVOS E PENSIONISTAS DA CMR INTEGRANTES DO SISTEMA PREVIDENCIÁRIO - REGIME PRÓPRIO DO MUNICÍPIO                                                                                         ;0801;RECURSOS VINC. AO RPPS - FUNDO REP. (PLANO FINANC.)    ;0.0;0.0;287979.41;287979.41;287979.41
2026;3;04  ;ADMINISTRAÇÃO                                          ;122 ;ADMINISTRAÇÃO GERAL                                                                                                     ;2160;GESTÃO DAS POLÍTICAS MUNICIPAIS                                                                                         ;2055;PLANEJAMENTO DA AÇÃO GOVERNAMENTAL                                                                                                                                                                      ;0500;RECURSOS NÃO VINCULADOS DE IMPOSTOS                    ;0.0;0.0;-32753.77;196778.0;196778.0
2026;3;04  ;ADMINISTRAÇÃO                                          ;131 ;COMUNICAÇÃO SOCIAL                                                                                                      ;2160;GESTÃO DAS POLÍTICAS MUNICIPAIS                                                                                         ;2156;COORDENAÇÃO, SUPERVISÃO E EXECUÇÃO DAS POLÍTICAS DE COMUNICAÇÃO                                                                                                                                         ;0500;RECURSOS NÃO VINCULADOS DE IMPOSTOS                    ;0.0;-9898646.77;1618332.14;1897876.28;1874535.63
2026;3;10  ;SAÚDE                                                  ;304 ;VIGILÂNCIA SANITÁRIA                                                                                                    ;1217;FORTALECIMENTO DAS AÇÕES DE VIGILÂNCIA EM SAÚDE                                                                         ;2725;FORTALECIMENTO DAS AÇÕES DA VIGILÂNCIA SANITÁRIA                                                                                                                                                        ;0659;OUTROS RECURSOS VINCULADOS À SAÚDE                     ;0.0;10237253.99;874015.27;1095014.3;1167204.41
2026;3;10  ;SAÚDE                                                  ;301 ;ATENÇÃO BÁSICA                                                                                                          ;1236;EXPANSÃO E MELHORIA NA INFRAESTRUTURA DE ATENDIMENTO EM SAÚDE                                                           ;1032;CONSTRUÇÃO, REFORMA, AMPLIAÇÃO E EQUIPAGEM DE UNIDADES DE SAÚDE NA ATENÇÃO BÁSICA                                                                                                                       ;0500;RECURSOS NÃO VINCULADOS DE IMPOSTOS                    ;0.0;459701.79;353074.61;353074.61;127074.86
2026;3;09  ;PREVIDÊNCIA SOCIAL                                     ;122 ;ADMINISTRAÇÃO GERAL                                                                                                     ;2170;GESTÃO DE PREVIDÊNCIA SOCIAL - RPPS                                                                                     ;2094;GESTÃO DAS AÇÕES DO RPPS                                                                                                                                                                                ;0802;RECURSOS VINCULADOS RPPS - TAXA ADMINISTRAÇÃO          ;0.0;0.0;4705170.16;4894798.05;4720290.63
2026;3;17  ;SANEAMENTO                                             ;122 ;ADMINISTRAÇÃO GERAL                                                                                                     ;2161;GESTÃO ADMINISTRATIVA DOS ÓRGÃOS, ENTIDADES E FUNDOS MUNICIPAIS                                                         ;2723;APOIO ADMINISTRATIVO ÀS AÇÕES DA UNIDADE ORÇAMENTÁRIA                                                                                                                                                   ;0500;RECURSOS NÃO VINCULADOS DE IMPOSTOS                    ;0.0;52000.0;57481.02;287097.99;287097.99
2026;3;15  ;URBANISMO                                              ;331 ;PROTEÇÃO E BENEFÍCIOS AO TRABALHADOR                                                                                    ;3101;GESTÃO DOS ENCARGOS GERAIS DO MUNICÍPIO                                                                                 ;2153;ENCARGOS COM BENEFÍCIOS AOS SERVIDORES                                                                                                                                                                  ;0751;RECURSOS DA COSIP                                      ;0.0;0.0;0.0;73614.5;46836.53
2026;3;04  ;ADMINISTRAÇÃO                                          ;129 ;ADMINISTRAÇÃO DE RECEITAS                                                                                               ;2122;GESTÃO PÚBLICA DE EXCELÊNCIA                                                                                            ;2867;DESENVOLVIMENTO E APERFEIÇOAMENTO DA ADMINISTRAÇÃO TRIBUTÁRIA                                                                                                                                           ;0500;RECURSOS NÃO VINCULADOS DE IMPOSTOS                    ;0.0;0.0;130412.56;101408.56;26776.15
2026;3;04  ;ADMINISTRAÇÃO                                          ;846 ;OUTROS ENCARGOS ESPECIAIS                                                                                               ;3101;GESTÃO DOS ENCARGOS GERAIS DO MUNICÍPIO                                                                                 ;2703;ENCARGOS COM O INSS SOBRE SERVIÇOS PRESTADOS, POR PESSOA FÍSICA, À PREFEITURA DO RECIFE - ADMINISTRAÇÃO DIRETA                                                                                          ;0500;RECURSOS NÃO VINCULADOS DE IMPOSTOS                    ;0.0;0.0;-87838.24;4661.76;4661.76
2026;3;10  ;SAÚDE                                                  ;303 ;SUPORTE PROFILÁTICO E TERAPÊUTICO                                                                                       ;1233;MELHORIA DO ACESSO À ASSISTÊNCIA FARMACÊUTICA                                                                           ;2881;MANUTENÇÃO DO ADEQUADO SUPRIMENTO DA REDE EM ASSISTÊNCIA FARMACÊUTICA                                                                                                                                   ;0500;RECURSOS NÃO VINCULADOS DE IMPOSTOS                    ;0.0;-441140.0;4258581.76;1155883.62;275903.97
2026;3;15  ;URBANISMO                                              ;122 ;ADMINISTRAÇÃO GERAL                                                                                                     ;2161;GESTÃO ADMINISTRATIVA DOS ÓRGÃOS, ENTIDADES E FUNDOS MUNICIPAIS                                                         ;2723;APOIO ADMINISTRATIVO ÀS AÇÕES DA UNIDADE ORÇAMENTÁRIA                                                                                                                                                   ;0756;RECURSOS DE ALIENAÇÃO DE BENS/ATIVOS - ADM. INDIRETA   ;0.0;486638.44;167982.19;0.0;0.0
2026;3;13  ;CULTURA                                                ;392 ;DIFUSÃO CULTURAL                                                                                                        ;1211;VALORIZAÇÃO DA CULTURA                                                                                                  ;2579;PROMOÇÃO DE EVENTOS E FESTIVIDADES CULTURAIS E TRADICIONAIS                                                                                                                                             ;0500;RECURSOS NÃO VINCULADOS DE IMPOSTOS                    ;0.0;0.0;268588.42;60523453.7;24827099.7
2026;3;14  ;DIREITOS DA CIDADANIA                                  ;422 ;DIREITOS INDIVIDUAIS, COLETIVOS E DIFUSOS                                                                               ;1227;PROGRAMA DE PARTICIPAÇÃO CIDADÃ - TODOS PELO RECIFE                                                                     ;2242;ESTRUTURAÇÃO DE CANAIS DE FOMENTO À PARTICIPAÇÃO POPULAR NA GESTÃO DA PREFEITURA                                                                                                                        ;0500;RECURSOS NÃO VINCULADOS DE IMPOSTOS                    ;0.0;0.0;0.0;1033116.15;1033116.15
2026;3;09  ;PREVIDÊNCIA SOCIAL                                     ;272 ;PREVIDÊNCIA DO REGIME ESTATUTÁRIO                                                                                       ;3101;GESTÃO DOS ENCARGOS GERAIS DO MUNICÍPIO                                                                                 ;9007;ENCARGOS COM INATIVOS E PENSIONISTAS DO SETOR EDUCACIONAL - REGIME PRÓPRIO DO MUNICÍPIO                                                                                                                 ;0501;OUTROS RECURSOS NÃO VINCULADOS                         ;0.0;-22000000.0;0.0;0.0;0.0
2026;3;10  ;SAÚDE                                                  ;122 ;ADMINISTRAÇÃO GERAL                                                                                                     ;1236;EXPANSÃO E MELHORIA NA INFRAESTRUTURA DE ATENDIMENTO EM SAÚDE                                                           ;1659;CONSTRUÇÃO, REFORMA, AMPLIAÇÃO E EQUIPAGEM DE UNIDADES DE SAÚDE                                                                                                                                         ;0501;OUTROS RECURSOS NÃO VINCULADOS                         ;0.0;0.0;17332.0;17332.0;17332.0
2026;3;10  ;SAÚDE                                                  ;302 ;ASSISTÊNCIA HOSPITALAR E AMBULATORIAL                                                                                   ;1236;EXPANSÃO E MELHORIA NA INFRAESTRUTURA DE ATENDIMENTO EM SAÚDE                                                           ;1658;CONSTRUÇÃO, REFORMA, AMPLIAÇÃO E EQUIPAGEM DE UNIDADES DE SAÚDE NA MÉDIA E ALTA COMPLEXIDADE                                                                                                            ;0500;RECURSOS NÃO VINCULADOS DE IMPOSTOS                    ;0.0;1952114.59;1691251.15;858893.45;800830.93
2026;3;14  ;DIREITOS DA CIDADANIA                                  ;422 ;DIREITOS INDIVIDUAIS, COLETIVOS E DIFUSOS                                                                               ;1235;DESENVOLVIMENTO DE POLÍTICAS PARA PROMOÇÃO DA IGUALDADE DE GÊNERO                                                       ;2070;FORTALECIMENTO DA PARTICIPAÇÃO POLÍTICA E DOS DIREITOS DAS MULHERES                                                                                                                                     ;0500;RECURSOS NÃO VINCULADOS DE IMPOSTOS                    ;0.0;-24000.0;10729.27;0.0;0.0
2026;3;04  ;ADMINISTRAÇÃO                                          ;122 ;ADMINISTRAÇÃO GERAL                                                                                                     ;2160;GESTÃO DAS POLÍTICAS MUNICIPAIS                                                                                         ;2098;EMENDAS PARLAMENTARES                                                                                                                                                                                   ;0500;RECURSOS NÃO VINCULADOS DE IMPOSTOS                    ;0.0;-534443.08;0.0;0.0;0.0
2026;3;09  ;PREVIDÊNCIA SOCIAL                                     ;273 ;PREVIDÊNCIA COMPLEMENTAR                                                                                                ;3101;GESTÃO DOS ENCARGOS GERAIS DO MUNICÍPIO                                                                                 ;9022;ENCARGOS COM A PREVIDÊNCIA SOCIAL DOS SERVIDORES - REGIME GERAL                                                                                                                                         ;0799;OUTRAS VINCULAÇÕES LEGAIS                              ;0.0;0.0;300000.0;18083.39;18083.39
2026;3;10  ;SAÚDE                                                  ;305 ;VIGILÂNCIA EPIDEMIOLÓGICA                                                                                               ;1217;FORTALECIMENTO DAS AÇÕES DE VIGILÂNCIA EM SAÚDE                                                                         ;2088;DESENVOLVIMENTO DA POLÍTICA DE VIGILÂNCIA EM SAÚDE DO TRABALHADOR (RENAST)                                                                                                                              ;0600;TRANSF. FUNDO A FUNDO SUS GOV. FED. - BL. MANUTENÇÃO SE;0.0;0.0;579080.91;620174.54;584883.67
2026;3;28  ;ENCARGOS ESPECIAIS                                     ;846 ;OUTROS ENCARGOS ESPECIAIS                                                                                               ;3101;GESTÃO DOS ENCARGOS GERAIS DO MUNICÍPIO                                                                                 ;9002;CONTRIBUIÇÕES PARA O PIS/PASEP                                                                                                                                                                          ;0802;RECURSOS VINCULADOS RPPS - TAXA ADMINISTRAÇÃO          ;0.0;0.0;0.0;6622.71;8011.04
2026;3;10  ;SAÚDE                                                  ;122 ;ADMINISTRAÇÃO GERAL                                                                                                     ;2165;GESTÃO ADMINISTRATIVA DO SISTEMA MUNICIPAL DE SAÚDE                                                                     ;2617;APOIO ADMINISTRATIVO ÀS AÇÕES DO FUNDO MUNICIPAL DE SAÚDE                                                                                                                                               ;0500;RECURSOS NÃO VINCULADOS DE IMPOSTOS                    ;0.0;-28933749.13;16378002.78;16833910.53;16020654.32
2026;3;04  ;ADMINISTRAÇÃO                                          ;122 ;ADMINISTRAÇÃO GERAL                                                                                                     ;1250;FORTALECIMENTO DAS POLÍTICAS PARA PROTEÇÃO ANIMAL                                                                       ;2111;AMPLIAÇÃO E FORTALECIMENTO DO PROGRAMA DE PROTEÇÃO ANIMAL                                                                                                                                               ;0500;RECURSOS NÃO VINCULADOS DE IMPOSTOS                    ;0.0;33600.0;6000.0;6000.0;6000.0
2026;3;10  ;SAÚDE                                                  ;301 ;ATENÇÃO BÁSICA                                                                                                          ;1216;FORTALECIMENTO E QUALIFICAÇÃO DA ATENÇÃO BÁSICA EM SAÚDE                                                                ;2724;MANUTENÇÃO DA REDE BÁSICA DE SAÚDE                                                                                                                                                                      ;0600;TRANSF. FUNDO A FUNDO SUS GOV. FED. - BL. MANUTENÇÃO SE;0.0;0.0;5156079.31;9940152.75;9223630.65
2026;3;10  ;SAÚDE                                                  ;122 ;ADMINISTRAÇÃO GERAL                                                                                                     ;2165;GESTÃO ADMINISTRATIVA DO SISTEMA MUNICIPAL DE SAÚDE                                                                     ;2617;APOIO ADMINISTRATIVO ÀS AÇÕES DO FUNDO MUNICIPAL DE SAÚDE                                                                                                                                               ;0600;TRANSF. FUNDO A FUNDO SUS GOV. FED. - BL. MANUTENÇÃO SE;0.0;-173000.0;9204402.64;16370647.09;10797018.39
2026;3;10  ;SAÚDE                                                  ;302 ;ASSISTÊNCIA HOSPITALAR E AMBULATORIAL                                                                                   ;1238;FORTALECIMENTO E QUALIFICAÇÃO DA ATENÇÃO À SAÚDE DE MÉDIA E ALTA COMPLEXIDADE                                           ;2085;GARANTIA DA OFERTA DE PROCEDIMENTOS ATRAVÉS DA REDE PRÓPRIA                                                                                                                                             ;0605;ASSIST. FINANCEIRA DA UNIÃO - COMPLEMENTAÇÃO PISOS SALA;0.0;0.0;862178.15;862178.15;862178.15
2026;3;10  ;SAÚDE                                                  ;305 ;VIGILÂNCIA EPIDEMIOLÓGICA                                                                                               ;1217;FORTALECIMENTO DAS AÇÕES DE VIGILÂNCIA EM SAÚDE                                                                         ;2088;DESENVOLVIMENTO DA POLÍTICA DE VIGILÂNCIA EM SAÚDE DO TRABALHADOR (RENAST)                                                                                                                              ;0501;OUTROS RECURSOS NÃO VINCULADOS                         ;0.0;18452.66;0.0;0.0;0.0
2026;3;12  ;EDUCAÇÃO                                               ;361 ;ENSINO FUNDAMENTAL                                                                                                      ;3103;GESTÃO DOS ENCARGOS GERAIS DO SETOR EDUCACIONAL                                                                         ;9021;ENCARGOS COM A PREVIDÊNCIA SOCIAL DOS SERVIDORES - REGIME PRÓPRIO                                                                                                                                       ;0500;RECURSOS NÃO VINCULADOS DE IMPOSTOS                    ;0.0;0.0;1375154.76;7851234.22;7851234.22
2026;3;27  ;DESPORTO E LAZER                                       ;812 ;DESPORTO COMUNITÁRIO                                                                                                    ;1226;PROMOÇÃO DE POLÍTICAS DE INCENTIVO AO ESPORTE E PRÁTICA DE EXERCÍCIO FÍSICO PARA PROMOÇÃO DA SAÚDE                      ;2863;INCENTIVO AO ESPORTE NO RECIFE                                                                                                                                                                          ;0500;RECURSOS NÃO VINCULADOS DE IMPOSTOS                    ;0.0;-423023.67;-1545057.02;2955808.27;2949428.27
2026;3;10  ;SAÚDE                                                  ;301 ;ATENÇÃO BÁSICA                                                                                                          ;2107;GESTÃO DAS POLÍTICAS MUNICIPAIS DE SAÚDE                                                                                ;2074;COORDENAÇÃO, SUPERVISÃO E EXECUÇÃO DAS POLÍTICAS DE SAÚDE NA ATENÇÃO BÁSICA                                                                                                                             ;0605;ASSIST. FINANCEIRA DA UNIÃO - COMPLEMENTAÇÃO PISOS SALA;0.0;1100000.0;1069040.99;1069040.99;1069040.99
2026;3;09  ;PREVIDÊNCIA SOCIAL                                     ;272 ;PREVIDÊNCIA DO REGIME ESTATUTÁRIO                                                                                       ;3101;GESTÃO DOS ENCARGOS GERAIS DO MUNICÍPIO                                                                                 ;9008;ENCARGOS COM INATIVOS E PENSIONISTAS DA FCCR - REGIME PRÓPRIO DO MUNICÍPIO                                                                                                                              ;0762;RECURSOS DE ALIENAÇÃO DE ATIVOS - CESSÃO DE DIREITOS CR;0.0;85128.69;81168.78;12217.64;75022.88
2026;3;08  ;ASSISTÊNCIA SOCIAL                                     ;122 ;ADMINISTRAÇÃO GERAL                                                                                                     ;2161;GESTÃO ADMINISTRATIVA DOS ÓRGÃOS, ENTIDADES E FUNDOS MUNICIPAIS                                                         ;2723;APOIO ADMINISTRATIVO ÀS AÇÕES DA UNIDADE ORÇAMENTÁRIA                                                                                                                                                   ;0660;TRANSFERÊNCIA DE RECURSOS DO FNAS                      ;0.0;189869.44;0.0;0.0;0.0
2026;3;28  ;ENCARGOS ESPECIAIS                                     ;846 ;OUTROS ENCARGOS ESPECIAIS                                                                                               ;3101;GESTÃO DOS ENCARGOS GERAIS DO MUNICÍPIO                                                                                 ;9002;CONTRIBUIÇÕES PARA O PIS/PASEP                                                                                                                                                                          ;0500;RECURSOS NÃO VINCULADOS DE IMPOSTOS                    ;0.0;0.0;1033535.77;1488023.69;1805520.99
2026;3;12  ;EDUCAÇÃO                                               ;306 ;ALIMENTAÇÃO E NUTRIÇÃO                                                                                                  ;1207;SUPORTE E APOIO EFETIVOS PARA UMA EDUCAÇÃO DE QUALIDADE                                                                 ;2127;ALIMENTAÇÃO ESCOLAR                                                                                                                                                                                     ;0552;TRANSF. DE RECURSOS DO FNDE REFERENTES AO PNAE         ;0.0;0.0;4635165.98;903737.87;903737.87
2026;3;27  ;DESPORTO E LAZER                                       ;812 ;DESPORTO COMUNITÁRIO                                                                                                    ;1226;PROMOÇÃO DE POLÍTICAS DE INCENTIVO AO ESPORTE E PRÁTICA DE EXERCÍCIO FÍSICO PARA PROMOÇÃO DA SAÚDE                      ;2281;MELHORIA E AMPLIAÇÃO DA REDE FÍSICA DE ESPORTE E REDE DE EXERCÍCIO FÍSICO NA SAÚDE                                                                                                                      ;0754;RECURSOS DE OPERAÇÕES DE CRÉDITO                       ;0.0;1660590.3;1650743.77;0.0;0.0
2026;3;15  ;URBANISMO                                              ;452 ;SERVIÇOS URBANOS                                                                                                        ;1323;MANUTENÇÃO URBANA                                                                                                       ;2539;MANUTENÇÃO E CONSERVAÇÃO DE ÁREAS VERDES                                                                                                                                                                ;0500;RECURSOS NÃO VINCULADOS DE IMPOSTOS                    ;0.0;9590000.0;1780992.5;549907.38;555842.17
2026;3;09  ;PREVIDÊNCIA SOCIAL                                     ;272 ;PREVIDÊNCIA DO REGIME ESTATUTÁRIO                                                                                       ;3101;GESTÃO DOS ENCARGOS GERAIS DO MUNICÍPIO                                                                                 ;9009;ENCARGOS COM INATIVOS E PENSIONISTAS DO IASC - REGIME PRÓPRIO DO MUNICÍPIO                                                                                                                              ;0800;RECURSOS VINC. AO RPPS - FUNDO CAPIT. (PLANO PREV.)    ;0.0;0.0;3274.44;3274.44;3274.44
2026;3;08  ;ASSISTÊNCIA SOCIAL                                     ;244 ;ASSISTÊNCIA COMUNITÁRIA                                                                                                 ;1204;FORTALECIMENTO DO SISTEMA ÚNICO DE ASSISTÊNCIA SOCIAL                                                                   ;2518;DESENVOLVIMENTO DAS AÇÕES DE PROTEÇÃO SOCIAL BÁSICA                                                                                                                                                     ;0661;TRANSF. DE RECURSOS DOS FUNDOS EST. - ASSIST. SOCIAL   ;0.0;0.0;0.0;20309.96;20309.96
2026;3;15  ;URBANISMO                                              ;451 ;INFRA-ESTRUTURA URBANA                                                                                                  ;2160;GESTÃO DAS POLÍTICAS MUNICIPAIS                                                                                         ;2328;COORDENAÇÃO, SUPERVISÃO E EXECUÇÃO DO PROGRAMA PROMORAR                                                                                                                                                 ;0500;RECURSOS NÃO VINCULADOS DE IMPOSTOS                    ;0.0;0.0;380457.78;380457.78;382062.44
2026;3;08  ;ASSISTÊNCIA SOCIAL                                     ;244 ;ASSISTÊNCIA COMUNITÁRIA                                                                                                 ;1324;FORTALECIMENTO DA POLÍTICA DE SEGURANÇA ALIMENTAR E NUTRICIONAL                                                         ;2220;DESENVOLVIMENTO DE AÇÕES DE SEGURANÇA ALIMENTAR E NUTRICIONAL                                                                                                                                           ;0500;RECURSOS NÃO VINCULADOS DE IMPOSTOS                    ;0.0;-625.0;10883.04;495419.02;558251.75
2026;3;10  ;SAÚDE                                                  ;846 ;OUTROS ENCARGOS ESPECIAIS                                                                                               ;3102;GESTÃO DOS ENCARGOS GERAIS DO SETOR DE SAÚDE                                                                            ;2158;ENCARGOS COM BENEFÍCIOS AOS SERVIDORES DO SETOR DE SAÚDE                                                                                                                                                ;0500;RECURSOS NÃO VINCULADOS DE IMPOSTOS                    ;0.0;0.0;0.0;950830.72;0.0
2026;3;17  ;SANEAMENTO                                             ;512 ;SANEAMENTO BÁSICO URBANO                                                                                                ;1220;PROMOÇÃO DE POLÍTICAS DE SANEAMENTO                                                                                     ;1252;SANEAMENTO INTEGRADO                                                                                                                                                                                    ;0754;RECURSOS DE OPERAÇÕES DE CRÉDITO                       ;0.0;4022199.18;4812158.09;4056316.43;3802940.32
2026;3;15  ;URBANISMO                                              ;451 ;INFRA-ESTRUTURA URBANA                                                                                                  ;1323;MANUTENÇÃO URBANA                                                                                                       ;2566;REQUALIFICAÇÃO DE ESPAÇOS DE INTERESSE PÚBLICO                                                                                                                                                          ;0500;RECURSOS NÃO VINCULADOS DE IMPOSTOS                    ;0.0;1214000.0;1200000.0;0.0;0.0
2026;3;13  ;CULTURA                                                ;273 ;PREVIDÊNCIA COMPLEMENTAR                                                                                                ;3101;GESTÃO DOS ENCARGOS GERAIS DO MUNICÍPIO                                                                                 ;9022;ENCARGOS COM A PREVIDÊNCIA SOCIAL DOS SERVIDORES - REGIME GERAL                                                                                                                                         ;0500;RECURSOS NÃO VINCULADOS DE IMPOSTOS                    ;0.0;0.0;0.0;207740.69;207740.69
2026;3;15  ;URBANISMO                                              ;451 ;INFRA-ESTRUTURA URBANA                                                                                                  ;1310;REQUALIFICAÇÃO, AMPLIAÇÃO E REORDENAMENTO DOS ESPAÇOS PÚBLICOS                                                          ;1576;URBANIZAÇÃO DAS MARGENS DE RIOS E CANAIS                                                                                                                                                                ;0754;RECURSOS DE OPERAÇÕES DE CRÉDITO                       ;0.0;4743725.68;1722371.22;1993484.79;1056659.12
2026;3;12  ;EDUCAÇÃO                                               ;361 ;ENSINO FUNDAMENTAL                                                                                                      ;1214;APOIO SOCIAL A ESTUDANTES DA REDE MUNICIPAL DE ENSINO                                                                   ;2107;DESENVOLVIMENTO DE PROGRAMAS SUPLEMENTARES PARA O ENSINO NA REDE MUNICIPAL                                                                                                                              ;0500;RECURSOS NÃO VINCULADOS DE IMPOSTOS                    ;0.0;-13000000.0;15037995.21;6554240.66;2080769.82
2026;3;10  ;SAÚDE                                                  ;302 ;ASSISTÊNCIA HOSPITALAR E AMBULATORIAL                                                                                   ;1238;FORTALECIMENTO E QUALIFICAÇÃO DA ATENÇÃO À SAÚDE DE MÉDIA E ALTA COMPLEXIDADE                                           ;2324;FORTALECIMENTO E QUALIFICAÇÃO DE PROGRAMAS ESTRATÉGICOS                                                                                                                                                 ;0600;TRANSF. FUNDO A FUNDO SUS GOV. FED. - BL. MANUTENÇÃO SE;0.0;0.0;500884.84;2088395.41;1978553.37
2026;3;12  ;EDUCAÇÃO                                               ;361 ;ENSINO FUNDAMENTAL                                                                                                      ;1206;ORGANIZAÇÃO EFICAZ DO ENSINO E DA APRENDIZAGEM                                                                          ;2101;IMPLANTAÇÃO DE POLÍTICAS DE VALORIZAÇÃO E FORMAÇÃO CONTINUADA DOS PROFISSIONAIS DA EDUCAÇÃO                                                                                                             ;0500;RECURSOS NÃO VINCULADOS DE IMPOSTOS                    ;0.0;-2000000.0;76785.71;167109.49;154413.06
2026;3;08  ;ASSISTÊNCIA SOCIAL                                     ;244 ;ASSISTÊNCIA COMUNITÁRIA                                                                                                 ;1204;FORTALECIMENTO DO SISTEMA ÚNICO DE ASSISTÊNCIA SOCIAL                                                                   ;2518;DESENVOLVIMENTO DAS AÇÕES DE PROTEÇÃO SOCIAL BÁSICA                                                                                                                                                     ;0500;RECURSOS NÃO VINCULADOS DE IMPOSTOS                    ;0.0;0.0;6848827.93;3348733.33;2980105.78
2026;3;10  ;SAÚDE                                                  ;301 ;ATENÇÃO BÁSICA                                                                                                          ;1216;FORTALECIMENTO E QUALIFICAÇÃO DA ATENÇÃO BÁSICA EM SAÚDE                                                                ;2083;IMPLEMENTAÇÃO DE PROGRAMAS ESTRATÉGICOS                                                                                                                                                                 ;0600;TRANSF. FUNDO A FUNDO SUS GOV. FED. - BL. MANUTENÇÃO SE;0.0;0.0;23218.0;850.0;3492.4
2026;3;16  ;HABITAÇÃO                                              ;122 ;ADMINISTRAÇÃO GERAL                                                                                                     ;2161;GESTÃO ADMINISTRATIVA DOS ÓRGÃOS, ENTIDADES E FUNDOS MUNICIPAIS                                                         ;2723;APOIO ADMINISTRATIVO ÀS AÇÕES DA UNIDADE ORÇAMENTÁRIA                                                                                                                                                   ;0500;RECURSOS NÃO VINCULADOS DE IMPOSTOS                    ;0.0;240000.0;296853.04;150418.82;213435.48
2026;3;04  ;ADMINISTRAÇÃO                                          ;122 ;ADMINISTRAÇÃO GERAL                                                                                                     ;2161;GESTÃO ADMINISTRATIVA DOS ÓRGÃOS, ENTIDADES E FUNDOS MUNICIPAIS                                                         ;2723;APOIO ADMINISTRATIVO ÀS AÇÕES DA UNIDADE ORÇAMENTÁRIA                                                                                                                                                   ;0501;OUTROS RECURSOS NÃO VINCULADOS                         ;0.0;587081.82;1963508.07;1938937.85;1928221.89
2026;3;09  ;PREVIDÊNCIA SOCIAL                                     ;272 ;PREVIDÊNCIA DO REGIME ESTATUTÁRIO                                                                                       ;4103;GESTÃO DOS ENCARGOS DA CÂMARA MUNICIPAL DO RECIFE                                                                       ;9013;ENCARGOS COM INATIVOS E PENSIONISTAS DA CMR INTEGRANTES DO SISTEMA PREVIDENCIÁRIO - REGIME PRÓPRIO DO MUNICÍPIO                                                                                         ;0762;RECURSOS DE ALIENAÇÃO DE ATIVOS - CESSÃO DE DIREITOS CR;0.0;107164.39;107164.39;107164.39;89606.47
2026;3;15  ;URBANISMO                                              ;452 ;SERVIÇOS URBANOS                                                                                                        ;1323;MANUTENÇÃO URBANA                                                                                                       ;2509;LIMPEZA URBANA                                                                                                                                                                                          ;0753;RECURSOS PROVENIENTES DE TAXAS E CONTRIBUIÇÕES         ;0.0;0.0;883221.14;26382581.75;26229270.36
2026;3;16  ;HABITAÇÃO                                              ;122 ;ADMINISTRAÇÃO GERAL                                                                                                     ;2160;GESTÃO DAS POLÍTICAS MUNICIPAIS                                                                                         ;2861;COORDENAÇÃO, SUPERVISÃO E EXECUÇÃO DAS POLÍTICAS HABITACIONAIS                                                                                                                                          ;0500;RECURSOS NÃO VINCULADOS DE IMPOSTOS                    ;0.0;0.0;266292.6;259277.87;245513.49
2026;3;15  ;URBANISMO                                              ;451 ;INFRA-ESTRUTURA URBANA                                                                                                  ;1313;REQUALIFICAÇÃO DE ÁREAS DE BAIXA RENDA                                                                                  ;1577;PROJETO CAPIBARIBE MELHOR                                                                                                                                                                               ;0500;RECURSOS NÃO VINCULADOS DE IMPOSTOS                    ;0.0;0.0;0.0;0.0;0.0
2026;3;04  ;ADMINISTRAÇÃO                                          ;331 ;PROTEÇÃO E BENEFÍCIOS AO TRABALHADOR                                                                                    ;3101;GESTÃO DOS ENCARGOS GERAIS DO MUNICÍPIO                                                                                 ;2153;ENCARGOS COM BENEFÍCIOS AOS SERVIDORES                                                                                                                                                                  ;0501;OUTROS RECURSOS NÃO VINCULADOS                         ;0.0;0.0;8196.46;8196.46;0.0
2026;3;15  ;URBANISMO                                              ;451 ;INFRA-ESTRUTURA URBANA                                                                                                  ;1310;REQUALIFICAÇÃO, AMPLIAÇÃO E REORDENAMENTO DOS ESPAÇOS PÚBLICOS                                                          ;1576;URBANIZAÇÃO DAS MARGENS DE RIOS E CANAIS                                                                                                                                                                ;0700;OUTRAS TRANSF. CONV. OU INSTRUM. CONGÊNERES - UNIÃO    ;0.0;8187516.43;0.0;0.0;0.0
2026;3;27  ;DESPORTO E LAZER                                       ;695 ;TURISMO                                                                                                                 ;2160;GESTÃO DAS POLÍTICAS MUNICIPAIS                                                                                         ;2280;COORDENAÇÃO, SUPERVISÃO E EXECUÇÃO DAS POLÍTICAS DE TURISMO E LAZER                                                                                                                                     ;0500;RECURSOS NÃO VINCULADOS DE IMPOSTOS                    ;0.0;59598.2;7041006.05;1664651.79;1855100.46
2026;3;04  ;ADMINISTRAÇÃO                                          ;122 ;ADMINISTRAÇÃO GERAL                                                                                                     ;2160;GESTÃO DAS POLÍTICAS MUNICIPAIS                                                                                         ;2874;COORDENAÇÃO, SUPERVISÃO E EXECUÇÃO DAS POLÍTICAS DO GABINETE DO CENTRO DO RECIFE                                                                                                                        ;0500;RECURSOS NÃO VINCULADOS DE IMPOSTOS                    ;0.0;0.0;231349.54;235574.24;235280.62
2026;3;12  ;EDUCAÇÃO                                               ;365 ;EDUCAÇÃO INFANTIL                                                                                                       ;1247;PROMOÇÃO E FORTALECIMENTO DA POLÍTICA DA PRIMEIRA INFÂNCIA                                                              ;2179;AMPLIAÇÃO E DESENVOLVIMENTO DA EDUCAÇÃO INFANTIL                                                                                                                                                        ;0540;TRANSFERÊNCIAS DO FUNDEB - IMPOSTOS E TRANSFERÊNCIAS DE;0.0;-3649886.6;11578864.74;9071616.22;8722237.85
2026;3;08  ;ASSISTÊNCIA SOCIAL                                     ;241 ;ASSISTÊNCIA AO IDOSO                                                                                                    ;1222;PROMOÇÃO DOS DIREITOS HUMANOS, CIDADANIA E IGUALDADE ÉTNICO-RACIAL                                                      ;2991;APOIO A EXECUÇÃO DA POLÍTICA MUNICIPAL DE DIREITOS DA PESSOA IDOSA                                                                                                                                      ;0669;OUTROS RECURSOS VINCULADOS À ASSISTÊNCIA SOCIAL        ;0.0;0.0;13047388.7;12983523.91;12921506.84
2026;3;13  ;CULTURA                                                ;122 ;ADMINISTRAÇÃO GERAL                                                                                                     ;2161;GESTÃO ADMINISTRATIVA DOS ÓRGÃOS, ENTIDADES E FUNDOS MUNICIPAIS                                                         ;2723;APOIO ADMINISTRATIVO ÀS AÇÕES DA UNIDADE ORÇAMENTÁRIA                                                                                                                                                   ;0500;RECURSOS NÃO VINCULADOS DE IMPOSTOS                    ;0.0;933480.64;1666581.95;2609676.19;1063341.8
2026;3;17  ;SANEAMENTO                                             ;512 ;SANEAMENTO BÁSICO URBANO                                                                                                ;1220;PROMOÇÃO DE POLÍTICAS DE SANEAMENTO                                                                                     ;2044;MANUTENÇÃO DOS SISTEMAS DE ESGOTAMENTO SANITÁRIO                                                                                                                                                        ;0500;RECURSOS NÃO VINCULADOS DE IMPOSTOS                    ;0.0;0.0;0.0;872364.36;876105.37
2026;3;10  ;SAÚDE                                                  ;301 ;ATENÇÃO BÁSICA                                                                                                          ;1233;MELHORIA DO ACESSO À ASSISTÊNCIA FARMACÊUTICA                                                                           ;2322;MANUTENÇÃO DO ADEQUADO SUPRIMENTO DA REDE EM ASSISTÊNCIA FARMACÊUTICA NA ATENÇÃO BÁSICA                                                                                                                 ;0621;TRANSF. FUNDO A FUNDO SUS PROV. DO GOVERNO ESTADUAL    ;0.0;-218060.0;0.0;0.0;204516.0
2026;3;08  ;ASSISTÊNCIA SOCIAL                                     ;422 ;DIREITOS INDIVIDUAIS, COLETIVOS E DIFUSOS                                                                               ;2160;GESTÃO DAS POLÍTICAS MUNICIPAIS                                                                                         ;2274;COORDENAÇÃO, SUPERVISÃO E EXECUÇÃO DAS POLÍTICAS DE ASSISTÊNCIA SOCIAL E COMBATE À FOME                                                                                                                 ;0500;RECURSOS NÃO VINCULADOS DE IMPOSTOS                    ;0.0;0.0;1087940.31;1087940.31;1082483.33
2026;3;10  ;SAÚDE                                                  ;302 ;ASSISTÊNCIA HOSPITALAR E AMBULATORIAL                                                                                   ;1236;EXPANSÃO E MELHORIA NA INFRAESTRUTURA DE ATENDIMENTO EM SAÚDE                                                           ;1658;CONSTRUÇÃO, REFORMA, AMPLIAÇÃO E EQUIPAGEM DE UNIDADES DE SAÚDE NA MÉDIA E ALTA COMPLEXIDADE                                                                                                            ;0754;RECURSOS DE OPERAÇÕES DE CRÉDITO                       ;0.0;3582102.04;4481619.61;4457613.73;4683891.18
2026;3;28  ;ENCARGOS ESPECIAIS                                     ;843 ;SERVIÇO DA DÍVIDA INTERNA                                                                                               ;3101;GESTÃO DOS ENCARGOS GERAIS DO MUNICÍPIO                                                                                 ;9001;ENCARGOS DA DÍVIDA PÚBLICA INTERNA                                                                                                                                                                      ;0500;RECURSOS NÃO VINCULADOS DE IMPOSTOS                    ;0.0;35000000.0;42972052.77;47751473.36;69544753.34
2026;3;10  ;SAÚDE                                                  ;302 ;ASSISTÊNCIA HOSPITALAR E AMBULATORIAL                                                                                   ;2107;GESTÃO DAS POLÍTICAS MUNICIPAIS DE SAÚDE                                                                                ;2325;COORDENAÇÃO, SUPERVISÃO E EXECUÇÃO DAS POLÍTICAS DE SAÚDE NA MÉDIA E ALTA COMPLEXIDADE                                                                                                                  ;0605;ASSIST. FINANCEIRA DA UNIÃO - COMPLEMENTAÇÃO PISOS SALA;0.0;-1100000.0;1935948.46;1935948.46;1935948.46
2026;3;15  ;URBANISMO                                              ;846 ;OUTROS ENCARGOS ESPECIAIS                                                                                               ;3101;GESTÃO DOS ENCARGOS GERAIS DO MUNICÍPIO                                                                                 ;2705;ENCARGOS COM O FGTS DOS SERVIDORES                                                                                                                                                                      ;0501;OUTROS RECURSOS NÃO VINCULADOS                         ;0.0;-3000000.0;359491.83;765914.81;765914.81
2026;3;04  ;ADMINISTRAÇÃO                                          ;272 ;PREVIDÊNCIA DO REGIME ESTATUTÁRIO                                                                                       ;3101;GESTÃO DOS ENCARGOS GERAIS DO MUNICÍPIO                                                                                 ;9021;ENCARGOS COM A PREVIDÊNCIA SOCIAL DOS SERVIDORES - REGIME PRÓPRIO                                                                                                                                       ;0500;RECURSOS NÃO VINCULADOS DE IMPOSTOS                    ;0.0;-20000000.0;-76000000.0;0.0;0.0
2026;3;28  ;ENCARGOS ESPECIAIS                                     ;844 ;SERVIÇO DA DÍVIDA EXTERNA                                                                                               ;3101;GESTÃO DOS ENCARGOS GERAIS DO MUNICÍPIO                                                                                 ;9012;ENCARGOS DA DÍVIDA PÚBLICA EXTERNA                                                                                                                                                                      ;0500;RECURSOS NÃO VINCULADOS DE IMPOSTOS                    ;0.0;0.0;22306221.42;22306221.42;22306221.42
2026;3;06  ;SEGURANÇA PÚBLICA                                      ;422 ;DIREITOS INDIVIDUAIS, COLETIVOS E DIFUSOS                                                                               ;1252;PROMOÇÃO DOS DIREITOS HUMANOS, CIDADANIA E IGUALDADE ÉTNICO-RACIAL                                                      ;2147;SEGURANÇA NOS LOCAIS PÚBLICOS SOB JURISDIÇÃO DA CIDADE DO RECIFE                                                                                                                                        ;0500;RECURSOS NÃO VINCULADOS DE IMPOSTOS                    ;0.0;1948000.0;2002427.97;918949.15;1829761.25
2026;3;15  ;URBANISMO                                              ;452 ;SERVIÇOS URBANOS                                                                                                        ;1323;MANUTENÇÃO URBANA                                                                                                       ;2539;MANUTENÇÃO E CONSERVAÇÃO DE ÁREAS VERDES                                                                                                                                                                ;0754;RECURSOS DE OPERAÇÕES DE CRÉDITO                       ;0.0;767611.02;5687879.97;5787691.35;9478853.59
2026;3;14  ;DIREITOS DA CIDADANIA                                  ;422 ;DIREITOS INDIVIDUAIS, COLETIVOS E DIFUSOS                                                                               ;2160;GESTÃO DAS POLÍTICAS MUNICIPAIS                                                                                         ;2081;COORDENAÇÃO, SUPERVISÃO E EXECUÇÃO DA POLÍTICA PARA MULHERES                                                                                                                                            ;0500;RECURSOS NÃO VINCULADOS DE IMPOSTOS                    ;0.0;0.0;385378.51;385378.51;388489.82
2026;3;18  ;GESTÃO AMBIENTAL                                       ;541 ;PRESERVAÇÃO E CONSERVAÇÃO AMBIENTAL                                                                                     ;2160;GESTÃO DAS POLÍTICAS MUNICIPAIS                                                                                         ;2097;COORDENAÇÃO, SUPERVISÃO E EXECUÇÃO DAS POLÍTICAS DE MEIO AMBIENTE                                                                                                                                       ;0500;RECURSOS NÃO VINCULADOS DE IMPOSTOS                    ;0.0;0.0;608304.88;628794.1;631102.75
2026;3;04  ;ADMINISTRAÇÃO                                          ;122 ;ADMINISTRAÇÃO GERAL                                                                                                     ;2161;GESTÃO ADMINISTRATIVA DOS ÓRGÃOS, ENTIDADES E FUNDOS MUNICIPAIS                                                         ;2601;MELHORIA E MANUTENÇÃO DAS INSTALAÇÕES DA PREFEITURA DO RECIFE                                                                                                                                           ;0500;RECURSOS NÃO VINCULADOS DE IMPOSTOS                    ;0.0;0.0;653488.98;807646.72;834087.57
2026;3;14  ;DIREITOS DA CIDADANIA                                  ;422 ;DIREITOS INDIVIDUAIS, COLETIVOS E DIFUSOS                                                                               ;1235;DESENVOLVIMENTO DE POLÍTICAS PARA PROMOÇÃO DA IGUALDADE DE GÊNERO                                                       ;2080;PROMOÇÃO E EMPODERAMENTO SOCIOECONÔMICO DAS MULHERES                                                                                                                                                    ;0500;RECURSOS NÃO VINCULADOS DE IMPOSTOS                    ;0.0;-20000.0;0.0;0.0;0.0
2026;3;10  ;SAÚDE                                                  ;122 ;ADMINISTRAÇÃO GERAL                                                                                                     ;2165;GESTÃO ADMINISTRATIVA DO SISTEMA MUNICIPAL DE SAÚDE                                                                     ;2617;APOIO ADMINISTRATIVO ÀS AÇÕES DO FUNDO MUNICIPAL DE SAÚDE                                                                                                                                               ;0501;OUTROS RECURSOS NÃO VINCULADOS                         ;0.0;11003594.1;1027820.92;0.0;0.0
2026;3;15  ;URBANISMO                                              ;452 ;SERVIÇOS URBANOS                                                                                                        ;1323;MANUTENÇÃO URBANA                                                                                                       ;2582;ADMINISTRAÇÃO E FISCALIZAÇÃO DE NECRÓPOLES                                                                                                                                                              ;0899;OUTROS RECURSOS VINCULADOS                             ;0.0;1500000.0;575389.13;644516.55;702839.33
2026;3;10  ;SAÚDE                                                  ;305 ;VIGILÂNCIA EPIDEMIOLÓGICA                                                                                               ;1217;FORTALECIMENTO DAS AÇÕES DE VIGILÂNCIA EM SAÚDE                                                                         ;2612;FORTALECIMENTO DAS AÇÕES DE VIGILÂNCIA AMBIENTAL PARA O CONTROLE DE DOENÇAS E AGRAVOS                                                                                                                   ;0659;OUTROS RECURSOS VINCULADOS À SAÚDE                     ;0.0;-10237253.99;147746.01;0.0;0.0
2026;3;14  ;DIREITOS DA CIDADANIA                                  ;422 ;DIREITOS INDIVIDUAIS, COLETIVOS E DIFUSOS                                                                               ;1222;PROMOÇÃO DOS DIREITOS HUMANOS, CIDADANIA E IGUALDADE ÉTNICO-RACIAL                                                      ;2029;IMPLEMENTAÇÃO DAS AÇÕES DE PROMOÇÃO E DEFESA DOS DIREITOS HUMANOS                                                                                                                                       ;0700;OUTRAS TRANSF. CONV. OU INSTRUM. CONGÊNERES - UNIÃO    ;0.0;-11684404.89;0.0;0.0;0.0
2026;3;13  ;CULTURA                                                ;392 ;DIFUSÃO CULTURAL                                                                                                        ;1211;VALORIZAÇÃO DA CULTURA                                                                                                  ;2311;OTIMIZAÇÃO E DEMOCRATIZAÇÃO DOS EQUIPAMENTOS CULTURAIS                                                                                                                                                  ;0500;RECURSOS NÃO VINCULADOS DE IMPOSTOS                    ;0.0;990000.0;0.0;0.0;0.0
2026;3;04  ;ADMINISTRAÇÃO                                          ;846 ;OUTROS ENCARGOS ESPECIAIS                                                                                               ;3101;GESTÃO DOS ENCARGOS GERAIS DO MUNICÍPIO                                                                                 ;2129;ENCARGOS COM EXERCÍCIOS FINDOS DE PESSOAL DA ATIVA E INATIVA                                                                                                                                            ;0500;RECURSOS NÃO VINCULADOS DE IMPOSTOS                    ;0.0;100000.0;122015.66;122015.66;122015.66
2026;3;04  ;ADMINISTRAÇÃO                                          ;846 ;OUTROS ENCARGOS ESPECIAIS                                                                                               ;3101;GESTÃO DOS ENCARGOS GERAIS DO MUNICÍPIO                                                                                 ;2120;ENCARGOS COM SERVIDORES À DISPOSIÇÃO DA ADMINISTRAÇÃO DIRETA - PREFEITURA DO RECIFE                                                                                                                     ;0500;RECURSOS NÃO VINCULADOS DE IMPOSTOS                    ;0.0;-100000.0;4171421.76;1547185.73;1571221.42
2026;3;15  ;URBANISMO                                              ;452 ;SERVIÇOS URBANOS                                                                                                        ;1310;REQUALIFICAÇÃO, AMPLIAÇÃO E REORDENAMENTO DOS ESPAÇOS PÚBLICOS                                                          ;2566;REQUALIFICAÇÃO DE ESPAÇOS DE INTERESSE PÚBLICO                                                                                                                                                          ;0501;OUTROS RECURSOS NÃO VINCULADOS                         ;0.0;0.0;3100.0;3100.0;3100.0
2026;3;08  ;ASSISTÊNCIA SOCIAL                                     ;244 ;ASSISTÊNCIA COMUNITÁRIA                                                                                                 ;1324;FORTALECIMENTO DA POLÍTICA DE SEGURANÇA ALIMENTAR E NUTRICIONAL                                                         ;2220;DESENVOLVIMENTO DE AÇÕES DE SEGURANÇA ALIMENTAR E NUTRICIONAL                                                                                                                                           ;0661;TRANSF. DE RECURSOS DOS FUNDOS EST. - ASSIST. SOCIAL   ;0.0;0.0;123.54;123.54;123.54
2026;3;15  ;URBANISMO                                              ;451 ;INFRA-ESTRUTURA URBANA                                                                                                  ;1313;REQUALIFICAÇÃO DE ÁREAS DE BAIXA RENDA                                                                                  ;1577;PROJETO CAPIBARIBE MELHOR                                                                                                                                                                               ;0754;RECURSOS DE OPERAÇÕES DE CRÉDITO                       ;0.0;2070118.2;897286.92;258854.87;200987.11
2026;3;09  ;PREVIDÊNCIA SOCIAL                                     ;272 ;PREVIDÊNCIA DO REGIME ESTATUTÁRIO                                                                                       ;3101;GESTÃO DOS ENCARGOS GERAIS DO MUNICÍPIO                                                                                 ;9007;ENCARGOS COM INATIVOS E PENSIONISTAS DO SETOR EDUCACIONAL - REGIME PRÓPRIO DO MUNICÍPIO                                                                                                                 ;0762;RECURSOS DE ALIENAÇÃO DE ATIVOS - CESSÃO DE DIREITOS CR;0.0;8156484.01;8151748.13;8151748.13;8063099.42
2026;3;09  ;PREVIDÊNCIA SOCIAL                                     ;273 ;PREVIDÊNCIA COMPLEMENTAR                                                                                                ;3101;GESTÃO DOS ENCARGOS GERAIS DO MUNICÍPIO                                                                                 ;9011;ENCARGOS COM INATIVOS E PENSIONISTAS DO GERALDÃO - REGIME PRÓPRIO DO MUNICÍPIO                                                                                                                          ;0800;RECURSOS VINC. AO RPPS - FUNDO CAPIT. (PLANO PREV.)    ;0.0;0.0;3864.05;3864.05;3844.43
2026;3;04  ;ADMINISTRAÇÃO                                          ;122 ;ADMINISTRAÇÃO GERAL                                                                                                     ;2160;GESTÃO DAS POLÍTICAS MUNICIPAIS                                                                                         ;2027;COORDENAÇÃO, SUPERVISÃO E EXECUÇÃO DAS AÇÕES MUNICIPAIS DE ADMINISTRAÇÃO                                                                                                                                ;0799;OUTRAS VINCULAÇÕES LEGAIS                              ;0.0;0.0;0.0;69149.42;71281.89
2026;3;28  ;ENCARGOS ESPECIAIS                                     ;846 ;OUTROS ENCARGOS ESPECIAIS                                                                                               ;3101;GESTÃO DOS ENCARGOS GERAIS DO MUNICÍPIO                                                                                 ;9002;CONTRIBUIÇÕES PARA O PIS/PASEP                                                                                                                                                                          ;0720;TRANSF. DA UNIÃO REF. ÀS PARTICIPAÇÕES NA EXPLORAÇÃO DE;0.0;0.0;0.0;19224.31;0.0
2026;3;15  ;URBANISMO                                              ;451 ;INFRA-ESTRUTURA URBANA                                                                                                  ;1313;REQUALIFICAÇÃO DE ÁREAS DE BAIXA RENDA                                                                                  ;1577;PROJETO CAPIBARIBE MELHOR                                                                                                                                                                               ;0700;OUTRAS TRANSF. CONV. OU INSTRUM. CONGÊNERES - UNIÃO    ;0.0;-7000000.0;-636826.05;184787.88;0.0
2026;3;27  ;DESPORTO E LAZER                                       ;812 ;DESPORTO COMUNITÁRIO                                                                                                    ;1226;PROMOÇÃO DE POLÍTICAS DE INCENTIVO AO ESPORTE E PRÁTICA DE EXERCÍCIO FÍSICO PARA PROMOÇÃO DA SAÚDE                      ;2281;MELHORIA E AMPLIAÇÃO DA REDE FÍSICA DE ESPORTE E REDE DE EXERCÍCIO FÍSICO NA SAÚDE                                                                                                                      ;0706;TRANSFERÊNCIA ESPECIAL DA UNIÃO                        ;0.0;1063750.0;0.0;0.0;0.0
2026;3;15  ;URBANISMO                                              ;122 ;ADMINISTRAÇÃO GERAL                                                                                                     ;2161;GESTÃO ADMINISTRATIVA DOS ÓRGÃOS, ENTIDADES E FUNDOS MUNICIPAIS                                                         ;2723;APOIO ADMINISTRATIVO ÀS AÇÕES DA UNIDADE ORÇAMENTÁRIA                                                                                                                                                   ;0501;OUTROS RECURSOS NÃO VINCULADOS                         ;0.0;-10813140.12;3157429.43;3967122.74;5894373.59
2026;3;13  ;CULTURA                                                ;392 ;DIFUSÃO CULTURAL                                                                                                        ;1211;VALORIZAÇÃO DA CULTURA                                                                                                  ;2304;PROMOÇÕES DE AÇÕES CULTURAIS                                                                                                                                                                            ;0500;RECURSOS NÃO VINCULADOS DE IMPOSTOS                    ;0.0;1776635.13;4727450.1;4439261.36;3261681.83
2026;3;04  ;ADMINISTRAÇÃO                                          ;272 ;PREVIDÊNCIA DO REGIME ESTATUTÁRIO                                                                                       ;3101;GESTÃO DOS ENCARGOS GERAIS DO MUNICÍPIO                                                                                 ;9021;ENCARGOS COM A PREVIDÊNCIA SOCIAL DOS SERVIDORES - REGIME PRÓPRIO                                                                                                                                       ;0762;RECURSOS DE ALIENAÇÃO DE ATIVOS - CESSÃO DE DIREITOS CR;0.0;0.0;0.0;22512223.52;18489049.58
2026;3;08  ;ASSISTÊNCIA SOCIAL                                     ;243 ;ASSISTÊNCIA À CRIANÇA E AO ADOLESCENTE                                                                                  ;1247;PROMOÇÃO E FORTALECIMENTO DA POLÍTICA DA PRIMEIRA INFÂNCIA                                                              ;2113;APOIO À PRIMEIRA INFÂNCIA                                                                                                                                                                               ;0660;TRANSFERÊNCIA DE RECURSOS DO FNAS                      ;0.0;18037.42;0.0;0.0;0.0
2026;3;04  ;ADMINISTRAÇÃO                                          ;451 ;INFRA-ESTRUTURA URBANA                                                                                                  ;2160;GESTÃO DAS POLÍTICAS MUNICIPAIS                                                                                         ;1662;IMPLEMENTAÇÃO DE PROJETOS, PARCERIAS E EQUIPAMENTOS PÚBLICOS ESTRATÉGICOS                                                                                                                               ;0500;RECURSOS NÃO VINCULADOS DE IMPOSTOS                    ;0.0;57890.15;116800.0;116800.0;116800.0
2026;3;04  ;ADMINISTRAÇÃO                                          ;126 ;TECNOLOGIA DA INFORMAÇÃO                                                                                                ;2123;MELHORIA DA QUALIDADE DOS SERVIÇOS DE TIC E TRANSFORMAÇÃO DIGITAL DOS SERVIÇOS E PROCESSOS DA PCR                       ;1541;EXPANSÃO E ATUALIZAÇÃO DO AMBIENTE DE TECNOLOGIA DA INFORMAÇÃO                                                                                                                                          ;0500;RECURSOS NÃO VINCULADOS DE IMPOSTOS                    ;0.0;0.0;686268.54;403869.42;382231.91
2026;3;13  ;CULTURA                                                ;391 ;PATRIMÔNIO HISTÓRICO, ARTÍSTICO E ARQUEOLÓGICO                                                                          ;1211;VALORIZAÇÃO DA CULTURA                                                                                                  ;2309;MANUTENÇÃO, RESTAURAÇÃO E PRESERVAÇÃO DE EQUIPAMENTOS E BENS CULTURAIS                                                                                                                                  ;0715;TRANSFERÊNCIAS DESTINADAS AO SETOR CULTURAL - LC N° 195;0.0;2628850.0;0.0;0.0;0.0
2026;3;15  ;URBANISMO                                              ;453 ;TRANSPORTES COLETIVOS URBANOS                                                                                           ;1304;MOBILIDADE URBANA E ACESSIBILIDADE                                                                                      ;2510;GERENCIAMENTO DO TRÂNSITO E DO TRANSPORTE PÚBLICO                                                                                                                                                       ;0751;RECURSOS DA COSIP                                      ;0.0;0.0;0.0;66047.25;66047.25
2026;3;10  ;SAÚDE                                                  ;303 ;SUPORTE PROFILÁTICO E TERAPÊUTICO                                                                                       ;1233;MELHORIA DO ACESSO À ASSISTÊNCIA FARMACÊUTICA                                                                           ;2881;MANUTENÇÃO DO ADEQUADO SUPRIMENTO DA REDE EM ASSISTÊNCIA FARMACÊUTICA                                                                                                                                   ;0600;TRANSF. FUNDO A FUNDO SUS GOV. FED. - BL. MANUTENÇÃO SE;0.0;0.0;17456.0;1154182.25;789806.85
2026;3;10  ;SAÚDE                                                  ;301 ;ATENÇÃO BÁSICA                                                                                                          ;1216;FORTALECIMENTO E QUALIFICAÇÃO DA ATENÇÃO BÁSICA EM SAÚDE                                                                ;2724;MANUTENÇÃO DA REDE BÁSICA DE SAÚDE                                                                                                                                                                      ;0501;OUTROS RECURSOS NÃO VINCULADOS                         ;0.0;773080.47;0.0;0.0;0.0
2026;3;12  ;EDUCAÇÃO                                               ;361 ;ENSINO FUNDAMENTAL                                                                                                      ;2167;GESTÃO ADMINISTRATIVA DO SETOR EDUCACIONAL                                                                              ;2036;APOIO ADMINISTRATIVO ÀS AÇÕES DE EDUCAÇÃO DA REDE MUNICIPAL DE ENSINO                                                                                                                                   ;0500;RECURSOS NÃO VINCULADOS DE IMPOSTOS                    ;0.0;11550000.0;10650170.8;3449859.13;3491952.88
2026;3;15  ;URBANISMO                                              ;846 ;OUTROS ENCARGOS ESPECIAIS                                                                                               ;3101;GESTÃO DOS ENCARGOS GERAIS DO MUNICÍPIO                                                                                 ;2705;ENCARGOS COM O FGTS DOS SERVIDORES                                                                                                                                                                      ;0500;RECURSOS NÃO VINCULADOS DE IMPOSTOS                    ;0.0;0.0;0.0;0.0;43332.14
2026;3;19  ;CIÊNCIA E TECNOLOGIA                                   ;122 ;ADMINISTRAÇÃO GERAL                                                                                                     ;2161;GESTÃO ADMINISTRATIVA DOS ÓRGÃOS, ENTIDADES E FUNDOS MUNICIPAIS                                                         ;2723;APOIO ADMINISTRATIVO ÀS AÇÕES DA UNIDADE ORÇAMENTÁRIA                                                                                                                                                   ;0500;RECURSOS NÃO VINCULADOS DE IMPOSTOS                    ;0.0;0.0;16289.94;15050.0;15050.0
2026;3;15  ;URBANISMO                                              ;452 ;SERVIÇOS URBANOS                                                                                                        ;3101;GESTÃO DOS ENCARGOS GERAIS DO MUNICÍPIO                                                                                 ;2058;ENCARGOS COM ENERGIA ELÉTRICA DE VIAS PÚBLICAS                                                                                                                                                          ;0751;RECURSOS DA COSIP                                      ;0.0;0.0;12248.83;1677302.99;1677302.99
2026;3;04  ;ADMINISTRAÇÃO                                          ;122 ;ADMINISTRAÇÃO GERAL                                                                                                     ;2161;GESTÃO ADMINISTRATIVA DOS ÓRGÃOS, ENTIDADES E FUNDOS MUNICIPAIS                                                         ;2601;MELHORIA E MANUTENÇÃO DAS INSTALAÇÕES DA PREFEITURA DO RECIFE                                                                                                                                           ;0799;OUTRAS VINCULAÇÕES LEGAIS                              ;0.0;0.0;41583.4;13271.78;13271.78
2026;3;12  ;EDUCAÇÃO                                               ;361 ;ENSINO FUNDAMENTAL                                                                                                      ;3103;GESTÃO DOS ENCARGOS GERAIS DO SETOR EDUCACIONAL                                                                         ;9022;ENCARGOS COM A PREVIDÊNCIA SOCIAL DOS SERVIDORES - REGIME GERAL                                                                                                                                         ;0500;RECURSOS NÃO VINCULADOS DE IMPOSTOS                    ;0.0;0.0;2648194.6;2648194.64;2648194.64
2026;3;04  ;ADMINISTRAÇÃO                                          ;122 ;ADMINISTRAÇÃO GERAL                                                                                                     ;3101;GESTÃO DOS ENCARGOS GERAIS DO MUNICÍPIO                                                                                 ;2048;ENCARGOS GERAIS COMUNS AOS DIVERSOS ÓRGÃOS                                                                                                                                                              ;0500;RECURSOS NÃO VINCULADOS DE IMPOSTOS                    ;0.0;0.0;1159714.16;3200684.7;3160721.76
2026;3;12  ;EDUCAÇÃO                                               ;365 ;EDUCAÇÃO INFANTIL                                                                                                       ;1247;PROMOÇÃO E FORTALECIMENTO DA POLÍTICA DA PRIMEIRA INFÂNCIA                                                              ;2179;AMPLIAÇÃO E DESENVOLVIMENTO DA EDUCAÇÃO INFANTIL                                                                                                                                                        ;0541;TRANSFERÊNCIAS DO FUNDEB - COMPLEMENTAÇÃO DA UNIÃO - VA;0.0;0.0;0.0;0.0;34853.97
2026;3;13  ;CULTURA                                                ;392 ;DIFUSÃO CULTURAL                                                                                                        ;2160;GESTÃO DAS POLÍTICAS MUNICIPAIS                                                                                         ;2212;COORDENAÇÃO, SUPERVISÃO E EXECUÇÃO DAS POLÍTICAS DE CULTURA DO MUNICÍPIO                                                                                                                                ;0500;RECURSOS NÃO VINCULADOS DE IMPOSTOS                    ;0.0;-40000.0;1498166.9;1497492.2;1468230.96
2026;3;14  ;DIREITOS DA CIDADANIA                                  ;422 ;DIREITOS INDIVIDUAIS, COLETIVOS E DIFUSOS                                                                               ;1222;PROMOÇÃO DOS DIREITOS HUMANOS, CIDADANIA E IGUALDADE ÉTNICO-RACIAL                                                      ;2029;IMPLEMENTAÇÃO DAS AÇÕES DE PROMOÇÃO E DEFESA DOS DIREITOS HUMANOS                                                                                                                                       ;0500;RECURSOS NÃO VINCULADOS DE IMPOSTOS                    ;0.0;1500625.0;1119187.34;1157733.19;1153416.02
2026;3;12  ;EDUCAÇÃO                                               ;361 ;ENSINO FUNDAMENTAL                                                                                                      ;1207;SUPORTE E APOIO EFETIVOS PARA UMA EDUCAÇÃO DE QUALIDADE                                                                 ;1043;EXPANSÃO DA REDE FÍSICA DO ENSINO FUNDAMENTAL                                                                                                                                                           ;0500;RECURSOS NÃO VINCULADOS DE IMPOSTOS                    ;0.0;1652353.06;1041969.4;0.0;69204.51
2026;3;15  ;URBANISMO                                              ;451 ;INFRA-ESTRUTURA URBANA                                                                                                  ;1310;REQUALIFICAÇÃO, AMPLIAÇÃO E REORDENAMENTO DOS ESPAÇOS PÚBLICOS                                                          ;2289;GESTÃO DO CONTROLE URBANO                                                                                                                                                                               ;0500;RECURSOS NÃO VINCULADOS DE IMPOSTOS                    ;0.0;-2000000.0;2482870.6;2712441.57;2998996.07
2026;3;12  ;EDUCAÇÃO                                               ;365 ;EDUCAÇÃO INFANTIL                                                                                                       ;1247;PROMOÇÃO E FORTALECIMENTO DA POLÍTICA DA PRIMEIRA INFÂNCIA                                                              ;2179;AMPLIAÇÃO E DESENVOLVIMENTO DA EDUCAÇÃO INFANTIL                                                                                                                                                        ;0546;TRANSFERÊNCIAS DO FUNDEB - COMPLEMENTAÇÃO DA UNIÃO - ET;0.0;2207555.88;2207555.88;2081996.53;1945644.38
2026;3;04  ;ADMINISTRAÇÃO                                          ;122 ;ADMINISTRAÇÃO GERAL                                                                                                     ;2161;GESTÃO ADMINISTRATIVA DOS ÓRGÃOS, ENTIDADES E FUNDOS MUNICIPAIS                                                         ;2723;APOIO ADMINISTRATIVO ÀS AÇÕES DA UNIDADE ORÇAMENTÁRIA                                                                                                                                                   ;0500;RECURSOS NÃO VINCULADOS DE IMPOSTOS                    ;0.0;0.0;5391331.99;9274366.04;9122813.08
2026;3;15  ;URBANISMO                                              ;451 ;INFRA-ESTRUTURA URBANA                                                                                                  ;1303;GESTÃO DE RISCO EM ENCOSTAS E ALAGADOS                                                                                  ;1574;URBANIZAÇÃO DE ÁREAS DE RISCO                                                                                                                                                                           ;0500;RECURSOS NÃO VINCULADOS DE IMPOSTOS                    ;0.0;-7802997.18;0.0;0.0;0.0
2026;3;10  ;SAÚDE                                                  ;846 ;OUTROS ENCARGOS ESPECIAIS                                                                                               ;3104;ATENDIMENTO DE SAÚDE AOS SERVIDORES BENEFICIÁRIOS DO SAÚDE RECIFE                                                       ;2084;OFERTA DE SERVIÇOS DE SAÚDE AOS BENEFICIÁRIOS DO SAÚDE RECIFE                                                                                                                                           ;0799;OUTRAS VINCULAÇÕES LEGAIS                              ;0.0;-452795.39;3722281.65;3821180.18;3887897.2
2026;3;10  ;SAÚDE                                                  ;846 ;OUTROS ENCARGOS ESPECIAIS                                                                                               ;3104;ATENDIMENTO DE SAÚDE AOS SERVIDORES BENEFICIÁRIOS DO SAÚDE RECIFE                                                       ;2084;OFERTA DE SERVIÇOS DE SAÚDE AOS BENEFICIÁRIOS DO SAÚDE RECIFE                                                                                                                                           ;0500;RECURSOS NÃO VINCULADOS DE IMPOSTOS                    ;0.0;0.0;5197810.22;5197810.22;5192913.39
2026;3;15  ;URBANISMO                                              ;451 ;INFRA-ESTRUTURA URBANA                                                                                                  ;1310;REQUALIFICAÇÃO, AMPLIAÇÃO E REORDENAMENTO DOS ESPAÇOS PÚBLICOS                                                          ;2289;GESTÃO DO CONTROLE URBANO                                                                                                                                                                               ;0754;RECURSOS DE OPERAÇÕES DE CRÉDITO                       ;0.0;586245.38;372222.0;1116666.0;372222.0
2026;3;23  ;COMÉRCIO E SERVIÇOS                                    ;691 ;PROMOÇÃO COMERCIAL                                                                                                      ;1310;REQUALIFICAÇÃO, AMPLIAÇÃO E REORDENAMENTO DOS ESPAÇOS PÚBLICOS                                                          ;2548;GERENCIAMENTO DOS MERCADOS, FEIRAS E OUTROS ESPAÇOS PÚBLICOS                                                                                                                                            ;0501;OUTROS RECURSOS NÃO VINCULADOS                         ;0.0;0.0;2998169.75;3808817.96;3221179.23
2026;3;28  ;ENCARGOS ESPECIAIS                                     ;846 ;OUTROS ENCARGOS ESPECIAIS                                                                                               ;3101;GESTÃO DOS ENCARGOS GERAIS DO MUNICÍPIO                                                                                 ;9015;ENCARGOS COM PENSIONISTAS DA PREFEITURA DO RECIFE                                                                                                                                                       ;0500;RECURSOS NÃO VINCULADOS DE IMPOSTOS                    ;0.0;0.0;80811.73;80811.73;80921.52
2026;3;17  ;SANEAMENTO                                             ;512 ;SANEAMENTO BÁSICO URBANO                                                                                                ;1323;MANUTENÇÃO URBANA                                                                                                       ;2543;MANUTENÇÃO E RETIFICAÇÃO DOS SISTEMAS DE MICRO E MACRO-DRENAGEM                                                                                                                                         ;0500;RECURSOS NÃO VINCULADOS DE IMPOSTOS                    ;0.0;2016000.0;0.0;0.0;0.0
2026;3;15  ;URBANISMO                                              ;451 ;INFRA-ESTRUTURA URBANA                                                                                                  ;1325;REQUALIFICAÇÃO E RESILIÊNCIA URBANA EM ÁREAS DE VULNERABILIDADE SOCIOAMBIENTAL                                          ;1028;AMPLIAÇÃO E MELHORIA DA INFRAESTRUTURA URBANA                                                                                                                                                           ;0754;RECURSOS DE OPERAÇÕES DE CRÉDITO                       ;0.0;0.0;127375959.63;13315829.36;12578482.37
2026;3;23  ;COMÉRCIO E SERVIÇOS                                    ;691 ;PROMOÇÃO COMERCIAL                                                                                                      ;1310;REQUALIFICAÇÃO, AMPLIAÇÃO E REORDENAMENTO DOS ESPAÇOS PÚBLICOS                                                          ;1587;CONSTRUÇÃO E RECUPERAÇÃO DE MERCADOS, FEIRAS, ESPAÇOS PARA O COMÉRCIO POPULAR E OUTROS ESPAÇOS PÚBLICOS                                                                                                 ;0754;RECURSOS DE OPERAÇÕES DE CRÉDITO                       ;0.0;794600.59;684343.14;684343.14;349727.4
2026;3;04  ;ADMINISTRAÇÃO                                          ;124 ;CONTROLE INTERNO                                                                                                        ;2164;FORTALECIMENTO DO SISTEMA DE CONTROLE INTERNO                                                                           ;2015;GESTÃO E APERFEIÇOAMENTO DO CONTROLE INTERNO DA ADMINISTRAÇÃO MUNICIPAL                                                                                                                                 ;0500;RECURSOS NÃO VINCULADOS DE IMPOSTOS                    ;0.0;0.0;1037128.77;1037128.77;1036161.85
2026;3;23  ;COMÉRCIO E SERVIÇOS                                    ;694 ;SERVIÇOS FINANCEIROS                                                                                                    ;1321;FORTALECIMENTO DE ATIVIDADES ECONÔMICAS                                                                                 ;2105;APOIO AO EMPREENDEDORISMO                                                                                                                                                                               ;0500;RECURSOS NÃO VINCULADOS DE IMPOSTOS                    ;0.0;0.0;0.0;0.0;60000.0
2026;3;17  ;SANEAMENTO                                             ;512 ;SANEAMENTO BÁSICO URBANO                                                                                                ;1220;PROMOÇÃO DE POLÍTICAS DE SANEAMENTO                                                                                     ;1579;URBANIZAÇÃO DA BACIA DO BEBERIBE                                                                                                                                                                        ;0754;RECURSOS DE OPERAÇÕES DE CRÉDITO                       ;0.0;0.0;11181.13;0.0;0.0
2026;3;09  ;PREVIDÊNCIA SOCIAL                                     ;122 ;ADMINISTRAÇÃO GERAL                                                                                                     ;3101;GESTÃO DOS ENCARGOS GERAIS DO MUNICÍPIO                                                                                 ;9018;ENCARGOS ADMINISTRATIVOS PARA GESTÃO DO REGIME PRÓPRIO DE PREVIDÊNCIA SOCIAL DO MUNICÍPIO                                                                                                               ;0801;RECURSOS VINC. AO RPPS - FUNDO REP. (PLANO FINANC.)    ;0.0;0.0;1046427.02;1046427.02;1046427.02
2026;3;12  ;EDUCAÇÃO                                               ;366 ;EDUCAÇÃO DE JOVENS E ADULTOS                                                                                            ;1206;ORGANIZAÇÃO EFICAZ DO ENSINO E DA APRENDIZAGEM                                                                          ;2183;REALIZAÇÃO DE POLÍTICAS DE INCENTIVO À FORMAÇÃO DE JOVENS PARA A CIDADANIA E O TRABALHO                                                                                                                 ;0500;RECURSOS NÃO VINCULADOS DE IMPOSTOS                    ;0.0;0.0;4376612.97;-3178687.72;2821117.19
2026;3;12  ;EDUCAÇÃO                                               ;361 ;ENSINO FUNDAMENTAL                                                                                                      ;2167;GESTÃO ADMINISTRATIVA DO SETOR EDUCACIONAL                                                                              ;2036;APOIO ADMINISTRATIVO ÀS AÇÕES DE EDUCAÇÃO DA REDE MUNICIPAL DE ENSINO                                                                                                                                   ;0541;TRANSFERÊNCIAS DO FUNDEB - COMPLEMENTAÇÃO DA UNIÃO - VA;0.0;0.0;0.0;788308.34;785899.63
2026;3;10  ;SAÚDE                                                  ;301 ;ATENÇÃO BÁSICA                                                                                                          ;1236;EXPANSÃO E MELHORIA NA INFRAESTRUTURA DE ATENDIMENTO EM SAÚDE                                                           ;1032;CONSTRUÇÃO, REFORMA, AMPLIAÇÃO E EQUIPAGEM DE UNIDADES DE SAÚDE NA ATENÇÃO BÁSICA                                                                                                                       ;0754;RECURSOS DE OPERAÇÕES DE CRÉDITO                       ;0.0;7784867.51;124728.53;100259.9;55862.05
2026;3;15  ;URBANISMO                                              ;846 ;OUTROS ENCARGOS ESPECIAIS                                                                                               ;3101;GESTÃO DOS ENCARGOS GERAIS DO MUNICÍPIO                                                                                 ;2701;ENCARGOS COM OBRIGAÇÕES TRIBUTÁRIAS E CONTRIBUTIVAS                                                                                                                                                     ;0501;OUTROS RECURSOS NÃO VINCULADOS                         ;0.0;0.0;4420.25;10412.54;10435.37
2026;3;09  ;PREVIDÊNCIA SOCIAL                                     ;273 ;PREVIDÊNCIA COMPLEMENTAR                                                                                                ;3101;GESTÃO DOS ENCARGOS GERAIS DO MUNICÍPIO                                                                                 ;9022;ENCARGOS COM A PREVIDÊNCIA SOCIAL DOS SERVIDORES - REGIME GERAL                                                                                                                                         ;0802;RECURSOS VINCULADOS RPPS - TAXA ADMINISTRAÇÃO          ;0.0;0.0;323136.69;52178.85;52178.85
2026;3;11  ;TRABALHO                                               ;363 ;ENSINO PROFISSIONAL                                                                                                     ;1320;PROMOÇÃO SOCIAL E PROFISSIONAL PARA GERAÇÃO DE TRABALHO E RENDA                                                         ;2992;QUALIFICAÇÃO SOCIAL PROFISSIONAL E DIFUSÃO DO EMPREENDEDORISMO PARA GERAÇÃO DE TRABALHO E RENDA                                                                                                         ;0500;RECURSOS NÃO VINCULADOS DE IMPOSTOS                    ;0.0;58909.85;369076.0;722451.38;778409.09
2026;3;15  ;URBANISMO                                              ;452 ;SERVIÇOS URBANOS                                                                                                        ;1323;MANUTENÇÃO URBANA                                                                                                       ;2539;MANUTENÇÃO E CONSERVAÇÃO DE ÁREAS VERDES                                                                                                                                                                ;0501;OUTROS RECURSOS NÃO VINCULADOS                         ;0.0;0.0;146438.74;2017130.33;2029198.86
2026;3;14  ;DIREITOS DA CIDADANIA                                  ;122 ;ADMINISTRAÇÃO GERAL                                                                                                     ;2161;GESTÃO ADMINISTRATIVA DOS ÓRGÃOS, ENTIDADES E FUNDOS MUNICIPAIS                                                         ;2723;APOIO ADMINISTRATIVO ÀS AÇÕES DA UNIDADE ORÇAMENTÁRIA                                                                                                                                                   ;0500;RECURSOS NÃO VINCULADOS DE IMPOSTOS                    ;0.0;90063.0;296502.74;631522.96;721934.34
2026;3;10  ;SAÚDE                                                  ;302 ;ASSISTÊNCIA HOSPITALAR E AMBULATORIAL                                                                                   ;1238;FORTALECIMENTO E QUALIFICAÇÃO DA ATENÇÃO À SAÚDE DE MÉDIA E ALTA COMPLEXIDADE                                           ;2085;GARANTIA DA OFERTA DE PROCEDIMENTOS ATRAVÉS DA REDE PRÓPRIA                                                                                                                                             ;0501;OUTROS RECURSOS NÃO VINCULADOS                         ;0.0;5045917.1;330769.59;659719.11;659719.11
2026;3;15  ;URBANISMO                                              ;273 ;PREVIDÊNCIA COMPLEMENTAR                                                                                                ;3101;GESTÃO DOS ENCARGOS GERAIS DO MUNICÍPIO                                                                                 ;9022;ENCARGOS COM A PREVIDÊNCIA SOCIAL DOS SERVIDORES - REGIME GERAL                                                                                                                                         ;0500;RECURSOS NÃO VINCULADOS DE IMPOSTOS                    ;0.0;0.0;0.0;200810.7;190145.13
2026;3;12  ;EDUCAÇÃO                                               ;361 ;ENSINO FUNDAMENTAL                                                                                                      ;1249;AMPLIAÇÃO E GESTÃO DA REDE DE ENSINO FUNDAMENTAL                                                                        ;2178;UNIVERSALIZAÇÃO E QUALIFICAÇÃO DO ENSINO FUNDAMENTAL                                                                                                                                                    ;0541;TRANSFERÊNCIAS DO FUNDEB - COMPLEMENTAÇÃO DA UNIÃO - VA;0.0;0.0;870231.75;1083912.21;990030.41
2026;3;12  ;EDUCAÇÃO                                               ;306 ;ALIMENTAÇÃO E NUTRIÇÃO                                                                                                  ;1207;SUPORTE E APOIO EFETIVOS PARA UMA EDUCAÇÃO DE QUALIDADE                                                                 ;2127;ALIMENTAÇÃO ESCOLAR                                                                                                                                                                                     ;0550;TRANSFERÊNCIA DO SALÁRIO-EDUCAÇÃO                      ;0.0;0.0;0.0;4516849.98;4516849.98
2026;3;10  ;SAÚDE                                                  ;302 ;ASSISTÊNCIA HOSPITALAR E AMBULATORIAL                                                                                   ;1236;EXPANSÃO E MELHORIA NA INFRAESTRUTURA DE ATENDIMENTO EM SAÚDE                                                           ;1658;CONSTRUÇÃO, REFORMA, AMPLIAÇÃO E EQUIPAGEM DE UNIDADES DE SAÚDE NA MÉDIA E ALTA COMPLEXIDADE                                                                                                            ;0631;TRANSF. DO GOV. FEDERAL - CONVÊNIOS E INSTRUM. CONGÊNER;0.0;16685432.34;3678977.12;1544876.76;0.0
2026;3;12  ;EDUCAÇÃO                                               ;365 ;EDUCAÇÃO INFANTIL                                                                                                       ;1247;PROMOÇÃO E FORTALECIMENTO DA POLÍTICA DA PRIMEIRA INFÂNCIA                                                              ;2179;AMPLIAÇÃO E DESENVOLVIMENTO DA EDUCAÇÃO INFANTIL                                                                                                                                                        ;0569;OUTRAS TRANSFERÊNCIAS DE RECURSOS DO FNDE              ;0.0;0.0;0.0;0.0;0.0
2026;3;15  ;URBANISMO                                              ;453 ;TRANSPORTES COLETIVOS URBANOS                                                                                           ;1304;MOBILIDADE URBANA E ACESSIBILIDADE                                                                                      ;2510;GERENCIAMENTO DO TRÂNSITO E DO TRANSPORTE PÚBLICO                                                                                                                                                       ;0752;RECURSOS VINCULADOS AO TRÂNSITO                        ;0.0;0.0;29321.07;5589060.87;6108490.37
2026;3;08  ;ASSISTÊNCIA SOCIAL                                     ;244 ;ASSISTÊNCIA COMUNITÁRIA                                                                                                 ;1204;FORTALECIMENTO DO SISTEMA ÚNICO DE ASSISTÊNCIA SOCIAL                                                                   ;2519;DESENVOLVIMENTO DAS AÇÕES DE PROTEÇÃO SOCIAL ESPECIAL                                                                                                                                                   ;0660;TRANSFERÊNCIA DE RECURSOS DO FNAS                      ;0.0;1433358.26;1446641.42;733881.32;537192.7
2026;3;12  ;EDUCAÇÃO                                               ;365 ;EDUCAÇÃO INFANTIL                                                                                                       ;1247;PROMOÇÃO E FORTALECIMENTO DA POLÍTICA DA PRIMEIRA INFÂNCIA                                                              ;1036;EXPANSÃO DA REDE FÍSICA DO ENSINO INFANTIL                                                                                                                                                              ;0754;RECURSOS DE OPERAÇÕES DE CRÉDITO                       ;0.0;691557.97;691557.97;427142.19;394252.24
2026;3;10  ;SAÚDE                                                  ;304 ;VIGILÂNCIA SANITÁRIA                                                                                                    ;1217;FORTALECIMENTO DAS AÇÕES DE VIGILÂNCIA EM SAÚDE                                                                         ;2725;FORTALECIMENTO DAS AÇÕES DA VIGILÂNCIA SANITÁRIA                                                                                                                                                        ;0500;RECURSOS NÃO VINCULADOS DE IMPOSTOS                    ;0.0;444742.31;289549.63;283845.23;229338.54
2026;3;08  ;ASSISTÊNCIA SOCIAL                                     ;244 ;ASSISTÊNCIA COMUNITÁRIA                                                                                                 ;1241;PROMOÇÃO DAS POLÍTICAS DE PREVENÇÃO, TRATAMENTO E REINSERÇÃO SOCIAL AOS USUÁRIOS E DEPENDENTES DE DROGAS                ;2265;IMPLEMENTAÇÃO DE POLÍTICAS DE PREVENÇÃO, TRATAMENTO E REINSERÇÃO SOCIAL DE USUÁRIOS E DEPENDENTES DE DROGAS                                                                                             ;0500;RECURSOS NÃO VINCULADOS DE IMPOSTOS                    ;0.0;130042.6;84774.82;158308.55;129555.34
2026;3;15  ;URBANISMO                                              ;452 ;SERVIÇOS URBANOS                                                                                                        ;1323;MANUTENÇÃO URBANA                                                                                                       ;2541;MANUTENÇÃO DO SISTEMA VIÁRIO                                                                                                                                                                            ;0500;RECURSOS NÃO VINCULADOS DE IMPOSTOS                    ;0.0;7372.52;-0.23;7372.29;7210.4
2026;3;10  ;SAÚDE                                                  ;302 ;ASSISTÊNCIA HOSPITALAR E AMBULATORIAL                                                                                   ;1238;FORTALECIMENTO E QUALIFICAÇÃO DA ATENÇÃO À SAÚDE DE MÉDIA E ALTA COMPLEXIDADE                                           ;2883;GARANTIA DA OFERTA DE PROCEDIMENTOS ATRAVÉS DA REDE COMPLEMENTAR                                                                                                                                        ;0500;RECURSOS NÃO VINCULADOS DE IMPOSTOS                    ;0.0;-5349617.65;2585610.03;1616531.74;4060455.42
2026;3;04  ;ADMINISTRAÇÃO                                          ;126 ;TECNOLOGIA DA INFORMAÇÃO                                                                                                ;2123;MELHORIA DA QUALIDADE DOS SERVIÇOS DE TIC E TRANSFORMAÇÃO DIGITAL DOS SERVIÇOS E PROCESSOS DA PCR                       ;2520;MELHORIA E MANUTENÇÃO DOS SISTEMAS DE TECNOLOGIA DA INFORMAÇÃO E COMUNICAÇÃO                                                                                                                            ;0500;RECURSOS NÃO VINCULADOS DE IMPOSTOS                    ;0.0;-1740000.0;2278428.72;2475243.18;2506862.02
2026;3;14  ;DIREITOS DA CIDADANIA                                  ;422 ;DIREITOS INDIVIDUAIS, COLETIVOS E DIFUSOS                                                                               ;1252;PROMOÇÃO DOS DIREITOS HUMANOS, CIDADANIA E IGUALDADE ÉTNICO-RACIAL                                                      ;2073;DESENVOLVIMENTO DE AÇÕES DE APOIO ÀS MULHERES EM SITUAÇÃO DE VIOLÊNCIA                                                                                                                                  ;0500;RECURSOS NÃO VINCULADOS DE IMPOSTOS                    ;0.0;-24863.0;42417.21;35219.65;35219.65
2026;3;14  ;DIREITOS DA CIDADANIA                                  ;422 ;DIREITOS INDIVIDUAIS, COLETIVOS E DIFUSOS                                                                               ;1252;PROMOÇÃO DOS DIREITOS HUMANOS, CIDADANIA E IGUALDADE ÉTNICO-RACIAL                                                      ;2093;ESTRUTURAÇÃO E MANUTENÇÃO DOS CENTROS COMUNITÁRIOS DA PAZ - COMPAZ                                                                                                                                      ;0703;OUTRAS TRANSF. CONV. OU INSTRUM. CONGÊNERES - OUTRAS EN;0.0;0.0;100000.0;0.0;0.0
2026;3;12  ;EDUCAÇÃO                                               ;365 ;EDUCAÇÃO INFANTIL                                                                                                       ;1247;PROMOÇÃO E FORTALECIMENTO DA POLÍTICA DA PRIMEIRA INFÂNCIA                                                              ;1036;EXPANSÃO DA REDE FÍSICA DO ENSINO INFANTIL                                                                                                                                                              ;0762;RECURSOS DE ALIENAÇÃO DE ATIVOS - CESSÃO DE DIREITOS CR;0.0;0.0;0.0;0.0;0.0
2026;3;04  ;ADMINISTRAÇÃO                                          ;122 ;ADMINISTRAÇÃO GERAL                                                                                                     ;2122;GESTÃO PÚBLICA DE EXCELÊNCIA                                                                                            ;1095;MODERNIZAÇÃO ADMINISTRATIVA E TRANSFORMAÇÃO DIGITAL                                                                                                                                                     ;0799;OUTRAS VINCULAÇÕES LEGAIS                              ;0.0;0.0;0.0;85926.95;85926.95
2026;3;12  ;EDUCAÇÃO                                               ;367 ;EDUCAÇÃO ESPECIAL                                                                                                       ;1206;ORGANIZAÇÃO EFICAZ DO ENSINO E DA APRENDIZAGEM                                                                          ;2182;IMPLEMENTAÇÃO DE MECANISMOS DE INCLUSÃO ESC. PARA ESTUDANTES COM DEFICIÊNCIAS E/OU DOENÇAS RARAS. (EP)                                                                                                  ;0500;RECURSOS NÃO VINCULADOS DE IMPOSTOS                    ;0.0;0.0;271224.28;1189138.74;1180644.66
2026;3;15  ;URBANISMO                                              ;451 ;INFRA-ESTRUTURA URBANA                                                                                                  ;1310;REQUALIFICAÇÃO, AMPLIAÇÃO E REORDENAMENTO DOS ESPAÇOS PÚBLICOS                                                          ;1576;URBANIZAÇÃO DAS MARGENS DE RIOS E CANAIS                                                                                                                                                                ;0500;RECURSOS NÃO VINCULADOS DE IMPOSTOS                    ;0.0;0.0;132093.78;132093.78;138579.45
2026;3;10  ;SAÚDE                                                  ;302 ;ASSISTÊNCIA HOSPITALAR E AMBULATORIAL                                                                                   ;1236;EXPANSÃO E MELHORIA NA INFRAESTRUTURA DE ATENDIMENTO EM SAÚDE                                                           ;1658;CONSTRUÇÃO, REFORMA, AMPLIAÇÃO E EQUIPAGEM DE UNIDADES DE SAÚDE NA MÉDIA E ALTA COMPLEXIDADE                                                                                                            ;0501;OUTROS RECURSOS NÃO VINCULADOS                         ;0.0;0.0;19327.0;19327.0;18697.0
2026;3;04  ;ADMINISTRAÇÃO                                          ;123 ;ADMINISTRAÇÃO FINANCEIRA                                                                                                ;2160;GESTÃO DAS POLÍTICAS MUNICIPAIS                                                                                         ;2041;COORDENAÇÃO, SUPERVISÃO E EXECUÇÃO DAS POLÍTICAS TRIBUTÁRIA E FINANCEIRA DO MUNICÍPIO                                                                                                                   ;0500;RECURSOS NÃO VINCULADOS DE IMPOSTOS                    ;0.0;-880000.0;5960973.96;6424952.58;6897454.34
2026;3;12  ;EDUCAÇÃO                                               ;361 ;ENSINO FUNDAMENTAL                                                                                                      ;1249;AMPLIAÇÃO E GESTÃO DA REDE DE ENSINO FUNDAMENTAL                                                                        ;2178;UNIVERSALIZAÇÃO E QUALIFICAÇÃO DO ENSINO FUNDAMENTAL                                                                                                                                                    ;0500;RECURSOS NÃO VINCULADOS DE IMPOSTOS                    ;0.0;-16500000.0;35218362.04;12698627.48;13595755.67
2026;3;15  ;URBANISMO                                              ;331 ;PROTEÇÃO E BENEFÍCIOS AO TRABALHADOR                                                                                    ;3101;GESTÃO DOS ENCARGOS GERAIS DO MUNICÍPIO                                                                                 ;2153;ENCARGOS COM BENEFÍCIOS AOS SERVIDORES                                                                                                                                                                  ;0500;RECURSOS NÃO VINCULADOS DE IMPOSTOS                    ;0.0;980000.0;1016105.99;222149.88;249801.55
2026;3;15  ;URBANISMO                                              ;122 ;ADMINISTRAÇÃO GERAL                                                                                                     ;2161;GESTÃO ADMINISTRATIVA DOS ÓRGÃOS, ENTIDADES E FUNDOS MUNICIPAIS                                                         ;2723;APOIO ADMINISTRATIVO ÀS AÇÕES DA UNIDADE ORÇAMENTÁRIA                                                                                                                                                   ;0700;OUTRAS TRANSF. CONV. OU INSTRUM. CONGÊNERES - UNIÃO    ;0.0;37892.21;11641.41;0.0;0.0
2026;3;09  ;PREVIDÊNCIA SOCIAL                                     ;272 ;PREVIDÊNCIA DO REGIME ESTATUTÁRIO                                                                                       ;3101;GESTÃO DOS ENCARGOS GERAIS DO MUNICÍPIO                                                                                 ;9005;ENCARGOS COM INATIVOS E PENSIONISTAS DO SISTEMA PREVIDENCIÁRIO - REGIME PRÓPRIO DO MUNICÍPIO (ADM. DIRETA)                                                                                              ;0801;RECURSOS VINC. AO RPPS - FUNDO REP. (PLANO FINANC.)    ;0.0;0.0;1610677.95;1610677.95;1610677.95
2026;3;23  ;COMÉRCIO E SERVIÇOS                                    ;846 ;OUTROS ENCARGOS ESPECIAIS                                                                                               ;3101;GESTÃO DOS ENCARGOS GERAIS DO MUNICÍPIO                                                                                 ;2705;ENCARGOS COM O FGTS DOS SERVIDORES                                                                                                                                                                      ;0500;RECURSOS NÃO VINCULADOS DE IMPOSTOS                    ;0.0;0.0;0.0;56835.66;102349.8
2026;3;12  ;EDUCAÇÃO                                               ;361 ;ENSINO FUNDAMENTAL                                                                                                      ;1206;ORGANIZAÇÃO EFICAZ DO ENSINO E DA APRENDIZAGEM                                                                          ;2125;IMPLANTAÇÃO E MANUTENÇÃO DO QUADRO TECNOLÓGICO NAS UNIDADES EDUCACIONAIS                                                                                                                                ;0500;RECURSOS NÃO VINCULADOS DE IMPOSTOS                    ;0.0;0.0;3392610.2;3448858.32;2937175.91
2026;3;15  ;URBANISMO                                              ;452 ;SERVIÇOS URBANOS                                                                                                        ;1323;MANUTENÇÃO URBANA                                                                                                       ;2541;MANUTENÇÃO DO SISTEMA VIÁRIO                                                                                                                                                                            ;0754;RECURSOS DE OPERAÇÕES DE CRÉDITO                       ;0.0;-851177.44;6988590.65;7170596.78;12730166.98
2026;3;10  ;SAÚDE                                                  ;302 ;ASSISTÊNCIA HOSPITALAR E AMBULATORIAL                                                                                   ;1238;FORTALECIMENTO E QUALIFICAÇÃO DA ATENÇÃO À SAÚDE DE MÉDIA E ALTA COMPLEXIDADE                                           ;2085;GARANTIA DA OFERTA DE PROCEDIMENTOS ATRAVÉS DA REDE PRÓPRIA                                                                                                                                             ;0621;TRANSF. FUNDO A FUNDO SUS PROV. DO GOVERNO ESTADUAL    ;0.0;1869957.99;868610.59;679462.85;973962.73
2026;3;23  ;COMÉRCIO E SERVIÇOS                                    ;122 ;ADMINISTRAÇÃO GERAL                                                                                                     ;2161;GESTÃO ADMINISTRATIVA DOS ÓRGÃOS, ENTIDADES E FUNDOS MUNICIPAIS                                                         ;2723;APOIO ADMINISTRATIVO ÀS AÇÕES DA UNIDADE ORÇAMENTÁRIA                                                                                                                                                   ;0500;RECURSOS NÃO VINCULADOS DE IMPOSTOS                    ;0.0;0.0;-122069.83;1179925.73;328340.85
2026;3;10  ;SAÚDE                                                  ;302 ;ASSISTÊNCIA HOSPITALAR E AMBULATORIAL                                                                                   ;1238;FORTALECIMENTO E QUALIFICAÇÃO DA ATENÇÃO À SAÚDE DE MÉDIA E ALTA COMPLEXIDADE                                           ;2883;GARANTIA DA OFERTA DE PROCEDIMENTOS ATRAVÉS DA REDE COMPLEMENTAR                                                                                                                                        ;0501;OUTROS RECURSOS NÃO VINCULADOS                         ;0.0;4681611.84;23697.07;23697.07;0.0
2026;3;04  ;ADMINISTRAÇÃO                                          ;122 ;ADMINISTRAÇÃO GERAL                                                                                                     ;2160;GESTÃO DAS POLÍTICAS MUNICIPAIS                                                                                         ;2027;COORDENAÇÃO, SUPERVISÃO E EXECUÇÃO DAS AÇÕES MUNICIPAIS DE ADMINISTRAÇÃO                                                                                                                                ;0500;RECURSOS NÃO VINCULADOS DE IMPOSTOS                    ;0.0;-10000000.0;5255741.87;9037130.7;8677866.43
2026;3;15  ;URBANISMO                                              ;453 ;TRANSPORTES COLETIVOS URBANOS                                                                                           ;1304;MOBILIDADE URBANA E ACESSIBILIDADE                                                                                      ;2510;GERENCIAMENTO DO TRÂNSITO E DO TRANSPORTE PÚBLICO                                                                                                                                                       ;0501;OUTROS RECURSOS NÃO VINCULADOS                         ;0.0;0.0;0.0;0.0;0.0
2026;3;10  ;SAÚDE                                                  ;305 ;VIGILÂNCIA EPIDEMIOLÓGICA                                                                                               ;1217;FORTALECIMENTO DAS AÇÕES DE VIGILÂNCIA EM SAÚDE                                                                         ;2088;DESENVOLVIMENTO DA POLÍTICA DE VIGILÂNCIA EM SAÚDE DO TRABALHADOR (RENAST)                                                                                                                              ;0500;RECURSOS NÃO VINCULADOS DE IMPOSTOS                    ;0.0;19295.68;19295.68;19295.68;10456.41
2026;3;23  ;COMÉRCIO E SERVIÇOS                                    ;695 ;TURISMO                                                                                                                 ;1213;PROMOÇÃO DO TURISMO NO RECIFE                                                                                           ;2193;PROMOÇÃO, ESTRUTURAÇÃO E FORTALECIMENTO TURÍSTICO DO DESTINO RECIFE                                                                                                                                     ;0501;OUTROS RECURSOS NÃO VINCULADOS                         ;0.0;0.0;1316411.88;1252744.72;0.0
2026;3;23  ;COMÉRCIO E SERVIÇOS                                    ;122 ;ADMINISTRAÇÃO GERAL                                                                                                     ;2161;GESTÃO ADMINISTRATIVA DOS ÓRGÃOS, ENTIDADES E FUNDOS MUNICIPAIS                                                         ;2723;APOIO ADMINISTRATIVO ÀS AÇÕES DA UNIDADE ORÇAMENTÁRIA                                                                                                                                                   ;0501;OUTROS RECURSOS NÃO VINCULADOS                         ;0.0;0.0;465445.72;161928.78;168251.33
2026;3;09  ;PREVIDÊNCIA SOCIAL                                     ;272 ;PREVIDÊNCIA DO REGIME ESTATUTÁRIO                                                                                       ;3101;GESTÃO DOS ENCARGOS GERAIS DO MUNICÍPIO                                                                                 ;9007;ENCARGOS COM INATIVOS E PENSIONISTAS DO SETOR EDUCACIONAL - REGIME PRÓPRIO DO MUNICÍPIO                                                                                                                 ;0801;RECURSOS VINC. AO RPPS - FUNDO REP. (PLANO FINANC.)    ;0.0;0.0;19903557.01;2998529.36;2998529.36
2026;3;15  ;URBANISMO                                              ;273 ;PREVIDÊNCIA COMPLEMENTAR                                                                                                ;3101;GESTÃO DOS ENCARGOS GERAIS DO MUNICÍPIO                                                                                 ;9022;ENCARGOS COM A PREVIDÊNCIA SOCIAL DOS SERVIDORES - REGIME GERAL                                                                                                                                         ;0753;RECURSOS PROVENIENTES DE TAXAS E CONTRIBUIÇÕES         ;0.0;0.0;0.0;106122.97;106122.97
2026;3;15  ;URBANISMO                                              ;273 ;PREVIDÊNCIA COMPLEMENTAR                                                                                                ;3101;GESTÃO DOS ENCARGOS GERAIS DO MUNICÍPIO                                                                                 ;9022;ENCARGOS COM A PREVIDÊNCIA SOCIAL DOS SERVIDORES - REGIME GERAL                                                                                                                                         ;0501;OUTROS RECURSOS NÃO VINCULADOS                         ;0.0;0.0;0.0;2294079.7;2294079.7
2026;3;15  ;URBANISMO                                              ;331 ;PROTEÇÃO E BENEFÍCIOS AO TRABALHADOR                                                                                    ;3101;GESTÃO DOS ENCARGOS GERAIS DO MUNICÍPIO                                                                                 ;2153;ENCARGOS COM BENEFÍCIOS AOS SERVIDORES                                                                                                                                                                  ;0753;RECURSOS PROVENIENTES DE TAXAS E CONTRIBUIÇÕES         ;0.0;0.0;0.0;130497.32;75549.32
2026;3;12  ;EDUCAÇÃO                                               ;361 ;ENSINO FUNDAMENTAL                                                                                                      ;1207;SUPORTE E APOIO EFETIVOS PARA UMA EDUCAÇÃO DE QUALIDADE                                                                 ;2131;ADEQUAÇÃO E MANUTENÇÃO FÍSICA DA REDE MUNICIPAL DE ENSINO                                                                                                                                               ;0500;RECURSOS NÃO VINCULADOS DE IMPOSTOS                    ;0.0;-18000000.0;17467581.92;5690334.6;5264498.58
2026;3;28  ;ENCARGOS ESPECIAIS                                     ;846 ;OUTROS ENCARGOS ESPECIAIS                                                                                               ;3101;GESTÃO DOS ENCARGOS GERAIS DO MUNICÍPIO                                                                                 ;9002;CONTRIBUIÇÕES PARA O PIS/PASEP                                                                                                                                                                          ;0501;OUTROS RECURSOS NÃO VINCULADOS                         ;0.0;0.0;17630.03;9007275.06;9008153.45
2026;3;12  ;EDUCAÇÃO                                               ;306 ;ALIMENTAÇÃO E NUTRIÇÃO                                                                                                  ;1207;SUPORTE E APOIO EFETIVOS PARA UMA EDUCAÇÃO DE QUALIDADE                                                                 ;2127;ALIMENTAÇÃO ESCOLAR                                                                                                                                                                                     ;0500;RECURSOS NÃO VINCULADOS DE IMPOSTOS                    ;0.0;0.0;22113249.95;14627616.93;14736870.28
2026;3;15  ;URBANISMO                                              ;451 ;INFRA-ESTRUTURA URBANA                                                                                                  ;1304;MOBILIDADE URBANA E ACESSIBILIDADE                                                                                      ;1563;CONSOLIDAÇÃO E MELHORAMENTO DO SISTEMA VIÁRIO                                                                                                                                                           ;0700;OUTRAS TRANSF. CONV. OU INSTRUM. CONGÊNERES - UNIÃO    ;0.0;-2553948.03;0.0;0.0;0.0
2026;3;12  ;EDUCAÇÃO                                               ;361 ;ENSINO FUNDAMENTAL                                                                                                      ;1206;ORGANIZAÇÃO EFICAZ DO ENSINO E DA APRENDIZAGEM                                                                          ;2125;IMPLANTAÇÃO E MANUTENÇÃO DO QUADRO TECNOLÓGICO NAS UNIDADES EDUCACIONAIS                                                                                                                                ;0762;RECURSOS DE ALIENAÇÃO DE ATIVOS - CESSÃO DE DIREITOS CR;0.0;0.0;0.0;0.0;0.0
2026;3;15  ;URBANISMO                                              ;331 ;PROTEÇÃO E BENEFÍCIOS AO TRABALHADOR                                                                                    ;3101;GESTÃO DOS ENCARGOS GERAIS DO MUNICÍPIO                                                                                 ;2153;ENCARGOS COM BENEFÍCIOS AOS SERVIDORES                                                                                                                                                                  ;0501;OUTROS RECURSOS NÃO VINCULADOS                         ;0.0;0.0;2095.8;905008.86;639647.97
2026;3;23  ;COMÉRCIO E SERVIÇOS                                    ;694 ;SERVIÇOS FINANCEIROS                                                                                                    ;1321;FORTALECIMENTO DE ATIVIDADES ECONÔMICAS                                                                                 ;2105;APOIO AO EMPREENDEDORISMO                                                                                                                                                                               ;0501;OUTROS RECURSOS NÃO VINCULADOS                         ;0.0;124794.49;17757.5;17757.5;0.0
2026;3;15  ;URBANISMO                                              ;122 ;ADMINISTRAÇÃO GERAL                                                                                                     ;2161;GESTÃO ADMINISTRATIVA DOS ÓRGÃOS, ENTIDADES E FUNDOS MUNICIPAIS                                                         ;2723;APOIO ADMINISTRATIVO ÀS AÇÕES DA UNIDADE ORÇAMENTÁRIA                                                                                                                                                   ;0500;RECURSOS NÃO VINCULADOS DE IMPOSTOS                    ;0.0;-18451204.19;12838306.25;12041172.52;18602497.3
2026;3;08  ;ASSISTÊNCIA SOCIAL                                     ;244 ;ASSISTÊNCIA COMUNITÁRIA                                                                                                 ;1204;FORTALECIMENTO DO SISTEMA ÚNICO DE ASSISTÊNCIA SOCIAL                                                                   ;2519;DESENVOLVIMENTO DAS AÇÕES DE PROTEÇÃO SOCIAL ESPECIAL                                                                                                                                                   ;0661;TRANSF. DE RECURSOS DOS FUNDOS EST. - ASSIST. SOCIAL   ;0.0;0.0;0.0;4201.32;4201.32
2026;3;10  ;SAÚDE                                                  ;122 ;ADMINISTRAÇÃO GERAL                                                                                                     ;2161;GESTÃO ADMINISTRATIVA DOS ÓRGÃOS, ENTIDADES E FUNDOS MUNICIPAIS                                                         ;2723;APOIO ADMINISTRATIVO ÀS AÇÕES DA UNIDADE ORÇAMENTÁRIA                                                                                                                                                   ;0500;RECURSOS NÃO VINCULADOS DE IMPOSTOS                    ;0.0;0.0;0.0;0.0;0.0
2026;3;08  ;ASSISTÊNCIA SOCIAL                                     ;244 ;ASSISTÊNCIA COMUNITÁRIA                                                                                                 ;1204;FORTALECIMENTO DO SISTEMA ÚNICO DE ASSISTÊNCIA SOCIAL                                                                   ;2106;CONTROLE SOCIAL NA GESTÃO DA POLÍTICA MUNICIPAL DE ASSISTÊNCIA SOCIAL                                                                                                                                   ;0660;TRANSFERÊNCIA DE RECURSOS DO FNAS                      ;0.0;0.0;0.0;1108.1;31261.16
2026;3;08  ;ASSISTÊNCIA SOCIAL                                     ;244 ;ASSISTÊNCIA COMUNITÁRIA                                                                                                 ;1204;FORTALECIMENTO DO SISTEMA ÚNICO DE ASSISTÊNCIA SOCIAL                                                                   ;2018;GESTÃO DO CADASTRO ÚNICO E PROGRAMA BOLSA FAMÍLIA                                                                                                                                                       ;0500;RECURSOS NÃO VINCULADOS DE IMPOSTOS                    ;0.0;0.0;414377.76;670176.9;10275.91
2026;3;04  ;ADMINISTRAÇÃO                                          ;128 ;FORMAÇÃO DE RECURSOS HUMANOS                                                                                            ;2160;GESTÃO DAS POLÍTICAS MUNICIPAIS                                                                                         ;2100;CAPACITAÇÃO E FORMAÇÃO PROFISSIONAL                                                                                                                                                                     ;0500;RECURSOS NÃO VINCULADOS DE IMPOSTOS                    ;0.0;0.0;0.0;0.0;0.0
2026;3;18  ;GESTÃO AMBIENTAL                                       ;122 ;ADMINISTRAÇÃO GERAL                                                                                                     ;2161;GESTÃO ADMINISTRATIVA DOS ÓRGÃOS, ENTIDADES E FUNDOS MUNICIPAIS                                                         ;2723;APOIO ADMINISTRATIVO ÀS AÇÕES DA UNIDADE ORÇAMENTÁRIA                                                                                                                                                   ;0500;RECURSOS NÃO VINCULADOS DE IMPOSTOS                    ;0.0;0.0;148185.79;245845.8;240605.61
2026;3;15  ;URBANISMO                                              ;451 ;INFRA-ESTRUTURA URBANA                                                                                                  ;1310;REQUALIFICAÇÃO, AMPLIAÇÃO E REORDENAMENTO DOS ESPAÇOS PÚBLICOS                                                          ;1028;AMPLIAÇÃO E MELHORIA DA INFRAESTRUTURA URBANA                                                                                                                                                           ;0500;RECURSOS NÃO VINCULADOS DE IMPOSTOS                    ;0.0;-26200.0;196694.99;196694.99;0.0
2026;3;15  ;URBANISMO                                              ;451 ;INFRA-ESTRUTURA URBANA                                                                                                  ;1310;REQUALIFICAÇÃO, AMPLIAÇÃO E REORDENAMENTO DOS ESPAÇOS PÚBLICOS                                                          ;2841;GESTÃO DO LICENCIAMENTO E CONTROLE URBANO                                                                                                                                                               ;0501;OUTROS RECURSOS NÃO VINCULADOS                         ;0.0;0.0;3100.0;3100.0;3100.0
2026;3;09  ;PREVIDÊNCIA SOCIAL                                     ;331 ;PROTEÇÃO E BENEFÍCIOS AO TRABALHADOR                                                                                    ;3101;GESTÃO DOS ENCARGOS GERAIS DO MUNICÍPIO                                                                                 ;2153;ENCARGOS COM BENEFÍCIOS AOS SERVIDORES                                                                                                                                                                  ;0802;RECURSOS VINCULADOS RPPS - TAXA ADMINISTRAÇÃO          ;0.0;0.0;0.0;980.8;980.8
2026;3;08  ;ASSISTÊNCIA SOCIAL                                     ;244 ;ASSISTÊNCIA COMUNITÁRIA                                                                                                 ;1204;FORTALECIMENTO DO SISTEMA ÚNICO DE ASSISTÊNCIA SOCIAL                                                                   ;2104;GESTÃO DO SISTEMA ÚNICO DA ASSISTÊNCIA SOCIAL - SUAS                                                                                                                                                    ;0660;TRANSFERÊNCIA DE RECURSOS DO FNAS                      ;0.0;166014.81;0.0;0.0;0.0
2026;3;10  ;SAÚDE                                                  ;305 ;VIGILÂNCIA EPIDEMIOLÓGICA                                                                                               ;1217;FORTALECIMENTO DAS AÇÕES DE VIGILÂNCIA EM SAÚDE                                                                         ;2612;FORTALECIMENTO DAS AÇÕES DE VIGILÂNCIA AMBIENTAL PARA O CONTROLE DE DOENÇAS E AGRAVOS                                                                                                                   ;0604;TRANSF. DO GOV. FEDERAL - VENCIMENTO DOS AGENTES COMUNI;0.0;0.0;2013282.0;2013282.0;2013282.0
2026;3;13  ;CULTURA                                                ;392 ;DIFUSÃO CULTURAL                                                                                                        ;1211;VALORIZAÇÃO DA CULTURA                                                                                                  ;2304;PROMOÇÕES DE AÇÕES CULTURAIS                                                                                                                                                                            ;0700;OUTRAS TRANSF. CONV. OU INSTRUM. CONGÊNERES - UNIÃO    ;0.0;0.0;0.0;0.0;0.0
2026;3;04  ;ADMINISTRAÇÃO                                          ;273 ;PREVIDÊNCIA COMPLEMENTAR                                                                                                ;3101;GESTÃO DOS ENCARGOS GERAIS DO MUNICÍPIO                                                                                 ;9022;ENCARGOS COM A PREVIDÊNCIA SOCIAL DOS SERVIDORES - REGIME GERAL                                                                                                                                         ;0500;RECURSOS NÃO VINCULADOS DE IMPOSTOS                    ;0.0;1500000.0;495522.33;3771887.91;3771887.91
2026;3;27  ;DESPORTO E LAZER                                       ;812 ;DESPORTO COMUNITÁRIO                                                                                                    ;1226;PROMOÇÃO DE POLÍTICAS DE INCENTIVO AO ESPORTE E PRÁTICA DE EXERCÍCIO FÍSICO PARA PROMOÇÃO DA SAÚDE                      ;2281;MELHORIA E AMPLIAÇÃO DA REDE FÍSICA DE ESPORTE E REDE DE EXERCÍCIO FÍSICO NA SAÚDE                                                                                                                      ;0700;OUTRAS TRANSF. CONV. OU INSTRUM. CONGÊNERES - UNIÃO    ;0.0;1050256.21;989718.14;649599.92;338242.56
2026;3;09  ;PREVIDÊNCIA SOCIAL                                     ;122 ;ADMINISTRAÇÃO GERAL                                                                                                     ;3101;GESTÃO DOS ENCARGOS GERAIS DO MUNICÍPIO                                                                                 ;9018;ENCARGOS ADMINISTRATIVOS PARA GESTÃO DO REGIME PRÓPRIO DE PREVIDÊNCIA SOCIAL DO MUNICÍPIO                                                                                                               ;0800;RECURSOS VINC. AO RPPS - FUNDO CAPIT. (PLANO PREV.)    ;0.0;0.0;1860175.94;1860175.94;1860175.94
2026;3;15  ;URBANISMO                                              ;451 ;INFRA-ESTRUTURA URBANA                                                                                                  ;1303;GESTÃO DE RISCO EM ENCOSTAS E ALAGADOS                                                                                  ;1574;URBANIZAÇÃO DE ÁREAS DE RISCO                                                                                                                                                                           ;0700;OUTRAS TRANSF. CONV. OU INSTRUM. CONGÊNERES - UNIÃO    ;0.0;4074384.96;0.0;0.0;0.0
2026;3;10  ;SAÚDE                                                  ;305 ;VIGILÂNCIA EPIDEMIOLÓGICA                                                                                               ;2107;GESTÃO DAS POLÍTICAS MUNICIPAIS DE SAÚDE                                                                                ;2326;COORDENAÇÃO, SUPERVISÃO E EXECUÇÃO DAS POLÍTICAS DE SAÚDE NA VIGILÂNCIA EM SAÚDE                                                                                                                        ;0605;ASSIST. FINANCEIRA DA UNIÃO - COMPLEMENTAÇÃO PISOS SALA;0.0;0.0;8735.16;8735.16;8735.16
2026;3;18  ;GESTÃO AMBIENTAL                                       ;541 ;PRESERVAÇÃO E CONSERVAÇÃO AMBIENTAL                                                                                     ;1302;FORTALECIMENTO DAS POLÍTICAS INTEGRADAS DE SUSTENTABILIDADE AMBIENTAL                                                   ;2032;AÇÕES PARA O DESENVOLVIMENTO DA CIDADE SUSTENTÁVEL                                                                                                                                                      ;0753;RECURSOS PROVENIENTES DE TAXAS E CONTRIBUIÇÕES         ;0.0;0.0;1008696.0;1008696.0;1008696.0
2026;3;11  ;TRABALHO                                               ;122 ;ADMINISTRAÇÃO GERAL                                                                                                     ;2160;GESTÃO DAS POLÍTICAS MUNICIPAIS                                                                                         ;2250;COORDENAÇÃO, SUPERVISÃO E EXECUÇÃO DAS POLÍTICAS DE TRABALHO E QUALIFICAÇÃO PROFISSIONAL                                                                                                                ;0500;RECURSOS NÃO VINCULADOS DE IMPOSTOS                    ;0.0;0.0;372860.46;372860.46;374437.55
2026;3;03  ;ESSENCIAL À JUSTIÇA                                    ;129 ;ADMINISTRAÇÃO DE RECEITAS                                                                                               ;2160;GESTÃO DAS POLÍTICAS MUNICIPAIS                                                                                         ;2866;OTIMIZAÇÃO DA ARRECADAÇÃO DA DÍVIDA ATIVA DO MUNICÍPIO DO RECIFE                                                                                                                                        ;0500;RECURSOS NÃO VINCULADOS DE IMPOSTOS                    ;0.0;3254000.0;0.0;0.0;0.0
2026;3;15  ;URBANISMO                                              ;451 ;INFRA-ESTRUTURA URBANA                                                                                                  ;1323;MANUTENÇÃO URBANA                                                                                                       ;2566;REQUALIFICAÇÃO DE ESPAÇOS DE INTERESSE PÚBLICO                                                                                                                                                          ;0754;RECURSOS DE OPERAÇÕES DE CRÉDITO                       ;0.0;0.0;1348605.03;3148603.03;2732929.69
2026;3;10  ;SAÚDE                                                  ;305 ;VIGILÂNCIA EPIDEMIOLÓGICA                                                                                               ;1217;FORTALECIMENTO DAS AÇÕES DE VIGILÂNCIA EM SAÚDE                                                                         ;2087;FORTALECIMENTO DAS AÇÕES DE VIGILÂNCIA EPIDEMIOLÓGICA PARA O CONTROLE DE DOENÇAS E AGRAVOS                                                                                                              ;0500;RECURSOS NÃO VINCULADOS DE IMPOSTOS                    ;0.0;228168.67;123718.45;123718.45;40160.51
2026;3;10  ;SAÚDE                                                  ;305 ;VIGILÂNCIA EPIDEMIOLÓGICA                                                                                               ;1217;FORTALECIMENTO DAS AÇÕES DE VIGILÂNCIA EM SAÚDE                                                                         ;2087;FORTALECIMENTO DAS AÇÕES DE VIGILÂNCIA EPIDEMIOLÓGICA PARA O CONTROLE DE DOENÇAS E AGRAVOS                                                                                                              ;0501;OUTROS RECURSOS NÃO VINCULADOS                         ;0.0;200343.01;0.0;0.0;0.0
2026;3;27  ;DESPORTO E LAZER                                       ;812 ;DESPORTO COMUNITÁRIO                                                                                                    ;2160;GESTÃO DAS POLÍTICAS MUNICIPAIS                                                                                         ;2028;COORDENAÇÃO, SUPERVISÃO E EXECUÇÃO DA POLÍTICA DE ESPORTES                                                                                                                                              ;0500;RECURSOS NÃO VINCULADOS DE IMPOSTOS                    ;0.0;0.0;512643.67;512643.67;508768.62
2026;3;13  ;CULTURA                                                ;392 ;DIFUSÃO CULTURAL                                                                                                        ;1211;VALORIZAÇÃO DA CULTURA                                                                                                  ;2311;OTIMIZAÇÃO E DEMOCRATIZAÇÃO DOS EQUIPAMENTOS CULTURAIS                                                                                                                                                  ;0501;OUTROS RECURSOS NÃO VINCULADOS                         ;0.0;1000000.0;0.0;0.0;0.0
2026;3;15  ;URBANISMO                                              ;182 ;DEFESA CIVIL                                                                                                            ;1303;GESTÃO DE RISCO EM ENCOSTAS E ALAGADOS                                                                                  ;2211;DEFESA CIVIL PERMANENTE                                                                                                                                                                                 ;0754;RECURSOS DE OPERAÇÕES DE CRÉDITO                       ;0.0;1706211.03;6177403.61;1673497.59;1502925.6
2026;3;10  ;SAÚDE                                                  ;302 ;ASSISTÊNCIA HOSPITALAR E AMBULATORIAL                                                                                   ;1238;FORTALECIMENTO E QUALIFICAÇÃO DA ATENÇÃO À SAÚDE DE MÉDIA E ALTA COMPLEXIDADE                                           ;2883;GARANTIA DA OFERTA DE PROCEDIMENTOS ATRAVÉS DA REDE COMPLEMENTAR                                                                                                                                        ;0605;ASSIST. FINANCEIRA DA UNIÃO - COMPLEMENTAÇÃO PISOS SALA;0.0;0.0;381750.58;381750.58;381750.58
2026;3;09  ;PREVIDÊNCIA SOCIAL                                     ;272 ;PREVIDÊNCIA DO REGIME ESTATUTÁRIO                                                                                       ;4103;GESTÃO DOS ENCARGOS DA CÂMARA MUNICIPAL DO RECIFE                                                                       ;9013;ENCARGOS COM INATIVOS E PENSIONISTAS DA CMR INTEGRANTES DO SISTEMA PREVIDENCIÁRIO - REGIME PRÓPRIO DO MUNICÍPIO                                                                                         ;0800;RECURSOS VINC. AO RPPS - FUNDO CAPIT. (PLANO PREV.)    ;0.0;0.0;442707.21;442707.21;430019.29
2026;3;27  ;DESPORTO E LAZER                                       ;812 ;DESPORTO COMUNITÁRIO                                                                                                    ;1226;PROMOÇÃO DE POLÍTICAS DE INCENTIVO AO ESPORTE E PRÁTICA DE EXERCÍCIO FÍSICO PARA PROMOÇÃO DA SAÚDE                      ;2281;MELHORIA E AMPLIAÇÃO DA REDE FÍSICA DE ESPORTE E REDE DE EXERCÍCIO FÍSICO NA SAÚDE                                                                                                                      ;0500;RECURSOS NÃO VINCULADOS DE IMPOSTOS                    ;0.0;0.0;0.0;0.0;0.0
2026;3;10  ;SAÚDE                                                  ;305 ;VIGILÂNCIA EPIDEMIOLÓGICA                                                                                               ;1217;FORTALECIMENTO DAS AÇÕES DE VIGILÂNCIA EM SAÚDE                                                                         ;2612;FORTALECIMENTO DAS AÇÕES DE VIGILÂNCIA AMBIENTAL PARA O CONTROLE DE DOENÇAS E AGRAVOS                                                                                                                   ;0500;RECURSOS NÃO VINCULADOS DE IMPOSTOS                    ;0.0;461764.35;369768.71;369768.71;91071.26
2026;3;15  ;URBANISMO                                              ;451 ;INFRA-ESTRUTURA URBANA                                                                                                  ;1304;MOBILIDADE URBANA E ACESSIBILIDADE                                                                                      ;1563;CONSOLIDAÇÃO E MELHORAMENTO DO SISTEMA VIÁRIO                                                                                                                                                           ;0754;RECURSOS DE OPERAÇÕES DE CRÉDITO                       ;0.0;16608053.86;88082730.22;13295699.4;11171306.92
2026;3;15  ;URBANISMO                                              ;182 ;DEFESA CIVIL                                                                                                            ;1303;GESTÃO DE RISCO EM ENCOSTAS E ALAGADOS                                                                                  ;2211;DEFESA CIVIL PERMANENTE                                                                                                                                                                                 ;0500;RECURSOS NÃO VINCULADOS DE IMPOSTOS                    ;0.0;-8750000.0;1544980.6;5990460.9;6720596.53
2026;3;08  ;ASSISTÊNCIA SOCIAL                                     ;122 ;ADMINISTRAÇÃO GERAL                                                                                                     ;2161;GESTÃO ADMINISTRATIVA DOS ÓRGÃOS, ENTIDADES E FUNDOS MUNICIPAIS                                                         ;2723;APOIO ADMINISTRATIVO ÀS AÇÕES DA UNIDADE ORÇAMENTÁRIA                                                                                                                                                   ;0500;RECURSOS NÃO VINCULADOS DE IMPOSTOS                    ;0.0;0.0;2663806.49;1484746.7;1450641.11
2026;3;10  ;SAÚDE                                                  ;302 ;ASSISTÊNCIA HOSPITALAR E AMBULATORIAL                                                                                   ;1238;FORTALECIMENTO E QUALIFICAÇÃO DA ATENÇÃO À SAÚDE DE MÉDIA E ALTA COMPLEXIDADE                                           ;2883;GARANTIA DA OFERTA DE PROCEDIMENTOS ATRAVÉS DA REDE COMPLEMENTAR                                                                                                                                        ;0600;TRANSF. FUNDO A FUNDO SUS GOV. FED. - BL. MANUTENÇÃO SE;0.0;0.0;24632654.73;15012397.8;14914660.06
2026;3;15  ;URBANISMO                                              ;122 ;ADMINISTRAÇÃO GERAL                                                                                                     ;2160;GESTÃO DAS POLÍTICAS MUNICIPAIS                                                                                         ;2072;COORDENAÇÃO, SUPERVISÃO E EXECUÇÃO DAS POLÍTICAS DE INOVAÇÃO URBANA                                                                                                                                     ;0500;RECURSOS NÃO VINCULADOS DE IMPOSTOS                    ;0.0;920000.0;461347.01;438694.25;493838.77
2026;3;15  ;URBANISMO                                              ;451 ;INFRA-ESTRUTURA URBANA                                                                                                  ;1304;MOBILIDADE URBANA E ACESSIBILIDADE                                                                                      ;2143;PROMOÇÃO DA MOBILIDADE E ACESSIBILIDADE                                                                                                                                                                 ;0500;RECURSOS NÃO VINCULADOS DE IMPOSTOS                    ;0.0;-10000.0;0.0;0.0;0.0
2026;3;04  ;ADMINISTRAÇÃO                                          ;846 ;OUTROS ENCARGOS ESPECIAIS                                                                                               ;3101;GESTÃO DOS ENCARGOS GERAIS DO MUNICÍPIO                                                                                 ;2701;ENCARGOS COM OBRIGAÇÕES TRIBUTÁRIAS E CONTRIBUTIVAS                                                                                                                                                     ;0500;RECURSOS NÃO VINCULADOS DE IMPOSTOS                    ;0.0;240000.0;116852.97;116852.97;116852.97
2026;3;15  ;URBANISMO                                              ;452 ;SERVIÇOS URBANOS                                                                                                        ;1323;MANUTENÇÃO URBANA                                                                                                       ;2541;MANUTENÇÃO DO SISTEMA VIÁRIO                                                                                                                                                                            ;0706;TRANSFERÊNCIA ESPECIAL DA UNIÃO                        ;0.0;0.0;0.0;0.0;0.0
2026;3;10  ;SAÚDE                                                  ;305 ;VIGILÂNCIA EPIDEMIOLÓGICA                                                                                               ;1217;FORTALECIMENTO DAS AÇÕES DE VIGILÂNCIA EM SAÚDE                                                                         ;2893;DESENVOLVIMENTO DE AÇÕES DE COMBATE E CONTROLE DE SITUAÇÕES DE EMERGÊNCIAS SANITÁRIAS                                                                                                                   ;0500;RECURSOS NÃO VINCULADOS DE IMPOSTOS                    ;0.0;0.0;478155.16;478155.16;470699.59
2026;3;12  ;EDUCAÇÃO                                               ;361 ;ENSINO FUNDAMENTAL                                                                                                      ;2110;GESTÃO DAS POLÍTICAS MUNICIPAIS DE EDUCAÇÃO                                                                             ;2035;COORDENAÇÃO, SUPERVISÃO E EXECUÇÃO DAS POLÍTICAS DE EDUCAÇÃO                                                                                                                                            ;0540;TRANSFERÊNCIAS DO FUNDEB - IMPOSTOS E TRANSFERÊNCIAS DE;0.0;0.0;17182084.37;17182084.37;17189006.82
2026;3;17  ;SANEAMENTO                                             ;512 ;SANEAMENTO BÁSICO URBANO                                                                                                ;2160;GESTÃO DAS POLÍTICAS MUNICIPAIS                                                                                         ;2246;COORDENAÇÃO, SUPERVISÃO E EXECUÇÃO DAS POLÍTICAS DE SANEAMENTO                                                                                                                                          ;0500;RECURSOS NÃO VINCULADOS DE IMPOSTOS                    ;0.0;0.0;575629.88;575629.88;575492.08
2026;3;08  ;ASSISTÊNCIA SOCIAL                                     ;244 ;ASSISTÊNCIA COMUNITÁRIA                                                                                                 ;1204;FORTALECIMENTO DO SISTEMA ÚNICO DE ASSISTÊNCIA SOCIAL                                                                   ;2519;DESENVOLVIMENTO DAS AÇÕES DE PROTEÇÃO SOCIAL ESPECIAL                                                                                                                                                   ;0500;RECURSOS NÃO VINCULADOS DE IMPOSTOS                    ;0.0;-1677012.73;7449545.72;8598996.84;8394107.04
2026;3;04  ;ADMINISTRAÇÃO                                          ;273 ;PREVIDÊNCIA COMPLEMENTAR                                                                                                ;3101;GESTÃO DOS ENCARGOS GERAIS DO MUNICÍPIO                                                                                 ;9022;ENCARGOS COM A PREVIDÊNCIA SOCIAL DOS SERVIDORES - REGIME GERAL                                                                                                                                         ;0501;OUTROS RECURSOS NÃO VINCULADOS                         ;0.0;47000.0;0.0;0.0;0.0
2026;3;09  ;PREVIDÊNCIA SOCIAL                                     ;272 ;PREVIDÊNCIA DO REGIME ESTATUTÁRIO                                                                                       ;3101;GESTÃO DOS ENCARGOS GERAIS DO MUNICÍPIO                                                                                 ;9008;ENCARGOS COM INATIVOS E PENSIONISTAS DA FCCR - REGIME PRÓPRIO DO MUNICÍPIO                                                                                                                              ;0800;RECURSOS VINC. AO RPPS - FUNDO CAPIT. (PLANO PREV.)    ;0.0;0.0;169772.62;169772.62;169271.34
2026;3;10  ;SAÚDE                                                  ;301 ;ATENÇÃO BÁSICA                                                                                                          ;2107;GESTÃO DAS POLÍTICAS MUNICIPAIS DE SAÚDE                                                                                ;2074;COORDENAÇÃO, SUPERVISÃO E EXECUÇÃO DAS POLÍTICAS DE SAÚDE NA ATENÇÃO BÁSICA                                                                                                                             ;0604;TRANSF. DO GOV. FEDERAL - VENCIMENTO DOS AGENTES COMUNI;0.0;0.0;6501473.88;6501473.88;6498706.78
2026;3;08  ;ASSISTÊNCIA SOCIAL                                     ;244 ;ASSISTÊNCIA COMUNITÁRIA                                                                                                 ;1204;FORTALECIMENTO DO SISTEMA ÚNICO DE ASSISTÊNCIA SOCIAL                                                                   ;2518;DESENVOLVIMENTO DAS AÇÕES DE PROTEÇÃO SOCIAL BÁSICA                                                                                                                                                     ;0660;TRANSFERÊNCIA DE RECURSOS DO FNAS                      ;0.0;4661274.71;414210.54;222679.89;206844.61
2026;3;08  ;ASSISTÊNCIA SOCIAL                                     ;244 ;ASSISTÊNCIA COMUNITÁRIA                                                                                                 ;1204;FORTALECIMENTO DO SISTEMA ÚNICO DE ASSISTÊNCIA SOCIAL                                                                   ;2018;GESTÃO DO CADASTRO ÚNICO E PROGRAMA BOLSA FAMÍLIA                                                                                                                                                       ;0660;TRANSFERÊNCIA DE RECURSOS DO FNAS                      ;0.0;254055.54;184660.95;184660.95;184660.95
2026;3;15  ;URBANISMO                                              ;452 ;SERVIÇOS URBANOS                                                                                                        ;1323;MANUTENÇÃO URBANA                                                                                                       ;2541;MANUTENÇÃO DO SISTEMA VIÁRIO                                                                                                                                                                            ;0501;OUTROS RECURSOS NÃO VINCULADOS                         ;0.0;0.0;1759800.0;982262.42;1001914.52
2026;3;15  ;URBANISMO                                              ;846 ;OUTROS ENCARGOS ESPECIAIS                                                                                               ;3101;GESTÃO DOS ENCARGOS GERAIS DO MUNICÍPIO                                                                                 ;2704;ENCARGOS COM PARCELAMENTO DE DÉBITOS DE EXERCÍCIOS ANTERIORES                                                                                                                                           ;0500;RECURSOS NÃO VINCULADOS DE IMPOSTOS                    ;0.0;0.0;0.0;751085.04;1209041.29
2026;3;28  ;ENCARGOS ESPECIAIS                                     ;846 ;OUTROS ENCARGOS ESPECIAIS                                                                                               ;3101;GESTÃO DOS ENCARGOS GERAIS DO MUNICÍPIO                                                                                 ;9004;COMPROMISSOS DECORRENTES DE SENTENÇAS JUDICIAIS                                                                                                                                                         ;0757;REC. DEP. JUDICIAIS-LIDES DAS QUAIS O ENTE FAZ PARTE   ;0.0;0.0;3781575.26;3792922.26;4071410.14
2026;3;10  ;SAÚDE                                                  ;301 ;ATENÇÃO BÁSICA                                                                                                          ;2107;GESTÃO DAS POLÍTICAS MUNICIPAIS DE SAÚDE                                                                                ;2074;COORDENAÇÃO, SUPERVISÃO E EXECUÇÃO DAS POLÍTICAS DE SAÚDE NA ATENÇÃO BÁSICA                                                                                                                             ;0501;OUTROS RECURSOS NÃO VINCULADOS                         ;0.0;11000000.0;12000000.0;12000000.0;12000000.0
2026;3;12  ;EDUCAÇÃO                                               ;361 ;ENSINO FUNDAMENTAL                                                                                                      ;2110;GESTÃO DAS POLÍTICAS MUNICIPAIS DE EDUCAÇÃO                                                                             ;2035;COORDENAÇÃO, SUPERVISÃO E EXECUÇÃO DAS POLÍTICAS DE EDUCAÇÃO                                                                                                                                            ;0500;RECURSOS NÃO VINCULADOS DE IMPOSTOS                    ;0.0;0.0;2846976.26;2855971.85;2982753.08
2026;3;04  ;ADMINISTRAÇÃO                                          ;846 ;OUTROS ENCARGOS ESPECIAIS                                                                                               ;3101;GESTÃO DOS ENCARGOS GERAIS DO MUNICÍPIO                                                                                 ;2705;ENCARGOS COM O FGTS DOS SERVIDORES                                                                                                                                                                      ;0500;RECURSOS NÃO VINCULADOS DE IMPOSTOS                    ;0.0;0.0;273345.88;270592.84;270592.84
2026;3;03  ;ESSENCIAL À JUSTIÇA                                    ;129 ;ADMINISTRAÇÃO DE RECEITAS                                                                                               ;2160;GESTÃO DAS POLÍTICAS MUNICIPAIS                                                                                         ;2866;OTIMIZAÇÃO DA ARRECADAÇÃO DA DÍVIDA ATIVA DO MUNICÍPIO DO RECIFE                                                                                                                                        ;0501;OUTROS RECURSOS NÃO VINCULADOS                         ;0.0;3254000.0;564385.72;1262426.0;675002.71
2026;3;09  ;PREVIDÊNCIA SOCIAL                                     ;272 ;PREVIDÊNCIA DO REGIME ESTATUTÁRIO                                                                                       ;3101;GESTÃO DOS ENCARGOS GERAIS DO MUNICÍPIO                                                                                 ;9011;ENCARGOS COM INATIVOS E PENSIONISTAS DO GERALDÃO - REGIME PRÓPRIO DO MUNICÍPIO                                                                                                                          ;0762;RECURSOS DE ALIENAÇÃO DE ATIVOS - CESSÃO DE DIREITOS CR;0.0;1823.42;5783.33;5783.33;5618.0
2026;3;12  ;EDUCAÇÃO                                               ;365 ;EDUCAÇÃO INFANTIL                                                                                                       ;1247;PROMOÇÃO E FORTALECIMENTO DA POLÍTICA DA PRIMEIRA INFÂNCIA                                                              ;1036;EXPANSÃO DA REDE FÍSICA DO ENSINO INFANTIL                                                                                                                                                              ;0500;RECURSOS NÃO VINCULADOS DE IMPOSTOS                    ;0.0;-1702353.06;682628.51;550292.05;229641.87
2026;3;19  ;CIÊNCIA E TECNOLOGIA                                   ;573 ;DIFUSÃO DO CONHECIMENTO CIENTÍFICO E TECNOLÓGICO                                                                        ;1315;APOIO À INOVAÇÃO E DIFUSÃO DO CONHECIMENTO CIENTÍFICO E TECNOLÓGICO                                                     ;2049;DESENVOLVIMENTO DE INSTRUMENTOS DE APOIO À INOVAÇÃO E À DIFUSÃO DO CONHECIMENTO CIENTÍFICO E TECNOLÓGICO                                                                                                ;0500;RECURSOS NÃO VINCULADOS DE IMPOSTOS                    ;0.0;0.0;1729324.84;861757.1;628914.14
2026;3;10  ;SAÚDE                                                  ;273 ;PREVIDÊNCIA COMPLEMENTAR                                                                                                ;3102;GESTÃO DOS ENCARGOS GERAIS DO SETOR DE SAÚDE                                                                            ;9022;ENCARGOS COM A PREVIDÊNCIA SOCIAL DOS SERVIDORES - REGIME GERAL                                                                                                                                         ;0500;RECURSOS NÃO VINCULADOS DE IMPOSTOS                    ;0.0;0.0;0.0;541439.18;541439.18
2026;3;18  ;GESTÃO AMBIENTAL                                       ;122 ;ADMINISTRAÇÃO GERAL                                                                                                     ;2161;GESTÃO ADMINISTRATIVA DOS ÓRGÃOS, ENTIDADES E FUNDOS MUNICIPAIS                                                         ;2723;APOIO ADMINISTRATIVO ÀS AÇÕES DA UNIDADE ORÇAMENTÁRIA                                                                                                                                                   ;0753;RECURSOS PROVENIENTES DE TAXAS E CONTRIBUIÇÕES         ;0.0;0.0;9.07;4009.07;4009.07
2026;3;15  ;URBANISMO                                              ;452 ;SERVIÇOS URBANOS                                                                                                        ;1323;MANUTENÇÃO URBANA                                                                                                       ;2538;MANUTENÇÃO DO SISTEMA DE ILUMINAÇÃO PÚBLICA                                                                                                                                                             ;0500;RECURSOS NÃO VINCULADOS DE IMPOSTOS                    ;0.0;-17500000.0;0.0;0.0;0.0
2026;3;14  ;DIREITOS DA CIDADANIA                                  ;422 ;DIREITOS INDIVIDUAIS, COLETIVOS E DIFUSOS                                                                               ;2160;GESTÃO DAS POLÍTICAS MUNICIPAIS                                                                                         ;2282;COORDENAÇÃO, SUPERVISÃO E EXECUÇÃO DAS POLÍTICAS DE ORDEM PÚBLICA E SEGURANÇA                                                                                                                           ;0500;RECURSOS NÃO VINCULADOS DE IMPOSTOS                    ;0.0;0.0;11304200.69;11304200.69;11314788.14
2026;3;10  ;SAÚDE                                                  ;305 ;VIGILÂNCIA EPIDEMIOLÓGICA                                                                                               ;1217;FORTALECIMENTO DAS AÇÕES DE VIGILÂNCIA EM SAÚDE                                                                         ;2087;FORTALECIMENTO DAS AÇÕES DE VIGILÂNCIA EPIDEMIOLÓGICA PARA O CONTROLE DE DOENÇAS E AGRAVOS                                                                                                              ;0600;TRANSF. FUNDO A FUNDO SUS GOV. FED. - BL. MANUTENÇÃO SE;0.0;0.0;649772.1;1425807.32;1108496.01
2026;3;04  ;ADMINISTRAÇÃO                                          ;122 ;ADMINISTRAÇÃO GERAL                                                                                                     ;2122;GESTÃO PÚBLICA DE EXCELÊNCIA                                                                                            ;1095;MODERNIZAÇÃO ADMINISTRATIVA E TRANSFORMAÇÃO DIGITAL                                                                                                                                                     ;0500;RECURSOS NÃO VINCULADOS DE IMPOSTOS                    ;0.0;-5000000.0;82790.05;82790.05;82790.05
2026;3;10  ;SAÚDE                                                  ;301 ;ATENÇÃO BÁSICA                                                                                                          ;1216;FORTALECIMENTO E QUALIFICAÇÃO DA ATENÇÃO BÁSICA EM SAÚDE                                                                ;2724;MANUTENÇÃO DA REDE BÁSICA DE SAÚDE                                                                                                                                                                      ;0621;TRANSF. FUNDO A FUNDO SUS PROV. DO GOVERNO ESTADUAL    ;0.0;-1651897.99;0.0;0.0;0.0
2026;3;10  ;SAÚDE                                                  ;301 ;ATENÇÃO BÁSICA                                                                                                          ;2107;GESTÃO DAS POLÍTICAS MUNICIPAIS DE SAÚDE                                                                                ;2074;COORDENAÇÃO, SUPERVISÃO E EXECUÇÃO DAS POLÍTICAS DE SAÚDE NA ATENÇÃO BÁSICA                                                                                                                             ;0500;RECURSOS NÃO VINCULADOS DE IMPOSTOS                    ;0.0;-150000.0;37556108.92;37556108.92;37960858.89
2026;3;14  ;DIREITOS DA CIDADANIA                                  ;122 ;ADMINISTRAÇÃO GERAL                                                                                                     ;2161;GESTÃO ADMINISTRATIVA DOS ÓRGÃOS, ENTIDADES E FUNDOS MUNICIPAIS                                                         ;2723;APOIO ADMINISTRATIVO ÀS AÇÕES DA UNIDADE ORÇAMENTÁRIA                                                                                                                                                   ;0759;RECURSOS VINCULADOS A FUNDOS                           ;0.0;344939.76;900.0;33460.0;33460.0
2026;3;15  ;URBANISMO                                              ;452 ;SERVIÇOS URBANOS                                                                                                        ;1323;MANUTENÇÃO URBANA                                                                                                       ;2509;LIMPEZA URBANA                                                                                                                                                                                          ;0501;OUTROS RECURSOS NÃO VINCULADOS                         ;0.0;0.0;587214.42;1510683.46;1572220.35
2026;3;09  ;PREVIDÊNCIA SOCIAL                                     ;272 ;PREVIDÊNCIA DO REGIME ESTATUTÁRIO                                                                                       ;3101;GESTÃO DOS ENCARGOS GERAIS DO MUNICÍPIO                                                                                 ;9005;ENCARGOS COM INATIVOS E PENSIONISTAS DO SISTEMA PREVIDENCIÁRIO - REGIME PRÓPRIO DO MUNICÍPIO (ADM. DIRETA)                                                                                              ;0800;RECURSOS VINC. AO RPPS - FUNDO CAPIT. (PLANO PREV.)    ;0.0;0.0;9515654.12;9515654.12;9522371.12
2026;3;15  ;URBANISMO                                              ;243 ;ASSISTÊNCIA À CRIANÇA E AO ADOLESCENTE                                                                                  ;1247;PROMOÇÃO E FORTALECIMENTO DA POLÍTICA DA PRIMEIRA INFÂNCIA                                                              ;2113;APOIO À PRIMEIRA INFÂNCIA                                                                                                                                                                               ;0754;RECURSOS DE OPERAÇÕES DE CRÉDITO                       ;0.0;5197428.1;4744609.17;5197428.1;5197428.1
2026;3;10  ;SAÚDE                                                  ;301 ;ATENÇÃO BÁSICA                                                                                                          ;1236;EXPANSÃO E MELHORIA NA INFRAESTRUTURA DE ATENDIMENTO EM SAÚDE                                                           ;1033;MELHORIA DA ESTRUTURA FÍSICA DAS UNIDADES DE SAÚDE NA ATENÇÃO BÁSICA                                                                                                                                    ;0631;TRANSF. DO GOV. FEDERAL - CONVÊNIOS E INSTRUM. CONGÊNER;0.0;-15785432.34;0.0;0.0;0.0
2026;3;15  ;URBANISMO                                              ;451 ;INFRA-ESTRUTURA URBANA                                                                                                  ;2160;GESTÃO DAS POLÍTICAS MUNICIPAIS                                                                                         ;2023;COORDENAÇÃO, SUPERVISÃO E EXECUÇÃO DO DESENVOLVIMENTO URBANO E DO LICENCIAMENTO                                                                                                                         ;0500;RECURSOS NÃO VINCULADOS DE IMPOSTOS                    ;0.0;-2753750.0;5775336.43;5775336.43;5792170.48
2026;3;10  ;SAÚDE                                                  ;122 ;ADMINISTRAÇÃO GERAL                                                                                                     ;1236;EXPANSÃO E MELHORIA NA INFRAESTRUTURA DE ATENDIMENTO EM SAÚDE                                                           ;1659;CONSTRUÇÃO, REFORMA, AMPLIAÇÃO E EQUIPAGEM DE UNIDADES DE SAÚDE                                                                                                                                         ;0500;RECURSOS NÃO VINCULADOS DE IMPOSTOS                    ;0.0;5278150.93;211698.43;211698.43;62660.76
2026;3;15  ;URBANISMO                                              ;451 ;INFRA-ESTRUTURA URBANA                                                                                                  ;1310;REQUALIFICAÇÃO, AMPLIAÇÃO E REORDENAMENTO DOS ESPAÇOS PÚBLICOS                                                          ;1603;CONSTRUÇÃO E REQUALIFICAÇÃO DE ESPAÇOS DE INTERESSE PÚBLICO                                                                                                                                             ;0754;RECURSOS DE OPERAÇÕES DE CRÉDITO                       ;0.0;13515730.76;13194278.99;12180279.84;12124827.95
2026;3;15  ;URBANISMO                                              ;122 ;ADMINISTRAÇÃO GERAL                                                                                                     ;2161;GESTÃO ADMINISTRATIVA DOS ÓRGÃOS, ENTIDADES E FUNDOS MUNICIPAIS                                                         ;2723;APOIO ADMINISTRATIVO ÀS AÇÕES DA UNIDADE ORÇAMENTÁRIA                                                                                                                                                   ;0755;RECURSOS DE ALIENAÇÃO DE BENS/ATIVOS - ADM. DIRETA     ;0.0;0.0;0.0;0.0;0.0
2026;3;15  ;URBANISMO                                              ;273 ;PREVIDÊNCIA COMPLEMENTAR                                                                                                ;3101;GESTÃO DOS ENCARGOS GERAIS DO MUNICÍPIO                                                                                 ;9022;ENCARGOS COM A PREVIDÊNCIA SOCIAL DOS SERVIDORES - REGIME GERAL                                                                                                                                         ;0751;RECURSOS DA COSIP                                      ;0.0;0.0;0.0;62069.53;62069.53
2026;3;12  ;EDUCAÇÃO                                               ;361 ;ENSINO FUNDAMENTAL                                                                                                      ;1249;AMPLIAÇÃO E GESTÃO DA REDE DE ENSINO FUNDAMENTAL                                                                        ;2178;UNIVERSALIZAÇÃO E QUALIFICAÇÃO DO ENSINO FUNDAMENTAL                                                                                                                                                    ;0540;TRANSFERÊNCIAS DO FUNDEB - IMPOSTOS E TRANSFERÊNCIAS DE;0.0;3649886.6;44671323.4;44999924.07;43626445.38
2026;3;16  ;HABITAÇÃO                                              ;482 ;HABITAÇÃO URBANA                                                                                                        ;1219;MELHORIA DAS CONDIÇÕES DE HABITABILIDADE                                                                                ;1038;IMPLEMENTAÇÃO DE PROJETOS HABITACIONAIS                                                                                                                                                                 ;0754;RECURSOS DE OPERAÇÕES DE CRÉDITO                       ;0.0;-2660884.32;0.0;0.0;0.0
2026;3;12  ;EDUCAÇÃO                                               ;365 ;EDUCAÇÃO INFANTIL                                                                                                       ;1247;PROMOÇÃO E FORTALECIMENTO DA POLÍTICA DA PRIMEIRA INFÂNCIA                                                              ;2179;AMPLIAÇÃO E DESENVOLVIMENTO DA EDUCAÇÃO INFANTIL                                                                                                                                                        ;0500;RECURSOS NÃO VINCULADOS DE IMPOSTOS                    ;0.0;38000000.0;30739567.58;13278525.93;14584420.77
2026;3;10  ;SAÚDE                                                  ;302 ;ASSISTÊNCIA HOSPITALAR E AMBULATORIAL                                                                                   ;1238;FORTALECIMENTO E QUALIFICAÇÃO DA ATENÇÃO À SAÚDE DE MÉDIA E ALTA COMPLEXIDADE                                           ;2324;FORTALECIMENTO E QUALIFICAÇÃO DE PROGRAMAS ESTRATÉGICOS                                                                                                                                                 ;0500;RECURSOS NÃO VINCULADOS DE IMPOSTOS                    ;0.0;812232.39;812232.39;812232.39;403197.59
2026;3;16  ;HABITAÇÃO                                              ;482 ;HABITAÇÃO URBANA                                                                                                        ;1219;MELHORIA DAS CONDIÇÕES DE HABITABILIDADE                                                                                ;1038;IMPLEMENTAÇÃO DE PROJETOS HABITACIONAIS                                                                                                                                                                 ;0500;RECURSOS NÃO VINCULADOS DE IMPOSTOS                    ;0.0;-240000.0;1458.38;2985.18;2875.33
2026;3;15  ;URBANISMO                                              ;451 ;INFRA-ESTRUTURA URBANA                                                                                                  ;1310;REQUALIFICAÇÃO, AMPLIAÇÃO E REORDENAMENTO DOS ESPAÇOS PÚBLICOS                                                          ;1028;AMPLIAÇÃO E MELHORIA DA INFRAESTRUTURA URBANA                                                                                                                                                           ;0754;RECURSOS DE OPERAÇÕES DE CRÉDITO                       ;0.0;961447.0;574095.13;3231984.91;2924488.92
2026;3;15  ;URBANISMO                                              ;451 ;INFRA-ESTRUTURA URBANA                                                                                                  ;2160;GESTÃO DAS POLÍTICAS MUNICIPAIS                                                                                         ;2102;COORDENAÇÃO,SUPERVISÃO E EXECUÇÃO DOS PROJETOS ESPECIAIS DA GESTÃO MUNICIPAL                                                                                                                            ;0500;RECURSOS NÃO VINCULADOS DE IMPOSTOS                    ;0.0;0.0;841614.15;841614.15;839905.11
2026;3;04  ;ADMINISTRAÇÃO                                          ;122 ;ADMINISTRAÇÃO GERAL                                                                                                     ;3101;GESTÃO DOS ENCARGOS GERAIS DO MUNICÍPIO                                                                                 ;2048;ENCARGOS GERAIS COMUNS AOS DIVERSOS ÓRGÃOS                                                                                                                                                              ;0501;OUTROS RECURSOS NÃO VINCULADOS                         ;0.0;0.0;0.0;0.0;0.0
2026;3;04  ;ADMINISTRAÇÃO                                          ;122 ;ADMINISTRAÇÃO GERAL                                                                                                     ;2160;GESTÃO DAS POLÍTICAS MUNICIPAIS                                                                                         ;2064;ASSESSORAMENTO GOVERNAMENTAL                                                                                                                                                                            ;0500;RECURSOS NÃO VINCULADOS DE IMPOSTOS                    ;0.0;0.0;1983069.22;1983069.22;1976594.21
2026;3;04  ;ADMINISTRAÇÃO                                          ;122 ;ADMINISTRAÇÃO GERAL                                                                                                     ;2160;GESTÃO DAS POLÍTICAS MUNICIPAIS                                                                                         ;2145;COORDENAÇÃO, SUPERVISÃO E EXECUÇÃO DAS AÇÕES MUNICIPAIS DE PLANEJAMENTO E GESTÃO                                                                                                                        ;0500;RECURSOS NÃO VINCULADOS DE IMPOSTOS                    ;0.0;0.0;1641528.1;1641528.1;1641895.04
2026;3;10  ;SAÚDE                                                  ;305 ;VIGILÂNCIA EPIDEMIOLÓGICA                                                                                               ;1217;FORTALECIMENTO DAS AÇÕES DE VIGILÂNCIA EM SAÚDE                                                                         ;2612;FORTALECIMENTO DAS AÇÕES DE VIGILÂNCIA AMBIENTAL PARA O CONTROLE DE DOENÇAS E AGRAVOS                                                                                                                   ;0600;TRANSF. FUNDO A FUNDO SUS GOV. FED. - BL. MANUTENÇÃO SE;0.0;0.0;1495284.3;1034721.92;570601.4
2026;3;12  ;EDUCAÇÃO                                               ;361 ;ENSINO FUNDAMENTAL                                                                                                      ;1249;AMPLIAÇÃO E GESTÃO DA REDE DE ENSINO FUNDAMENTAL                                                                        ;2178;UNIVERSALIZAÇÃO E QUALIFICAÇÃO DO ENSINO FUNDAMENTAL                                                                                                                                                    ;0546;TRANSFERÊNCIAS DO FUNDEB - COMPLEMENTAÇÃO DA UNIÃO - ET;0.0;-2207555.88;1567562.77;1376950.14;1259153.63
2026;3;13  ;CULTURA                                                ;391 ;PATRIMÔNIO HISTÓRICO, ARTÍSTICO E ARQUEOLÓGICO                                                                          ;1211;VALORIZAÇÃO DA CULTURA                                                                                                  ;2309;MANUTENÇÃO, RESTAURAÇÃO E PRESERVAÇÃO DE EQUIPAMENTOS E BENS CULTURAIS                                                                                                                                  ;0500;RECURSOS NÃO VINCULADOS DE IMPOSTOS                    ;0.0;339884.23;981372.88;671835.15;489931.08
2026;3;10  ;SAÚDE                                                  ;122 ;ADMINISTRAÇÃO GERAL                                                                                                     ;3104;ATENDIMENTO DE SAÚDE AOS SERVIDORES BENEFICIÁRIOS DO SAÚDE RECIFE                                                       ;2075;GESTÃO DAS AÇÕES DO SAÚDE-RECIFE                                                                                                                                                                        ;0799;OUTRAS VINCULAÇÕES LEGAIS                              ;0.0;452795.39;1666813.49;952162.55;826407.25
2026;3;12  ;EDUCAÇÃO                                               ;361 ;ENSINO FUNDAMENTAL                                                                                                      ;3103;GESTÃO DOS ENCARGOS GERAIS DO SETOR EDUCACIONAL                                                                         ;2149;ENCARGOS COM BENEFÍCIOS AOS SERVIDORES DO SETOR EDUCACIONAL                                                                                                                                             ;0500;RECURSOS NÃO VINCULADOS DE IMPOSTOS                    ;0.0;0.0;1461555.68;1461555.68;1461555.68
2026;3;04  ;ADMINISTRAÇÃO                                          ;846 ;OUTROS ENCARGOS ESPECIAIS                                                                                               ;3101;GESTÃO DOS ENCARGOS GERAIS DO MUNICÍPIO                                                                                 ;2704;ENCARGOS COM PARCELAMENTO DE DÉBITOS DE EXERCÍCIOS ANTERIORES                                                                                                                                           ;0500;RECURSOS NÃO VINCULADOS DE IMPOSTOS                    ;0.0;0.0;0.0;59325.29;59325.29
2026;3;12  ;EDUCAÇÃO                                               ;365 ;EDUCAÇÃO INFANTIL                                                                                                       ;1247;PROMOÇÃO E FORTALECIMENTO DA POLÍTICA DA PRIMEIRA INFÂNCIA                                                              ;2113;APOIO À PRIMEIRA INFÂNCIA                                                                                                                                                                               ;0500;RECURSOS NÃO VINCULADOS DE IMPOSTOS                    ;0.0;0.0;20000.0;95000.0;80000.0
2026;3;15  ;URBANISMO                                              ;451 ;INFRA-ESTRUTURA URBANA                                                                                                  ;1313;REQUALIFICAÇÃO DE ÁREAS DE BAIXA RENDA                                                                                  ;1564;REGULARIZAÇÃO FUNDIÁRIA                                                                                                                                                                                 ;0500;RECURSOS NÃO VINCULADOS DE IMPOSTOS                    ;0.0;-149142.0;0.0;0.0;0.0
2026;3;23  ;COMÉRCIO E SERVIÇOS                                    ;691 ;PROMOÇÃO COMERCIAL                                                                                                      ;1310;REQUALIFICAÇÃO, AMPLIAÇÃO E REORDENAMENTO DOS ESPAÇOS PÚBLICOS                                                          ;1587;CONSTRUÇÃO E RECUPERAÇÃO DE MERCADOS, FEIRAS, ESPAÇOS PARA O COMÉRCIO POPULAR E OUTROS ESPAÇOS PÚBLICOS                                                                                                 ;0500;RECURSOS NÃO VINCULADOS DE IMPOSTOS                    ;0.0;-110800.0;395280.0;0.0;63128.96
2026;3;15  ;URBANISMO                                              ;451 ;INFRA-ESTRUTURA URBANA                                                                                                  ;1304;MOBILIDADE URBANA E ACESSIBILIDADE                                                                                      ;1563;CONSOLIDAÇÃO E MELHORAMENTO DO SISTEMA VIÁRIO                                                                                                                                                           ;0500;RECURSOS NÃO VINCULADOS DE IMPOSTOS                    ;0.0;0.0;135372.19;151978.33;141732.13
2026;3;10  ;SAÚDE                                                  ;301 ;ATENÇÃO BÁSICA                                                                                                          ;1216;FORTALECIMENTO E QUALIFICAÇÃO DA ATENÇÃO BÁSICA EM SAÚDE                                                                ;2321;GARANTIA DA OFERTA DE PROCEDIMENTOS ATRAVÉS DA REDE COMPLEMENTAR - ATENÇÃO BÁSICA                                                                                                                       ;0600;TRANSF. FUNDO A FUNDO SUS GOV. FED. - BL. MANUTENÇÃO SE;0.0;0.0;0.0;2939505.22;5314343.22
2026;3;15  ;URBANISMO                                              ;451 ;INFRA-ESTRUTURA URBANA                                                                                                  ;2160;GESTÃO DAS POLÍTICAS MUNICIPAIS                                                                                         ;1029;PLANEJAMENTO DE LONGO PRAZO - RECIFE 500 ANOS                                                                                                                                                           ;0500;RECURSOS NÃO VINCULADOS DE IMPOSTOS                    ;0.0;1668296.19;0.0;0.0;0.0
2026;3;04  ;ADMINISTRAÇÃO                                          ;122 ;ADMINISTRAÇÃO GERAL                                                                                                     ;2161;GESTÃO ADMINISTRATIVA DOS ÓRGÃOS, ENTIDADES E FUNDOS MUNICIPAIS                                                         ;2723;APOIO ADMINISTRATIVO ÀS AÇÕES DA UNIDADE ORÇAMENTÁRIA                                                                                                                                                   ;0703;OUTRAS TRANSF. CONV. OU INSTRUM. CONGÊNERES - OUTRAS EN;0.0;1087707.17;47241.24;12486.66;12486.66
2026;3;17  ;SANEAMENTO                                             ;512 ;SANEAMENTO BÁSICO URBANO                                                                                                ;1220;PROMOÇÃO DE POLÍTICAS DE SANEAMENTO                                                                                     ;1579;URBANIZAÇÃO DA BACIA DO BEBERIBE                                                                                                                                                                        ;0700;OUTRAS TRANSF. CONV. OU INSTRUM. CONGÊNERES - UNIÃO    ;0.0;-1217925.77;0.0;0.0;0.0
2026;3;08  ;ASSISTÊNCIA SOCIAL                                     ;422 ;DIREITOS INDIVIDUAIS, COLETIVOS E DIFUSOS                                                                               ;2160;GESTÃO DAS POLÍTICAS MUNICIPAIS                                                                                         ;2057;COORDENAÇÃO, SUPERVISÃO E EXECUÇÃO DAS POLÍTICAS DE DIRETOS HUMANOS E JUVENTUDE                                                                                                                         ;0500;RECURSOS NÃO VINCULADOS DE IMPOSTOS                    ;0.0;0.0;132003.4;19833.4;11075.8
2026;3;04  ;ADMINISTRAÇÃO                                          ;126 ;TECNOLOGIA DA INFORMAÇÃO                                                                                                ;2123;MELHORIA DA QUALIDADE DOS SERVIÇOS DE TIC E TRANSFORMAÇÃO DIGITAL DOS SERVIÇOS E PROCESSOS DA PCR                       ;1541;EXPANSÃO E ATUALIZAÇÃO DO AMBIENTE DE TECNOLOGIA DA INFORMAÇÃO                                                                                                                                          ;0501;OUTROS RECURSOS NÃO VINCULADOS                         ;0.0;634495.92;158780.12;0.0;0.0
2026;3;15  ;URBANISMO                                              ;452 ;SERVIÇOS URBANOS                                                                                                        ;1323;MANUTENÇÃO URBANA                                                                                                       ;2538;MANUTENÇÃO DO SISTEMA DE ILUMINAÇÃO PÚBLICA                                                                                                                                                             ;0751;RECURSOS DA COSIP                                      ;0.0;0.0;3312173.98;5400723.21;6753736.95
2026;3;10  ;SAÚDE                                                  ;272 ;PREVIDÊNCIA DO REGIME ESTATUTÁRIO                                                                                       ;3102;GESTÃO DOS ENCARGOS GERAIS DO SETOR DE SAÚDE                                                                            ;9021;ENCARGOS COM A PREVIDÊNCIA SOCIAL DOS SERVIDORES - REGIME PRÓPRIO                                                                                                                                       ;0500;RECURSOS NÃO VINCULADOS DE IMPOSTOS                    ;0.0;0.0;0.0;7515125.05;7515125.05
2026;3;10  ;SAÚDE                                                  ;302 ;ASSISTÊNCIA HOSPITALAR E AMBULATORIAL                                                                                   ;1238;FORTALECIMENTO E QUALIFICAÇÃO DA ATENÇÃO À SAÚDE DE MÉDIA E ALTA COMPLEXIDADE                                           ;2085;GARANTIA DA OFERTA DE PROCEDIMENTOS ATRAVÉS DA REDE PRÓPRIA                                                                                                                                             ;0600;TRANSF. FUNDO A FUNDO SUS GOV. FED. - BL. MANUTENÇÃO SE;0.0;0.0;81113965.95;21239217.1;21281888.66
2026;3;27  ;DESPORTO E LAZER                                       ;122 ;ADMINISTRAÇÃO GERAL                                                                                                     ;2161;GESTÃO ADMINISTRATIVA DOS ÓRGÃOS, ENTIDADES E FUNDOS MUNICIPAIS                                                         ;2723;APOIO ADMINISTRATIVO ÀS AÇÕES DA UNIDADE ORÇAMENTÁRIA                                                                                                                                                   ;0500;RECURSOS NÃO VINCULADOS DE IMPOSTOS                    ;0.0;50489.18;122942.1;620841.91;433087.98
2026;3;11  ;TRABALHO                                               ;363 ;ENSINO PROFISSIONAL                                                                                                     ;1320;PROMOÇÃO SOCIAL E PROFISSIONAL PARA GERAÇÃO DE TRABALHO E RENDA                                                         ;2992;QUALIFICAÇÃO SOCIAL PROFISSIONAL E DIFUSÃO DO EMPREENDEDORISMO PARA GERAÇÃO DE TRABALHO E RENDA                                                                                                         ;0501;OUTROS RECURSOS NÃO VINCULADOS                         ;0.0;-6858445.39;0.0;0.0;0.0
2026;3;17  ;SANEAMENTO                                             ;512 ;SANEAMENTO BÁSICO URBANO                                                                                                ;1323;MANUTENÇÃO URBANA                                                                                                       ;2543;MANUTENÇÃO E RETIFICAÇÃO DOS SISTEMAS DE MICRO E MACRO-DRENAGEM                                                                                                                                         ;0501;OUTROS RECURSOS NÃO VINCULADOS                         ;0.0;0.0;-2159379.85;6528415.55;6737611.94
2026;3;10  ;SAÚDE                                                  ;301 ;ATENÇÃO BÁSICA                                                                                                          ;1216;FORTALECIMENTO E QUALIFICAÇÃO DA ATENÇÃO BÁSICA EM SAÚDE                                                                ;2724;MANUTENÇÃO DA REDE BÁSICA DE SAÚDE                                                                                                                                                                      ;0500;RECURSOS NÃO VINCULADOS DE IMPOSTOS                    ;0.0;2786689.83;2150465.01;2459073.9;2595398.73
2026;3;03  ;ESSENCIAL À JUSTIÇA                                    ;122 ;ADMINISTRAÇÃO GERAL                                                                                                     ;2161;GESTÃO ADMINISTRATIVA DOS ÓRGÃOS, ENTIDADES E FUNDOS MUNICIPAIS                                                         ;2723;APOIO ADMINISTRATIVO ÀS AÇÕES DA UNIDADE ORÇAMENTÁRIA                                                                                                                                                   ;0500;RECURSOS NÃO VINCULADOS DE IMPOSTOS                    ;0.0;0.0;88249.52;292063.91;288950.91
2026;3;09  ;PREVIDÊNCIA SOCIAL                                     ;272 ;PREVIDÊNCIA DO REGIME ESTATUTÁRIO                                                                                       ;3101;GESTÃO DOS ENCARGOS GERAIS DO MUNICÍPIO                                                                                 ;9008;ENCARGOS COM INATIVOS E PENSIONISTAS DA FCCR - REGIME PRÓPRIO DO MUNICÍPIO                                                                                                                              ;0801;RECURSOS VINC. AO RPPS - FUNDO REP. (PLANO FINANC.)    ;0.0;0.0;299869.33;299869.33;299869.33
2026;3;15  ;URBANISMO                                              ;272 ;PREVIDÊNCIA DO REGIME ESTATUTÁRIO                                                                                       ;3101;GESTÃO DOS ENCARGOS GERAIS DO MUNICÍPIO                                                                                 ;9021;ENCARGOS COM A PREVIDÊNCIA SOCIAL DOS SERVIDORES - REGIME PRÓPRIO                                                                                                                                       ;0500;RECURSOS NÃO VINCULADOS DE IMPOSTOS                    ;0.0;110000.0;9357.33;9357.33;9357.33
2026;3;23  ;COMÉRCIO E SERVIÇOS                                    ;695 ;TURISMO                                                                                                                 ;1213;PROMOÇÃO DO TURISMO NO RECIFE                                                                                           ;2193;PROMOÇÃO, ESTRUTURAÇÃO E FORTALECIMENTO TURÍSTICO DO DESTINO RECIFE                                                                                                                                     ;0500;RECURSOS NÃO VINCULADOS DE IMPOSTOS                    ;0.0;3468220.22;1039808.68;1612902.43;1583497.83
2026;3;08  ;ASSISTÊNCIA SOCIAL                                     ;244 ;ASSISTÊNCIA COMUNITÁRIA                                                                                                 ;1204;FORTALECIMENTO DO SISTEMA ÚNICO DE ASSISTÊNCIA SOCIAL                                                                   ;2519;DESENVOLVIMENTO DAS AÇÕES DE PROTEÇÃO SOCIAL ESPECIAL                                                                                                                                                   ;0754;RECURSOS DE OPERAÇÕES DE CRÉDITO                       ;0.0;0.0;-238682.06;0.0;0.0
2026;3;09  ;PREVIDÊNCIA SOCIAL                                     ;272 ;PREVIDÊNCIA DO REGIME ESTATUTÁRIO                                                                                       ;3101;GESTÃO DOS ENCARGOS GERAIS DO MUNICÍPIO                                                                                 ;9011;ENCARGOS COM INATIVOS E PENSIONISTAS DO GERALDÃO - REGIME PRÓPRIO DO MUNICÍPIO                                                                                                                          ;0801;RECURSOS VINC. AO RPPS - FUNDO REP. (PLANO FINANC.)    ;0.0;0.0;28703.52;28703.52;28703.52
2026;3;17  ;SANEAMENTO                                             ;512 ;SANEAMENTO BÁSICO URBANO                                                                                                ;1323;MANUTENÇÃO URBANA                                                                                                       ;2543;MANUTENÇÃO E RETIFICAÇÃO DOS SISTEMAS DE MICRO E MACRO-DRENAGEM                                                                                                                                         ;0754;RECURSOS DE OPERAÇÕES DE CRÉDITO                       ;0.0;83566.42;754371.85;880857.2;644247.8
2026;3;28  ;ENCARGOS ESPECIAIS                                     ;846 ;OUTROS ENCARGOS ESPECIAIS                                                                                               ;3101;GESTÃO DOS ENCARGOS GERAIS DO MUNICÍPIO                                                                                 ;9002;CONTRIBUIÇÕES PARA O PIS/PASEP                                                                                                                                                                          ;0708;TRANSF. UNIÃO À COMP. FINANC. REC. MINERAIS            ;0.0;0.0;0.0;1192.95;1140.88
2026;3;15  ;URBANISMO                                              ;122 ;ADMINISTRAÇÃO GERAL                                                                                                     ;2161;GESTÃO ADMINISTRATIVA DOS ÓRGÃOS, ENTIDADES E FUNDOS MUNICIPAIS                                                         ;1035;EXPANSÃO E MELHORIA DA INFRAESTRUTURA DA CTTU                                                                                                                                                           ;0501;OUTROS RECURSOS NÃO VINCULADOS                         ;0.0;614602.27;0.0;0.0;0.0
2026;3;15  ;URBANISMO                                              ;451 ;INFRA-ESTRUTURA URBANA                                                                                                  ;1219;MELHORIA DAS CONDIÇÕES DE HABITABILIDADE                                                                                ;1590;REQUALIFICAÇÃO URBANÍSTICA E INCLUSÃO SOCIAL DA COMUNIDADE DO PILAR                                                                                                                                     ;0754;RECURSOS DE OPERAÇÕES DE CRÉDITO                       ;0.0;657288.0;414591.07;411266.09;411266.09
2026;3;10  ;SAÚDE                                                  ;301 ;ATENÇÃO BÁSICA                                                                                                          ;1216;FORTALECIMENTO E QUALIFICAÇÃO DA ATENÇÃO BÁSICA EM SAÚDE                                                                ;2620;IMPLEMENTAÇÃO DAS ESTRATÉGIAS PARA GRUPOS ESPECÍFICOS                                                                                                                                                   ;0600;TRANSF. FUNDO A FUNDO SUS GOV. FED. - BL. MANUTENÇÃO SE;0.0;0.0;12000.0;395.0;0.0
2026;3;04  ;ADMINISTRAÇÃO                                          ;273 ;PREVIDÊNCIA COMPLEMENTAR                                                                                                ;3101;GESTÃO DOS ENCARGOS GERAIS DO MUNICÍPIO                                                                                 ;9033;ENCARGOS COM A PREVIDÊNCIA SOCIAL DOS SERVIDORES - REGIME COMPLEMENTAR                                                                                                                                  ;0500;RECURSOS NÃO VINCULADOS DE IMPOSTOS                    ;0.0;0.0;0.0;16037.64;16037.64
2026;3;10  ;SAÚDE                                                  ;304 ;VIGILÂNCIA SANITÁRIA                                                                                                    ;2160;GESTÃO DAS POLÍTICAS MUNICIPAIS                                                                                         ;2026;COORDENAÇÃO, SUPERVISÃO E EXECUÇÃO DA POLÍTICA DE PROTEÇÃO ANIMAL                                                                                                                                       ;0500;RECURSOS NÃO VINCULADOS DE IMPOSTOS                    ;0.0;1256400.0;926315.59;380194.07;380576.89
2026;3;13  ;CULTURA                                                ;392 ;DIFUSÃO CULTURAL                                                                                                        ;1211;VALORIZAÇÃO DA CULTURA                                                                                                  ;2579;PROMOÇÃO DE EVENTOS E FESTIVIDADES CULTURAIS E TRADICIONAIS                                                                                                                                             ;0501;OUTROS RECURSOS NÃO VINCULADOS                         ;0.0;3000000.0;486030.06;438600.06;0.0
2026;3;10  ;SAÚDE                                                  ;122 ;ADMINISTRAÇÃO GERAL                                                                                                     ;1236;EXPANSÃO E MELHORIA NA INFRAESTRUTURA DE ATENDIMENTO EM SAÚDE                                                           ;1659;CONSTRUÇÃO, REFORMA, AMPLIAÇÃO E EQUIPAGEM DE UNIDADES DE SAÚDE                                                                                                                                         ;0601;TRANSF. FUNDO A FUNDO SUS GOV. FED. - BL. ESTRUTURAÇÃO ;0.0;2385267.67;446342.33;256237.83;247006.38
2026;3;04  ;ADMINISTRAÇÃO                                          ;331 ;PROTEÇÃO E BENEFÍCIOS AO TRABALHADOR                                                                                    ;3101;GESTÃO DOS ENCARGOS GERAIS DO MUNICÍPIO                                                                                 ;2153;ENCARGOS COM BENEFÍCIOS AOS SERVIDORES                                                                                                                                                                  ;0500;RECURSOS NÃO VINCULADOS DE IMPOSTOS                    ;0.0;0.0;384293.88;3631945.35;3631945.35
2026;3;10  ;SAÚDE                                                  ;125 ;NORMATIZAÇÃO E FISCALIZAÇÃO                                                                                             ;1239;MELHORIA DA GESTÃO DO SISTEMA DE SAÚDE                                                                                  ;2886;IMPLEMENTAÇÃO E FORTALECIMENTO DO CONTROLE SOCIAL NA GESTÃO DAS POLÍTICAS DE SAÚDE DO MUNICÍPIO                                                                                                         ;0500;RECURSOS NÃO VINCULADOS DE IMPOSTOS                    ;0.0;0.0;203745.86;89863.65;100480.48
2026;3;28  ;ENCARGOS ESPECIAIS                                     ;846 ;OUTROS ENCARGOS ESPECIAIS                                                                                               ;3101;GESTÃO DOS ENCARGOS GERAIS DO MUNICÍPIO                                                                                 ;9004;COMPROMISSOS DECORRENTES DE SENTENÇAS JUDICIAIS                                                                                                                                                         ;0500;RECURSOS NÃO VINCULADOS DE IMPOSTOS                    ;0.0;0.0;440513.32;440513.32;346240.89
2026;3;23  ;COMÉRCIO E SERVIÇOS                                    ;273 ;PREVIDÊNCIA COMPLEMENTAR                                                                                                ;3101;GESTÃO DOS ENCARGOS GERAIS DO MUNICÍPIO                                                                                 ;9022;ENCARGOS COM A PREVIDÊNCIA SOCIAL DOS SERVIDORES - REGIME GERAL                                                                                                                                         ;0500;RECURSOS NÃO VINCULADOS DE IMPOSTOS                    ;0.0;0.0;0.0;179988.37;179988.37
2026;3;12  ;EDUCAÇÃO                                               ;361 ;ENSINO FUNDAMENTAL                                                                                                      ;1249;AMPLIAÇÃO E GESTÃO DA REDE DE ENSINO FUNDAMENTAL                                                                        ;2178;UNIVERSALIZAÇÃO E QUALIFICAÇÃO DO ENSINO FUNDAMENTAL                                                                                                                                                    ;0543;TRANSFERÊNCIAS DO FUNDEB - COMPLEMENTAÇÃO DA UNIÃO - VA;0.0;0.0;51695.16;0.0;0.0
2026;3;12  ;EDUCAÇÃO                                               ;361 ;ENSINO FUNDAMENTAL                                                                                                      ;2167;GESTÃO ADMINISTRATIVA DO SETOR EDUCACIONAL                                                                              ;2036;APOIO ADMINISTRATIVO ÀS AÇÕES DE EDUCAÇÃO DA REDE MUNICIPAL DE ENSINO                                                                                                                                   ;0540;TRANSFERÊNCIAS DO FUNDEB - IMPOSTOS E TRANSFERÊNCIAS DE;0.0;0.0;1521384.79;1012989.65;998673.44
2026;3;10  ;SAÚDE                                                  ;302 ;ASSISTÊNCIA HOSPITALAR E AMBULATORIAL                                                                                   ;1233;MELHORIA DO ACESSO À ASSISTÊNCIA FARMACÊUTICA                                                                           ;2323;MANUTENÇÃO DO ADEQUADO SUPRIMENTO DA REDE EM ASSISTÊNCIA FARMACÊUTICA NA MÉDIA E ALTA COMPLEXIDADE                                                                                                      ;0600;TRANSF. FUNDO A FUNDO SUS GOV. FED. - BL. MANUTENÇÃO SE;0.0;-150000.0;0.0;0.0;0.0
2026;3;15  ;URBANISMO                                              ;451 ;INFRA-ESTRUTURA URBANA                                                                                                  ;1310;REQUALIFICAÇÃO, AMPLIAÇÃO E REORDENAMENTO DOS ESPAÇOS PÚBLICOS                                                          ;1603;CONSTRUÇÃO E REQUALIFICAÇÃO DE ESPAÇOS DE INTERESSE PÚBLICO                                                                                                                                             ;0700;OUTRAS TRANSF. CONV. OU INSTRUM. CONGÊNERES - UNIÃO    ;0.0;19712987.0;12077425.77;0.0;0.0
2026;3;15  ;URBANISMO                                              ;451 ;INFRA-ESTRUTURA URBANA                                                                                                  ;1303;GESTÃO DE RISCO EM ENCOSTAS E ALAGADOS                                                                                  ;1574;URBANIZAÇÃO DE ÁREAS DE RISCO                                                                                                                                                                           ;0754;RECURSOS DE OPERAÇÕES DE CRÉDITO                       ;0.0;7701044.75;6572655.56;8089881.19;7915052.27
2026;3;10  ;SAÚDE                                                  ;302 ;ASSISTÊNCIA HOSPITALAR E AMBULATORIAL                                                                                   ;1238;FORTALECIMENTO E QUALIFICAÇÃO DA ATENÇÃO À SAÚDE DE MÉDIA E ALTA COMPLEXIDADE                                           ;2883;GARANTIA DA OFERTA DE PROCEDIMENTOS ATRAVÉS DA REDE COMPLEMENTAR                                                                                                                                        ;0601;TRANSF. FUNDO A FUNDO SUS GOV. FED. - BL. ESTRUTURAÇÃO ;0.0;-2385267.67;850483.0;850483.0;850483.0
2026;3;15  ;URBANISMO                                              ;452 ;SERVIÇOS URBANOS                                                                                                        ;1323;MANUTENÇÃO URBANA                                                                                                       ;2509;LIMPEZA URBANA                                                                                                                                                                                          ;0500;RECURSOS NÃO VINCULADOS DE IMPOSTOS                    ;0.0;29964869.63;32948069.04;17833776.92;18392267.14
2026;3;12  ;EDUCAÇÃO                                               ;361 ;ENSINO FUNDAMENTAL                                                                                                      ;2167;GESTÃO ADMINISTRATIVA DO SETOR EDUCACIONAL                                                                              ;2036;APOIO ADMINISTRATIVO ÀS AÇÕES DE EDUCAÇÃO DA REDE MUNICIPAL DE ENSINO                                                                                                                                   ;0762;RECURSOS DE ALIENAÇÃO DE ATIVOS - CESSÃO DE DIREITOS CR;0.0;0.0;0.0;0.0;0.0
2026;3;10  ;SAÚDE                                                  ;122 ;ADMINISTRAÇÃO GERAL                                                                                                     ;1236;EXPANSÃO E MELHORIA NA INFRAESTRUTURA DE ATENDIMENTO EM SAÚDE                                                           ;1659;CONSTRUÇÃO, REFORMA, AMPLIAÇÃO E EQUIPAGEM DE UNIDADES DE SAÚDE                                                                                                                                         ;0754;RECURSOS DE OPERAÇÕES DE CRÉDITO                       ;0.0;-100000.0;0.0;0.0;0.0
2026;3;15  ;URBANISMO                                              ;453 ;TRANSPORTES COLETIVOS URBANOS                                                                                           ;1304;MOBILIDADE URBANA E ACESSIBILIDADE                                                                                      ;2510;GERENCIAMENTO DO TRÂNSITO E DO TRANSPORTE PÚBLICO                                                                                                                                                       ;0500;RECURSOS NÃO VINCULADOS DE IMPOSTOS                    ;0.0;1372534.49;1711376.51;1408183.45;397454.76
2026;3;10  ;SAÚDE                                                  ;305 ;VIGILÂNCIA EPIDEMIOLÓGICA                                                                                               ;1217;FORTALECIMENTO DAS AÇÕES DE VIGILÂNCIA EM SAÚDE                                                                         ;2612;FORTALECIMENTO DAS AÇÕES DE VIGILÂNCIA AMBIENTAL PARA O CONTROLE DE DOENÇAS E AGRAVOS                                                                                                                   ;0501;OUTROS RECURSOS NÃO VINCULADOS                         ;0.0;277000.82;0.0;0.0;0.0
2026;3;09  ;PREVIDÊNCIA SOCIAL                                     ;272 ;PREVIDÊNCIA DO REGIME ESTATUTÁRIO                                                                                       ;3101;GESTÃO DOS ENCARGOS GERAIS DO MUNICÍPIO                                                                                 ;9007;ENCARGOS COM INATIVOS E PENSIONISTAS DO SETOR EDUCACIONAL - REGIME PRÓPRIO DO MUNICÍPIO                                                                                                                 ;0800;RECURSOS VINC. AO RPPS - FUNDO CAPIT. (PLANO PREV.)    ;0.0;0.0;8495971.49;8495971.49;8485007.2
2026;3;04  ;ADMINISTRAÇÃO                                          ;131 ;COMUNICAÇÃO SOCIAL                                                                                                      ;2160;GESTÃO DAS POLÍTICAS MUNICIPAIS                                                                                         ;2046;COORDENAÇÃO, SUPERVISÃO E EXECUÇÃO DAS POLÍTICAS DE RELACIONAMENTO COM A IMPRENSA E PRESENÇA DIGITAL DA PREFEITURA DO RECIFE                                                                            ;0500;RECURSOS NÃO VINCULADOS DE IMPOSTOS                    ;0.0;0.0;518186.52;538545.3;535934.5
2026;3;28  ;ENCARGOS ESPECIAIS                                     ;846 ;OUTROS ENCARGOS ESPECIAIS                                                                                               ;3101;GESTÃO DOS ENCARGOS GERAIS DO MUNICÍPIO                                                                                 ;9034;ENCARGOS COM PARCELAMENTO DO PIS/PASEP                                                                                                                                                                  ;0802;RECURSOS VINCULADOS RPPS - TAXA ADMINISTRAÇÃO          ;0.0;0.0;350000.0;0.0;0.0
2026;3;04  ;ADMINISTRAÇÃO                                          ;123 ;ADMINISTRAÇÃO FINANCEIRA                                                                                                ;2160;GESTÃO DAS POLÍTICAS MUNICIPAIS                                                                                         ;2621;COORDENAÇÃO, SUPERVISÃO E EXECUÇÃO DAS POLÍTICAS DE DESENVOLVIMENTO ECONÔMICO                                                                                                                           ;0500;RECURSOS NÃO VINCULADOS DE IMPOSTOS                    ;0.0;0.0;183969.53;183969.53;183560.08
2026;3;04  ;ADMINISTRAÇÃO                                          ;126 ;TECNOLOGIA DA INFORMAÇÃO                                                                                                ;2123;MELHORIA DA QUALIDADE DOS SERVIÇOS DE TIC E TRANSFORMAÇÃO DIGITAL DOS SERVIÇOS E PROCESSOS DA PCR                       ;2520;MELHORIA E MANUTENÇÃO DOS SISTEMAS DE TECNOLOGIA DA INFORMAÇÃO E COMUNICAÇÃO                                                                                                                            ;0501;OUTROS RECURSOS NÃO VINCULADOS                         ;0.0;1389867.65;1880995.25;1654206.53;1451529.14
2026;3;10  ;SAÚDE                                                  ;301 ;ATENÇÃO BÁSICA                                                                                                          ;1216;FORTALECIMENTO E QUALIFICAÇÃO DA ATENÇÃO BÁSICA EM SAÚDE                                                                ;2620;IMPLEMENTAÇÃO DAS ESTRATÉGIAS PARA GRUPOS ESPECÍFICOS                                                                                                                                                   ;0500;RECURSOS NÃO VINCULADOS DE IMPOSTOS                    ;0.0;600000.0;914329.3;362747.92;189662.13
2026;3;14  ;DIREITOS DA CIDADANIA                                  ;422 ;DIREITOS INDIVIDUAIS, COLETIVOS E DIFUSOS                                                                               ;1252;PROMOÇÃO DOS DIREITOS HUMANOS, CIDADANIA E IGUALDADE ÉTNICO-RACIAL                                                      ;2093;ESTRUTURAÇÃO E MANUTENÇÃO DOS CENTROS COMUNITÁRIOS DA PAZ - COMPAZ                                                                                                                                      ;0500;RECURSOS NÃO VINCULADOS DE IMPOSTOS                    ;0.0;0.0;2306429.64;551493.77;844782.13
2026;3;10  ;SAÚDE                                                  ;301 ;ATENÇÃO BÁSICA                                                                                                          ;1233;MELHORIA DO ACESSO À ASSISTÊNCIA FARMACÊUTICA                                                                           ;2322;MANUTENÇÃO DO ADEQUADO SUPRIMENTO DA REDE EM ASSISTÊNCIA FARMACÊUTICA NA ATENÇÃO BÁSICA                                                                                                                 ;0600;TRANSF. FUNDO A FUNDO SUS GOV. FED. - BL. MANUTENÇÃO SE;0.0;323000.0;754801.2;1191964.5;989669.22
2026;3;15  ;URBANISMO                                              ;451 ;INFRA-ESTRUTURA URBANA                                                                                                  ;1219;MELHORIA DAS CONDIÇÕES DE HABITABILIDADE                                                                                ;1590;REQUALIFICAÇÃO URBANÍSTICA E INCLUSÃO SOCIAL DA COMUNIDADE DO PILAR                                                                                                                                     ;0700;OUTRAS TRANSF. CONV. OU INSTRUM. CONGÊNERES - UNIÃO    ;0.0;-1842239.28;0.0;0.0;0.0
2026;3;12  ;EDUCAÇÃO                                               ;361 ;ENSINO FUNDAMENTAL                                                                                                      ;1207;SUPORTE E APOIO EFETIVOS PARA UMA EDUCAÇÃO DE QUALIDADE                                                                 ;1043;EXPANSÃO DA REDE FÍSICA DO ENSINO FUNDAMENTAL                                                                                                                                                           ;0762;RECURSOS DE ALIENAÇÃO DE ATIVOS - CESSÃO DE DIREITOS CR;0.0;0.0;0.0;0.0;0.0
2026;3;17  ;SANEAMENTO                                             ;512 ;SANEAMENTO BÁSICO URBANO                                                                                                ;1220;PROMOÇÃO DE POLÍTICAS DE SANEAMENTO                                                                                     ;1252;SANEAMENTO INTEGRADO                                                                                                                                                                                    ;0500;RECURSOS NÃO VINCULADOS DE IMPOSTOS                    ;0.0;-389200.0;0.0;0.0;0.0
2026;3;19  ;CIÊNCIA E TECNOLOGIA                                   ;573 ;DIFUSÃO DO CONHECIMENTO CIENTÍFICO E TECNOLÓGICO                                                                        ;2160;GESTÃO DAS POLÍTICAS MUNICIPAIS                                                                                         ;2022;COORDENAÇÃO, SUPERVISÃO E EXECUÇÃO DAS POLÍTICAS DE TRANSFORMAÇÃO DIGITAL, CIÊNCIA E TECNOLOGIA                                                                                                         ;0500;RECURSOS NÃO VINCULADOS DE IMPOSTOS                    ;0.0;0.0;338536.93;338536.93;338424.95
2026;3;04  ;ADMINISTRAÇÃO                                          ;846 ;OUTROS ENCARGOS ESPECIAIS                                                                                               ;3101;GESTÃO DOS ENCARGOS GERAIS DO MUNICÍPIO                                                                                 ;2701;ENCARGOS COM OBRIGAÇÕES TRIBUTÁRIAS E CONTRIBUTIVAS                                                                                                                                                     ;0501;OUTROS RECURSOS NÃO VINCULADOS                         ;0.0;200000.0;114248.72;106501.52;106501.52
2026;3;15  ;URBANISMO                                              ;452 ;SERVIÇOS URBANOS                                                                                                        ;1323;MANUTENÇÃO URBANA                                                                                                       ;2541;MANUTENÇÃO DO SISTEMA VIÁRIO                                                                                                                                                                            ;0700;OUTRAS TRANSF. CONV. OU INSTRUM. CONGÊNERES - UNIÃO    ;0.0;0.0;277794.86;177322.57;174219.42
2026;4;08  ;ASSISTÊNCIA SOCIAL                                     ;422 ;DIREITOS INDIVIDUAIS, COLETIVOS E DIFUSOS                                                                               ;2160;GESTÃO DAS POLÍTICAS MUNICIPAIS                                                                                         ;2274;COORDENAÇÃO, SUPERVISÃO E EXECUÇÃO DAS POLÍTICAS DE ASSISTÊNCIA SOCIAL E COMBATE À FOME                                                                                                                 ;0500;RECURSOS NÃO VINCULADOS DE IMPOSTOS                    ;0.0;0.0;0.0;0.0;197267.54
2026;4;15  ;URBANISMO                                              ;451 ;INFRA-ESTRUTURA URBANA                                                                                                  ;2160;GESTÃO DAS POLÍTICAS MUNICIPAIS                                                                                         ;1029;PLANEJAMENTO DE LONGO PRAZO - RECIFE 500 ANOS                                                                                                                                                           ;0500;RECURSOS NÃO VINCULADOS DE IMPOSTOS                    ;0.0;56459.54;1804013.37;34413.18;34413.18
2026;4;12  ;EDUCAÇÃO                                               ;361 ;ENSINO FUNDAMENTAL                                                                                                      ;1249;AMPLIAÇÃO E GESTÃO DA REDE DE ENSINO FUNDAMENTAL                                                                        ;2178;UNIVERSALIZAÇÃO E QUALIFICAÇÃO DO ENSINO FUNDAMENTAL                                                                                                                                                    ;0540;TRANSFERÊNCIAS DO FUNDEB - IMPOSTOS E TRANSFERÊNCIAS DE;0.0;2000000.0;9497306.41;1692894.95;8823150.1
2026;4;28  ;ENCARGOS ESPECIAIS                                     ;846 ;OUTROS ENCARGOS ESPECIAIS                                                                                               ;3101;GESTÃO DOS ENCARGOS GERAIS DO MUNICÍPIO                                                                                 ;9015;ENCARGOS COM PENSIONISTAS DA PREFEITURA DO RECIFE                                                                                                                                                       ;0500;RECURSOS NÃO VINCULADOS DE IMPOSTOS                    ;0.0;0.0;0.0;0.0;8819.01
2026;4;17  ;SANEAMENTO                                             ;512 ;SANEAMENTO BÁSICO URBANO                                                                                                ;2160;GESTÃO DAS POLÍTICAS MUNICIPAIS                                                                                         ;2246;COORDENAÇÃO, SUPERVISÃO E EXECUÇÃO DAS POLÍTICAS DE SANEAMENTO                                                                                                                                          ;0500;RECURSOS NÃO VINCULADOS DE IMPOSTOS                    ;0.0;0.0;0.0;0.0;65868.0
2026;4;09  ;PREVIDÊNCIA SOCIAL                                     ;272 ;PREVIDÊNCIA DO REGIME ESTATUTÁRIO                                                                                       ;3101;GESTÃO DOS ENCARGOS GERAIS DO MUNICÍPIO                                                                                 ;9011;ENCARGOS COM INATIVOS E PENSIONISTAS DO GERALDÃO - REGIME PRÓPRIO DO MUNICÍPIO                                                                                                                          ;0762;RECURSOS DE ALIENAÇÃO DE ATIVOS - CESSÃO DE DIREITOS CR;0.0;0.0;0.0;0.0;5696.07
2026;4;10  ;SAÚDE                                                  ;122 ;ADMINISTRAÇÃO GERAL                                                                                                     ;2165;GESTÃO ADMINISTRATIVA DO SISTEMA MUNICIPAL DE SAÚDE                                                                     ;2617;APOIO ADMINISTRATIVO ÀS AÇÕES DO FUNDO MUNICIPAL DE SAÚDE                                                                                                                                               ;0501;OUTROS RECURSOS NÃO VINCULADOS                         ;0.0;-4537112.14;1722.89;1722.89;1722.89
2026;4;09  ;PREVIDÊNCIA SOCIAL                                     ;272 ;PREVIDÊNCIA DO REGIME ESTATUTÁRIO                                                                                       ;3101;GESTÃO DOS ENCARGOS GERAIS DO MUNICÍPIO                                                                                 ;9005;ENCARGOS COM INATIVOS E PENSIONISTAS DO SISTEMA PREVIDENCIÁRIO - REGIME PRÓPRIO DO MUNICÍPIO (ADM. DIRETA)                                                                                              ;0800;RECURSOS VINC. AO RPPS - FUNDO CAPIT. (PLANO PREV.)    ;0.0;0.0;9424402.86;9424402.86;9767073.25
2026;4;09  ;PREVIDÊNCIA SOCIAL                                     ;272 ;PREVIDÊNCIA DO REGIME ESTATUTÁRIO                                                                                       ;3101;GESTÃO DOS ENCARGOS GERAIS DO MUNICÍPIO                                                                                 ;9011;ENCARGOS COM INATIVOS E PENSIONISTAS DO GERALDÃO - REGIME PRÓPRIO DO MUNICÍPIO                                                                                                                          ;0801;RECURSOS VINC. AO RPPS - FUNDO REP. (PLANO FINANC.)    ;0.0;0.0;24135.17;24135.17;19382.86
2026;4;10  ;SAÚDE                                                  ;305 ;VIGILÂNCIA EPIDEMIOLÓGICA                                                                                               ;1217;FORTALECIMENTO DAS AÇÕES DE VIGILÂNCIA EM SAÚDE                                                                         ;2612;FORTALECIMENTO DAS AÇÕES DE VIGILÂNCIA AMBIENTAL PARA O CONTROLE DE DOENÇAS E AGRAVOS                                                                                                                   ;0600;TRANSF. FUNDO A FUNDO SUS GOV. FED. - BL. MANUTENÇÃO SE;0.0;1344860.24;523112.39;951643.09;1354866.9
2026;4;15  ;URBANISMO                                              ;272 ;PREVIDÊNCIA DO REGIME ESTATUTÁRIO                                                                                       ;3101;GESTÃO DOS ENCARGOS GERAIS DO MUNICÍPIO                                                                                 ;9021;ENCARGOS COM A PREVIDÊNCIA SOCIAL DOS SERVIDORES - REGIME PRÓPRIO                                                                                                                                       ;0762;RECURSOS DE ALIENAÇÃO DE ATIVOS - CESSÃO DE DIREITOS CR;0.0;0.0;0.0;0.0;0.0
2026;4;11  ;TRABALHO                                               ;122 ;ADMINISTRAÇÃO GERAL                                                                                                     ;2160;GESTÃO DAS POLÍTICAS MUNICIPAIS                                                                                         ;2250;COORDENAÇÃO, SUPERVISÃO E EXECUÇÃO DAS POLÍTICAS DE TRABALHO E QUALIFICAÇÃO PROFISSIONAL                                                                                                                ;0500;RECURSOS NÃO VINCULADOS DE IMPOSTOS                    ;0.0;0.0;0.0;0.0;39427.75
2026;4;23  ;COMÉRCIO E SERVIÇOS                                    ;691 ;PROMOÇÃO COMERCIAL                                                                                                      ;1310;REQUALIFICAÇÃO, AMPLIAÇÃO E REORDENAMENTO DOS ESPAÇOS PÚBLICOS                                                          ;1587;CONSTRUÇÃO E RECUPERAÇÃO DE MERCADOS, FEIRAS, ESPAÇOS PARA O COMÉRCIO POPULAR E OUTROS ESPAÇOS PÚBLICOS                                                                                                 ;0754;RECURSOS DE OPERAÇÕES DE CRÉDITO                       ;0.0;0.0;110257.45;110257.45;444873.19
2026;4;10  ;SAÚDE                                                  ;125 ;NORMATIZAÇÃO E FISCALIZAÇÃO                                                                                             ;1239;MELHORIA DA GESTÃO DO SISTEMA DE SAÚDE                                                                                  ;2089;FORTALECIMENTO DO PLANEJAMENTO E DA TRANSPARÊNCIA PÚBLICA NO SUS                                                                                                                                        ;0500;RECURSOS NÃO VINCULADOS DE IMPOSTOS                    ;0.0;-10000.0;0.0;0.0;0.0
2026;4;12  ;EDUCAÇÃO                                               ;365 ;EDUCAÇÃO INFANTIL                                                                                                       ;1247;PROMOÇÃO E FORTALECIMENTO DA POLÍTICA DA PRIMEIRA INFÂNCIA                                                              ;2179;AMPLIAÇÃO E DESENVOLVIMENTO DA EDUCAÇÃO INFANTIL                                                                                                                                                        ;0541;TRANSFERÊNCIAS DO FUNDEB - COMPLEMENTAÇÃO DA UNIÃO - VA;0.0;0.0;1228120.03;325344.99;289557.04
2026;4;10  ;SAÚDE                                                  ;303 ;SUPORTE PROFILÁTICO E TERAPÊUTICO                                                                                       ;1233;MELHORIA DO ACESSO À ASSISTÊNCIA FARMACÊUTICA                                                                           ;2881;MANUTENÇÃO DO ADEQUADO SUPRIMENTO DA REDE EM ASSISTÊNCIA FARMACÊUTICA                                                                                                                                   ;0500;RECURSOS NÃO VINCULADOS DE IMPOSTOS                    ;0.0;340000.0;2571652.58;1640688.57;1731856.18
2026;4;10  ;SAÚDE                                                  ;301 ;ATENÇÃO BÁSICA                                                                                                          ;1216;FORTALECIMENTO E QUALIFICAÇÃO DA ATENÇÃO BÁSICA EM SAÚDE                                                                ;2620;IMPLEMENTAÇÃO DAS ESTRATÉGIAS PARA GRUPOS ESPECÍFICOS                                                                                                                                                   ;0600;TRANSF. FUNDO A FUNDO SUS GOV. FED. - BL. MANUTENÇÃO SE;0.0;0.0;103622.38;2167.15;678.44
2026;4;27  ;DESPORTO E LAZER                                       ;122 ;ADMINISTRAÇÃO GERAL                                                                                                     ;2161;GESTÃO ADMINISTRATIVA DOS ÓRGÃOS, ENTIDADES E FUNDOS MUNICIPAIS                                                         ;2723;APOIO ADMINISTRATIVO ÀS AÇÕES DA UNIDADE ORÇAMENTÁRIA                                                                                                                                                   ;0500;RECURSOS NÃO VINCULADOS DE IMPOSTOS                    ;0.0;32000.0;-47324.53;384288.58;591707.6
2026;4;28  ;ENCARGOS ESPECIAIS                                     ;846 ;OUTROS ENCARGOS ESPECIAIS                                                                                               ;3101;GESTÃO DOS ENCARGOS GERAIS DO MUNICÍPIO                                                                                 ;9002;CONTRIBUIÇÕES PARA O PIS/PASEP                                                                                                                                                                          ;0500;RECURSOS NÃO VINCULADOS DE IMPOSTOS                    ;0.0;0.0;0.0;823487.85;823487.51
2026;4;08  ;ASSISTÊNCIA SOCIAL                                     ;244 ;ASSISTÊNCIA COMUNITÁRIA                                                                                                 ;1204;FORTALECIMENTO DO SISTEMA ÚNICO DE ASSISTÊNCIA SOCIAL                                                                   ;2018;GESTÃO DO CADASTRO ÚNICO E PROGRAMA BOLSA FAMÍLIA                                                                                                                                                       ;0660;TRANSFERÊNCIA DE RECURSOS DO FNAS                      ;0.0;0.0;666884.79;666884.79;645485.88
2026;4;09  ;PREVIDÊNCIA SOCIAL                                     ;272 ;PREVIDÊNCIA DO REGIME ESTATUTÁRIO                                                                                       ;3101;GESTÃO DOS ENCARGOS GERAIS DO MUNICÍPIO                                                                                 ;9005;ENCARGOS COM INATIVOS E PENSIONISTAS DO SISTEMA PREVIDENCIÁRIO - REGIME PRÓPRIO DO MUNICÍPIO (ADM. DIRETA)                                                                                              ;0762;RECURSOS DE ALIENAÇÃO DE ATIVOS - CESSÃO DE DIREITOS CR;0.0;0.0;-1292.55;-1292.55;4175513.6
2026;4;09  ;PREVIDÊNCIA SOCIAL                                     ;272 ;PREVIDÊNCIA DO REGIME ESTATUTÁRIO                                                                                       ;3101;GESTÃO DOS ENCARGOS GERAIS DO MUNICÍPIO                                                                                 ;9008;ENCARGOS COM INATIVOS E PENSIONISTAS DA FCCR - REGIME PRÓPRIO DO MUNICÍPIO                                                                                                                              ;0762;RECURSOS DE ALIENAÇÃO DE ATIVOS - CESSÃO DE DIREITOS CR;0.0;0.0;0.0;68951.14;80677.83
2026;4;15  ;URBANISMO                                              ;846 ;OUTROS ENCARGOS ESPECIAIS                                                                                               ;3101;GESTÃO DOS ENCARGOS GERAIS DO MUNICÍPIO                                                                                 ;2704;ENCARGOS COM PARCELAMENTO DE DÉBITOS DE EXERCÍCIOS ANTERIORES                                                                                                                                           ;0500;RECURSOS NÃO VINCULADOS DE IMPOSTOS                    ;0.0;0.0;0.0;750626.03;750626.03
2026;4;08  ;ASSISTÊNCIA SOCIAL                                     ;243 ;ASSISTÊNCIA À CRIANÇA E AO ADOLESCENTE                                                                                  ;1201;PROTEÇÃO INTEGRAL E DEFESA DOS DIREITOS DA CRIANÇA E DO ADOLESCENTE                                                     ;2527;APOIO A EXECUÇÃO DAS POLÍTICAS MUNICIPAIS DE PROTEÇÃO ESPECIAL A CRIANÇA E AO ADOLESCENTE                                                                                                               ;0669;OUTROS RECURSOS VINCULADOS À ASSISTÊNCIA SOCIAL        ;0.0;6575956.72;4172589.68;2510142.68;2366255.48
2026;4;15  ;URBANISMO                                              ;451 ;INFRA-ESTRUTURA URBANA                                                                                                  ;1303;GESTÃO DE RISCO EM ENCOSTAS E ALAGADOS                                                                                  ;1574;URBANIZAÇÃO DE ÁREAS DE RISCO                                                                                                                                                                           ;0700;OUTRAS TRANSF. CONV. OU INSTRUM. CONGÊNERES - UNIÃO    ;0.0;0.0;4074384.96;0.0;0.0
2026;4;12  ;EDUCAÇÃO                                               ;361 ;ENSINO FUNDAMENTAL                                                                                                      ;2167;GESTÃO ADMINISTRATIVA DO SETOR EDUCACIONAL                                                                              ;2036;APOIO ADMINISTRATIVO ÀS AÇÕES DE EDUCAÇÃO DA REDE MUNICIPAL DE ENSINO                                                                                                                                   ;0541;TRANSFERÊNCIAS DO FUNDEB - COMPLEMENTAÇÃO DA UNIÃO - VA;0.0;0.0;22723.6;798742.99;864590.29
2026;4;10  ;SAÚDE                                                  ;302 ;ASSISTÊNCIA HOSPITALAR E AMBULATORIAL                                                                                   ;1238;FORTALECIMENTO E QUALIFICAÇÃO DA ATENÇÃO À SAÚDE DE MÉDIA E ALTA COMPLEXIDADE                                           ;2883;GARANTIA DA OFERTA DE PROCEDIMENTOS ATRAVÉS DA REDE COMPLEMENTAR                                                                                                                                        ;0605;ASSIST. FINANCEIRA DA UNIÃO - COMPLEMENTAÇÃO PISOS SALA;0.0;0.0;394925.58;394925.58;394925.58
2026;4;10  ;SAÚDE                                                  ;302 ;ASSISTÊNCIA HOSPITALAR E AMBULATORIAL                                                                                   ;1236;EXPANSÃO E MELHORIA NA INFRAESTRUTURA DE ATENDIMENTO EM SAÚDE                                                           ;1658;CONSTRUÇÃO, REFORMA, AMPLIAÇÃO E EQUIPAGEM DE UNIDADES DE SAÚDE NA MÉDIA E ALTA COMPLEXIDADE                                                                                                            ;0631;TRANSF. DO GOV. FEDERAL - CONVÊNIOS E INSTRUM. CONGÊNER;0.0;0.0;515233.65;2649334.01;4194210.77
2026;4;15  ;URBANISMO                                              ;452 ;SERVIÇOS URBANOS                                                                                                        ;1323;MANUTENÇÃO URBANA                                                                                                       ;2541;MANUTENÇÃO DO SISTEMA VIÁRIO                                                                                                                                                                            ;0754;RECURSOS DE OPERAÇÕES DE CRÉDITO                       ;0.0;5848473.33;4394200.31;4877522.26;5527087.77
2026;4;15  ;URBANISMO                                              ;273 ;PREVIDÊNCIA COMPLEMENTAR                                                                                                ;3101;GESTÃO DOS ENCARGOS GERAIS DO MUNICÍPIO                                                                                 ;9022;ENCARGOS COM A PREVIDÊNCIA SOCIAL DOS SERVIDORES - REGIME GERAL                                                                                                                                         ;0751;RECURSOS DA COSIP                                      ;0.0;0.0;0.0;70729.63;70729.63
2026;4;04  ;ADMINISTRAÇÃO                                          ;129 ;ADMINISTRAÇÃO DE RECEITAS                                                                                               ;2122;GESTÃO PÚBLICA DE EXCELÊNCIA                                                                                            ;2867;DESENVOLVIMENTO E APERFEIÇOAMENTO DA ADMINISTRAÇÃO TRIBUTÁRIA                                                                                                                                           ;0500;RECURSOS NÃO VINCULADOS DE IMPOSTOS                    ;0.0;0.0;-60987.44;28785.8;97775.47
2026;4;15  ;URBANISMO                                              ;451 ;INFRA-ESTRUTURA URBANA                                                                                                  ;1325;REQUALIFICAÇÃO E RESILIÊNCIA URBANA EM ÁREAS DE VULNERABILIDADE SOCIOAMBIENTAL                                          ;1028;AMPLIAÇÃO E MELHORIA DA INFRAESTRUTURA URBANA                                                                                                                                                           ;0754;RECURSOS DE OPERAÇÕES DE CRÉDITO                       ;0.0;0.0;-1594897.36;19292858.13;18995052.94
2026;4;15  ;URBANISMO                                              ;451 ;INFRA-ESTRUTURA URBANA                                                                                                  ;1310;REQUALIFICAÇÃO, AMPLIAÇÃO E REORDENAMENTO DOS ESPAÇOS PÚBLICOS                                                          ;2289;GESTÃO DO CONTROLE URBANO                                                                                                                                                                               ;0754;RECURSOS DE OPERAÇÕES DE CRÉDITO                       ;0.0;0.0;214023.38;1052746.11;1761456.79
2026;4;04  ;ADMINISTRAÇÃO                                          ;273 ;PREVIDÊNCIA COMPLEMENTAR                                                                                                ;3101;GESTÃO DOS ENCARGOS GERAIS DO MUNICÍPIO                                                                                 ;9022;ENCARGOS COM A PREVIDÊNCIA SOCIAL DOS SERVIDORES - REGIME GERAL                                                                                                                                         ;0501;OUTROS RECURSOS NÃO VINCULADOS                         ;0.0;0.0;13539.36;13539.36;13539.36
2026;4;10  ;SAÚDE                                                  ;122 ;ADMINISTRAÇÃO GERAL                                                                                                     ;1239;MELHORIA DA GESTÃO DO SISTEMA DE SAÚDE                                                                                  ;2091;FORTALECIMENTO DA REGULAÇÃO DO ACESSO AOS SERVIÇOS DE SAÚDE E TELESSAÚDE                                                                                                                                ;0500;RECURSOS NÃO VINCULADOS DE IMPOSTOS                    ;0.0;-10000.0;0.0;0.0;0.0
2026;4;15  ;URBANISMO                                              ;273 ;PREVIDÊNCIA COMPLEMENTAR                                                                                                ;3101;GESTÃO DOS ENCARGOS GERAIS DO MUNICÍPIO                                                                                 ;9022;ENCARGOS COM A PREVIDÊNCIA SOCIAL DOS SERVIDORES - REGIME GERAL                                                                                                                                         ;0501;OUTROS RECURSOS NÃO VINCULADOS                         ;0.0;0.0;0.0;2342522.78;2342522.78
2026;4;14  ;DIREITOS DA CIDADANIA                                  ;422 ;DIREITOS INDIVIDUAIS, COLETIVOS E DIFUSOS                                                                               ;1252;PROMOÇÃO DOS DIREITOS HUMANOS, CIDADANIA E IGUALDADE ÉTNICO-RACIAL                                                      ;2093;ESTRUTURAÇÃO E MANUTENÇÃO DOS CENTROS COMUNITÁRIOS DA PAZ - COMPAZ                                                                                                                                      ;0500;RECURSOS NÃO VINCULADOS DE IMPOSTOS                    ;0.0;0.0;-310559.77;1819342.83;1874106.5
2026;4;14  ;DIREITOS DA CIDADANIA                                  ;422 ;DIREITOS INDIVIDUAIS, COLETIVOS E DIFUSOS                                                                               ;2160;GESTÃO DAS POLÍTICAS MUNICIPAIS                                                                                         ;2081;COORDENAÇÃO, SUPERVISÃO E EXECUÇÃO DA POLÍTICA PARA MULHERES                                                                                                                                            ;0544;RECURSOS DE PRECATÓRIOS DO FUNDEF                      ;0.0;45883.53;0.0;0.0;0.0
2026;4;16  ;HABITAÇÃO                                              ;122 ;ADMINISTRAÇÃO GERAL                                                                                                     ;2160;GESTÃO DAS POLÍTICAS MUNICIPAIS                                                                                         ;2861;COORDENAÇÃO, SUPERVISÃO E EXECUÇÃO DAS POLÍTICAS HABITACIONAIS                                                                                                                                          ;0500;RECURSOS NÃO VINCULADOS DE IMPOSTOS                    ;0.0;0.0;-270573.24;15007.58;37207.69
2026;4;09  ;PREVIDÊNCIA SOCIAL                                     ;272 ;PREVIDÊNCIA DO REGIME ESTATUTÁRIO                                                                                       ;3101;GESTÃO DOS ENCARGOS GERAIS DO MUNICÍPIO                                                                                 ;9007;ENCARGOS COM INATIVOS E PENSIONISTAS DO SETOR EDUCACIONAL - REGIME PRÓPRIO DO MUNICÍPIO                                                                                                                 ;0762;RECURSOS DE ALIENAÇÃO DE ATIVOS - CESSÃO DE DIREITOS CR;0.0;0.0;-3383.47;-3383.47;8010721.28
2026;4;15  ;URBANISMO                                              ;182 ;DEFESA CIVIL                                                                                                            ;1303;GESTÃO DE RISCO EM ENCOSTAS E ALAGADOS                                                                                  ;2211;DEFESA CIVIL PERMANENTE                                                                                                                                                                                 ;0754;RECURSOS DE OPERAÇÕES DE CRÉDITO                       ;0.0;720013.39;720013.39;990815.89;926806.9
2026;4;09  ;PREVIDÊNCIA SOCIAL                                     ;272 ;PREVIDÊNCIA DO REGIME ESTATUTÁRIO                                                                                       ;4103;GESTÃO DOS ENCARGOS DA CÂMARA MUNICIPAL DO RECIFE                                                                       ;9013;ENCARGOS COM INATIVOS E PENSIONISTAS DA CMR INTEGRANTES DO SISTEMA PREVIDENCIÁRIO - REGIME PRÓPRIO DO MUNICÍPIO                                                                                         ;0800;RECURSOS VINC. AO RPPS - FUNDO CAPIT. (PLANO PREV.)    ;0.0;0.0;398094.47;398094.47;461889.97
2026;4;10  ;SAÚDE                                                  ;846 ;OUTROS ENCARGOS ESPECIAIS                                                                                               ;3102;GESTÃO DOS ENCARGOS GERAIS DO SETOR DE SAÚDE                                                                            ;2158;ENCARGOS COM BENEFÍCIOS AOS SERVIDORES DO SETOR DE SAÚDE                                                                                                                                                ;0500;RECURSOS NÃO VINCULADOS DE IMPOSTOS                    ;0.0;0.0;900000.0;660072.13;950830.72
2026;4;18  ;GESTÃO AMBIENTAL                                       ;541 ;PRESERVAÇÃO E CONSERVAÇÃO AMBIENTAL                                                                                     ;2160;GESTÃO DAS POLÍTICAS MUNICIPAIS                                                                                         ;2097;COORDENAÇÃO, SUPERVISÃO E EXECUÇÃO DAS POLÍTICAS DE MEIO AMBIENTE                                                                                                                                       ;0500;RECURSOS NÃO VINCULADOS DE IMPOSTOS                    ;0.0;0.0;119988.28;119988.28;77126.1
2026;4;28  ;ENCARGOS ESPECIAIS                                     ;846 ;OUTROS ENCARGOS ESPECIAIS                                                                                               ;3101;GESTÃO DOS ENCARGOS GERAIS DO MUNICÍPIO                                                                                 ;9002;CONTRIBUIÇÕES PARA O PIS/PASEP                                                                                                                                                                          ;0501;OUTROS RECURSOS NÃO VINCULADOS                         ;0.0;40000.0;3980.21;5381059.82;5381059.82
2026;4;04  ;ADMINISTRAÇÃO                                          ;122 ;ADMINISTRAÇÃO GERAL                                                                                                     ;2160;GESTÃO DAS POLÍTICAS MUNICIPAIS                                                                                         ;2027;COORDENAÇÃO, SUPERVISÃO E EXECUÇÃO DAS AÇÕES MUNICIPAIS DE ADMINISTRAÇÃO                                                                                                                                ;0544;RECURSOS DE PRECATÓRIOS DO FUNDEF                      ;0.0;36334.78;0.0;0.0;0.0
2026;4;10  ;SAÚDE                                                  ;305 ;VIGILÂNCIA EPIDEMIOLÓGICA                                                                                               ;1217;FORTALECIMENTO DAS AÇÕES DE VIGILÂNCIA EM SAÚDE                                                                         ;2088;DESENVOLVIMENTO DA POLÍTICA DE VIGILÂNCIA EM SAÚDE DO TRABALHADOR (RENAST)                                                                                                                              ;0600;TRANSF. FUNDO A FUNDO SUS GOV. FED. - BL. MANUTENÇÃO SE;0.0;0.0;15740.07;75393.32;110705.02
2026;4;10  ;SAÚDE                                                  ;302 ;ASSISTÊNCIA HOSPITALAR E AMBULATORIAL                                                                                   ;1238;FORTALECIMENTO E QUALIFICAÇÃO DA ATENÇÃO À SAÚDE DE MÉDIA E ALTA COMPLEXIDADE                                           ;2085;GARANTIA DA OFERTA DE PROCEDIMENTOS ATRAVÉS DA REDE PRÓPRIA                                                                                                                                             ;0600;TRANSF. FUNDO A FUNDO SUS GOV. FED. - BL. MANUTENÇÃO SE;0.0;1663628.36;15960495.54;30860138.11;29234225.32
2026;4;15  ;URBANISMO                                              ;452 ;SERVIÇOS URBANOS                                                                                                        ;1323;MANUTENÇÃO URBANA                                                                                                       ;2539;MANUTENÇÃO E CONSERVAÇÃO DE ÁREAS VERDES                                                                                                                                                                ;0500;RECURSOS NÃO VINCULADOS DE IMPOSTOS                    ;0.0;0.0;606684.99;1308564.43;1283269.47
2026;4;23  ;COMÉRCIO E SERVIÇOS                                    ;122 ;ADMINISTRAÇÃO GERAL                                                                                                     ;2161;GESTÃO ADMINISTRATIVA DOS ÓRGÃOS, ENTIDADES E FUNDOS MUNICIPAIS                                                         ;2723;APOIO ADMINISTRATIVO ÀS AÇÕES DA UNIDADE ORÇAMENTÁRIA                                                                                                                                                   ;0501;OUTROS RECURSOS NÃO VINCULADOS                         ;0.0;0.0;146256.59;118776.66;78145.1
2026;4;04  ;ADMINISTRAÇÃO                                          ;846 ;OUTROS ENCARGOS ESPECIAIS                                                                                               ;3101;GESTÃO DOS ENCARGOS GERAIS DO MUNICÍPIO                                                                                 ;2703;ENCARGOS COM O INSS SOBRE SERVIÇOS PRESTADOS, POR PESSOA FÍSICA, À PREFEITURA DO RECIFE - ADMINISTRAÇÃO DIRETA                                                                                          ;0500;RECURSOS NÃO VINCULADOS DE IMPOSTOS                    ;0.0;0.0;0.0;2969.8;2969.8
2026;4;14  ;DIREITOS DA CIDADANIA                                  ;422 ;DIREITOS INDIVIDUAIS, COLETIVOS E DIFUSOS                                                                               ;1222;PROMOÇÃO DOS DIREITOS HUMANOS, CIDADANIA E IGUALDADE ÉTNICO-RACIAL                                                      ;2029;IMPLEMENTAÇÃO DAS AÇÕES DE PROMOÇÃO E DEFESA DOS DIREITOS HUMANOS                                                                                                                                       ;0700;OUTRAS TRANSF. CONV. OU INSTRUM. CONGÊNERES - UNIÃO    ;0.0;-1835260.73;0.0;0.0;0.0
2026;4;08  ;ASSISTÊNCIA SOCIAL                                     ;244 ;ASSISTÊNCIA COMUNITÁRIA                                                                                                 ;1241;PROMOÇÃO DAS POLÍTICAS DE PREVENÇÃO, TRATAMENTO E REINSERÇÃO SOCIAL AOS USUÁRIOS E DEPENDENTES DE DROGAS                ;2265;IMPLEMENTAÇÃO DE POLÍTICAS DE PREVENÇÃO, TRATAMENTO E REINSERÇÃO SOCIAL DE USUÁRIOS E DEPENDENTES DE DROGAS                                                                                             ;0700;OUTRAS TRANSF. CONV. OU INSTRUM. CONGÊNERES - UNIÃO    ;0.0;1272381.31;0.0;0.0;0.0
2026;4;19  ;CIÊNCIA E TECNOLOGIA                                   ;573 ;DIFUSÃO DO CONHECIMENTO CIENTÍFICO E TECNOLÓGICO                                                                        ;2160;GESTÃO DAS POLÍTICAS MUNICIPAIS                                                                                         ;2022;COORDENAÇÃO, SUPERVISÃO E EXECUÇÃO DAS POLÍTICAS DE TRANSFORMAÇÃO DIGITAL, CIÊNCIA E TECNOLOGIA                                                                                                         ;0500;RECURSOS NÃO VINCULADOS DE IMPOSTOS                    ;0.0;0.0;0.0;0.0;32386.73
2026;4;10  ;SAÚDE                                                  ;302 ;ASSISTÊNCIA HOSPITALAR E AMBULATORIAL                                                                                   ;1238;FORTALECIMENTO E QUALIFICAÇÃO DA ATENÇÃO À SAÚDE DE MÉDIA E ALTA COMPLEXIDADE                                           ;2324;FORTALECIMENTO E QUALIFICAÇÃO DE PROGRAMAS ESTRATÉGICOS                                                                                                                                                 ;0600;TRANSF. FUNDO A FUNDO SUS GOV. FED. - BL. MANUTENÇÃO SE;0.0;0.0;436349.17;1976297.46;1209767.6
2026;4;10  ;SAÚDE                                                  ;305 ;VIGILÂNCIA EPIDEMIOLÓGICA                                                                                               ;1217;FORTALECIMENTO DAS AÇÕES DE VIGILÂNCIA EM SAÚDE                                                                         ;2612;FORTALECIMENTO DAS AÇÕES DE VIGILÂNCIA AMBIENTAL PARA O CONTROLE DE DOENÇAS E AGRAVOS                                                                                                                   ;0604;TRANSF. DO GOV. FEDERAL - VENCIMENTO DOS AGENTES COMUNI;0.0;0.0;3701849.64;3701849.64;3701849.64
2026;4;12  ;EDUCAÇÃO                                               ;361 ;ENSINO FUNDAMENTAL                                                                                                      ;2110;GESTÃO DAS POLÍTICAS MUNICIPAIS DE EDUCAÇÃO                                                                             ;2035;COORDENAÇÃO, SUPERVISÃO E EXECUÇÃO DAS POLÍTICAS DE EDUCAÇÃO                                                                                                                                            ;0540;TRANSFERÊNCIAS DO FUNDEB - IMPOSTOS E TRANSFERÊNCIAS DE;0.0;0.0;0.0;0.0;2648059.3
2026;4;04  ;ADMINISTRAÇÃO                                          ;123 ;ADMINISTRAÇÃO FINANCEIRA                                                                                                ;2160;GESTÃO DAS POLÍTICAS MUNICIPAIS                                                                                         ;2621;COORDENAÇÃO, SUPERVISÃO E EXECUÇÃO DAS POLÍTICAS DE DESENVOLVIMENTO ECONÔMICO                                                                                                                           ;0500;RECURSOS NÃO VINCULADOS DE IMPOSTOS                    ;0.0;0.0;0.0;0.0;16437.35
2026;4;04  ;ADMINISTRAÇÃO                                          ;123 ;ADMINISTRAÇÃO FINANCEIRA                                                                                                ;2160;GESTÃO DAS POLÍTICAS MUNICIPAIS                                                                                         ;2041;COORDENAÇÃO, SUPERVISÃO E EXECUÇÃO DAS POLÍTICAS TRIBUTÁRIA E FINANCEIRA DO MUNICÍPIO                                                                                                                   ;0500;RECURSOS NÃO VINCULADOS DE IMPOSTOS                    ;0.0;0.0;0.0;502654.71;1447524.46
2026;4;04  ;ADMINISTRAÇÃO                                          ;122 ;ADMINISTRAÇÃO GERAL                                                                                                     ;2161;GESTÃO ADMINISTRATIVA DOS ÓRGÃOS, ENTIDADES E FUNDOS MUNICIPAIS                                                         ;2601;MELHORIA E MANUTENÇÃO DAS INSTALAÇÕES DA PREFEITURA DO RECIFE                                                                                                                                           ;0500;RECURSOS NÃO VINCULADOS DE IMPOSTOS                    ;0.0;0.0;489103.88;905367.69;901707.23
2026;4;17  ;SANEAMENTO                                             ;512 ;SANEAMENTO BÁSICO URBANO                                                                                                ;1323;MANUTENÇÃO URBANA                                                                                                       ;2543;MANUTENÇÃO E RETIFICAÇÃO DOS SISTEMAS DE MICRO E MACRO-DRENAGEM                                                                                                                                         ;0500;RECURSOS NÃO VINCULADOS DE IMPOSTOS                    ;0.0;16852000.0;2003986.0;2003983.07;1880819.37
2026;4;28  ;ENCARGOS ESPECIAIS                                     ;846 ;OUTROS ENCARGOS ESPECIAIS                                                                                               ;3101;GESTÃO DOS ENCARGOS GERAIS DO MUNICÍPIO                                                                                 ;9002;CONTRIBUIÇÕES PARA O PIS/PASEP                                                                                                                                                                          ;0708;TRANSF. UNIÃO À COMP. FINANC. REC. MINERAIS            ;0.0;0.0;0.0;1229.89;1372.3
2026;4;12  ;EDUCAÇÃO                                               ;361 ;ENSINO FUNDAMENTAL                                                                                                      ;2167;GESTÃO ADMINISTRATIVA DO SETOR EDUCACIONAL                                                                              ;2036;APOIO ADMINISTRATIVO ÀS AÇÕES DE EDUCAÇÃO DA REDE MUNICIPAL DE ENSINO                                                                                                                                   ;0500;RECURSOS NÃO VINCULADOS DE IMPOSTOS                    ;0.0;6300000.0;4316623.12;4133394.68;3491650.31
2026;4;28  ;ENCARGOS ESPECIAIS                                     ;846 ;OUTROS ENCARGOS ESPECIAIS                                                                                               ;3101;GESTÃO DOS ENCARGOS GERAIS DO MUNICÍPIO                                                                                 ;9002;CONTRIBUIÇÕES PARA O PIS/PASEP                                                                                                                                                                          ;0720;TRANSF. DA UNIÃO REF. ÀS PARTICIPAÇÕES NA EXPLORAÇÃO DE;0.0;0.0;0.0;0.0;19224.31
2026;4;09  ;PREVIDÊNCIA SOCIAL                                     ;272 ;PREVIDÊNCIA DO REGIME ESTATUTÁRIO                                                                                       ;3101;GESTÃO DOS ENCARGOS GERAIS DO MUNICÍPIO                                                                                 ;9007;ENCARGOS COM INATIVOS E PENSIONISTAS DO SETOR EDUCACIONAL - REGIME PRÓPRIO DO MUNICÍPIO                                                                                                                 ;0500;RECURSOS NÃO VINCULADOS DE IMPOSTOS                    ;0.0;-40852000.0;3829630.35;3829630.35;0.0
2026;4;12  ;EDUCAÇÃO                                               ;365 ;EDUCAÇÃO INFANTIL                                                                                                       ;1247;PROMOÇÃO E FORTALECIMENTO DA POLÍTICA DA PRIMEIRA INFÂNCIA                                                              ;1036;EXPANSÃO DA REDE FÍSICA DO ENSINO INFANTIL                                                                                                                                                              ;0754;RECURSOS DE OPERAÇÕES DE CRÉDITO                       ;0.0;497488.64;497488.64;164328.5;32889.95
2026;4;08  ;ASSISTÊNCIA SOCIAL                                     ;244 ;ASSISTÊNCIA COMUNITÁRIA                                                                                                 ;1204;FORTALECIMENTO DO SISTEMA ÚNICO DE ASSISTÊNCIA SOCIAL                                                                   ;2519;DESENVOLVIMENTO DAS AÇÕES DE PROTEÇÃO SOCIAL ESPECIAL                                                                                                                                                   ;0661;TRANSF. DE RECURSOS DOS FUNDOS EST. - ASSIST. SOCIAL   ;0.0;501576.32;64392.0;33401.0;8105.0
2026;4;10  ;SAÚDE                                                  ;301 ;ATENÇÃO BÁSICA                                                                                                          ;1216;FORTALECIMENTO E QUALIFICAÇÃO DA ATENÇÃO BÁSICA EM SAÚDE                                                                ;2724;MANUTENÇÃO DA REDE BÁSICA DE SAÚDE                                                                                                                                                                      ;0600;TRANSF. FUNDO A FUNDO SUS GOV. FED. - BL. MANUTENÇÃO SE;0.0;1497021.65;7034352.58;7140545.28;8053769.81
2026;4;10  ;SAÚDE                                                  ;305 ;VIGILÂNCIA EPIDEMIOLÓGICA                                                                                               ;1217;FORTALECIMENTO DAS AÇÕES DE VIGILÂNCIA EM SAÚDE                                                                         ;2087;FORTALECIMENTO DAS AÇÕES DE VIGILÂNCIA EPIDEMIOLÓGICA PARA O CONTROLE DE DOENÇAS E AGRAVOS                                                                                                              ;0501;OUTROS RECURSOS NÃO VINCULADOS                         ;0.0;-100172.0;0.0;0.0;0.0
2026;4;04  ;ADMINISTRAÇÃO                                          ;846 ;OUTROS ENCARGOS ESPECIAIS                                                                                               ;3101;GESTÃO DOS ENCARGOS GERAIS DO MUNICÍPIO                                                                                 ;2120;ENCARGOS COM SERVIDORES À DISPOSIÇÃO DA ADMINISTRAÇÃO DIRETA - PREFEITURA DO RECIFE                                                                                                                     ;0500;RECURSOS NÃO VINCULADOS DE IMPOSTOS                    ;0.0;0.0;593645.6;493747.77;476556.93
2026;4;10  ;SAÚDE                                                  ;273 ;PREVIDÊNCIA COMPLEMENTAR                                                                                                ;3102;GESTÃO DOS ENCARGOS GERAIS DO SETOR DE SAÚDE                                                                            ;9022;ENCARGOS COM A PREVIDÊNCIA SOCIAL DOS SERVIDORES - REGIME GERAL                                                                                                                                         ;0500;RECURSOS NÃO VINCULADOS DE IMPOSTOS                    ;0.0;0.0;250000.0;541441.17;541441.17
2026;4;04  ;ADMINISTRAÇÃO                                          ;131 ;COMUNICAÇÃO SOCIAL                                                                                                      ;2160;GESTÃO DAS POLÍTICAS MUNICIPAIS                                                                                         ;2156;COORDENAÇÃO, SUPERVISÃO E EXECUÇÃO DAS POLÍTICAS DE COMUNICAÇÃO                                                                                                                                         ;0500;RECURSOS NÃO VINCULADOS DE IMPOSTOS                    ;0.0;0.0;-59724.41;219740.36;450543.22
2026;4;23  ;COMÉRCIO E SERVIÇOS                                    ;691 ;PROMOÇÃO COMERCIAL                                                                                                      ;1310;REQUALIFICAÇÃO, AMPLIAÇÃO E REORDENAMENTO DOS ESPAÇOS PÚBLICOS                                                          ;2548;GERENCIAMENTO DOS MERCADOS, FEIRAS E OUTROS ESPAÇOS PÚBLICOS                                                                                                                                            ;0501;OUTROS RECURSOS NÃO VINCULADOS                         ;0.0;-350000.0;468611.69;468611.69;1111437.35
2026;4;12  ;EDUCAÇÃO                                               ;361 ;ENSINO FUNDAMENTAL                                                                                                      ;3103;GESTÃO DOS ENCARGOS GERAIS DO SETOR EDUCACIONAL                                                                         ;9022;ENCARGOS COM A PREVIDÊNCIA SOCIAL DOS SERVIDORES - REGIME GERAL                                                                                                                                         ;0500;RECURSOS NÃO VINCULADOS DE IMPOSTOS                    ;0.0;0.0;2648194.64;2648194.64;2648194.64
2026;4;12  ;EDUCAÇÃO                                               ;361 ;ENSINO FUNDAMENTAL                                                                                                      ;1207;SUPORTE E APOIO EFETIVOS PARA UMA EDUCAÇÃO DE QUALIDADE                                                                 ;1043;EXPANSÃO DA REDE FÍSICA DO ENSINO FUNDAMENTAL                                                                                                                                                           ;0762;RECURSOS DE ALIENAÇÃO DE ATIVOS - CESSÃO DE DIREITOS CR;0.0;0.0;0.0;0.0;0.0
2026;4;10  ;SAÚDE                                                  ;302 ;ASSISTÊNCIA HOSPITALAR E AMBULATORIAL                                                                                   ;1238;FORTALECIMENTO E QUALIFICAÇÃO DA ATENÇÃO À SAÚDE DE MÉDIA E ALTA COMPLEXIDADE                                           ;2085;GARANTIA DA OFERTA DE PROCEDIMENTOS ATRAVÉS DA REDE PRÓPRIA                                                                                                                                             ;0500;RECURSOS NÃO VINCULADOS DE IMPOSTOS                    ;0.0;4103846.55;538507.44;4921299.88;7828510.73
2026;4;04  ;ADMINISTRAÇÃO                                          ;122 ;ADMINISTRAÇÃO GERAL                                                                                                     ;2161;GESTÃO ADMINISTRATIVA DOS ÓRGÃOS, ENTIDADES E FUNDOS MUNICIPAIS                                                         ;2601;MELHORIA E MANUTENÇÃO DAS INSTALAÇÕES DA PREFEITURA DO RECIFE                                                                                                                                           ;0799;OUTRAS VINCULAÇÕES LEGAIS                              ;0.0;2800000.0;40674.2;72142.54;70398.84
2026;4;12  ;EDUCAÇÃO                                               ;361 ;ENSINO FUNDAMENTAL                                                                                                      ;1207;SUPORTE E APOIO EFETIVOS PARA UMA EDUCAÇÃO DE QUALIDADE                                                                 ;2131;ADEQUAÇÃO E MANUTENÇÃO FÍSICA DA REDE MUNICIPAL DE ENSINO                                                                                                                                               ;0500;RECURSOS NÃO VINCULADOS DE IMPOSTOS                    ;0.0;0.0;7566728.2;6453060.9;2477153.94
2026;4;15  ;URBANISMO                                              ;846 ;OUTROS ENCARGOS ESPECIAIS                                                                                               ;3101;GESTÃO DOS ENCARGOS GERAIS DO MUNICÍPIO                                                                                 ;2705;ENCARGOS COM O FGTS DOS SERVIDORES                                                                                                                                                                      ;0500;RECURSOS NÃO VINCULADOS DE IMPOSTOS                    ;0.0;0.0;0.0;42950.85;42950.85
2026;4;10  ;SAÚDE                                                  ;302 ;ASSISTÊNCIA HOSPITALAR E AMBULATORIAL                                                                                   ;1236;EXPANSÃO E MELHORIA NA INFRAESTRUTURA DE ATENDIMENTO EM SAÚDE                                                           ;1658;CONSTRUÇÃO, REFORMA, AMPLIAÇÃO E EQUIPAGEM DE UNIDADES DE SAÚDE NA MÉDIA E ALTA COMPLEXIDADE                                                                                                            ;0500;RECURSOS NÃO VINCULADOS DE IMPOSTOS                    ;0.0;-42880.0;0.0;301000.0;1916.06
2026;4;04  ;ADMINISTRAÇÃO                                          ;122 ;ADMINISTRAÇÃO GERAL                                                                                                     ;2160;GESTÃO DAS POLÍTICAS MUNICIPAIS                                                                                         ;2027;COORDENAÇÃO, SUPERVISÃO E EXECUÇÃO DAS AÇÕES MUNICIPAIS DE ADMINISTRAÇÃO                                                                                                                                ;0799;OUTRAS VINCULAÇÕES LEGAIS                              ;0.0;700000.0;0.0;76505.95;73871.7
2026;4;04  ;ADMINISTRAÇÃO                                          ;122 ;ADMINISTRAÇÃO GERAL                                                                                                     ;2161;GESTÃO ADMINISTRATIVA DOS ÓRGÃOS, ENTIDADES E FUNDOS MUNICIPAIS                                                         ;2723;APOIO ADMINISTRATIVO ÀS AÇÕES DA UNIDADE ORÇAMENTÁRIA                                                                                                                                                   ;0501;OUTROS RECURSOS NÃO VINCULADOS                         ;0.0;-604000.0;236435.9;154138.38;511417.88
2026;4;10  ;SAÚDE                                                  ;305 ;VIGILÂNCIA EPIDEMIOLÓGICA                                                                                               ;1217;FORTALECIMENTO DAS AÇÕES DE VIGILÂNCIA EM SAÚDE                                                                         ;2088;DESENVOLVIMENTO DA POLÍTICA DE VIGILÂNCIA EM SAÚDE DO TRABALHADOR (RENAST)                                                                                                                              ;0500;RECURSOS NÃO VINCULADOS DE IMPOSTOS                    ;0.0;10086.02;1745.37;0.0;8696.53
2026;4;12  ;EDUCAÇÃO                                               ;361 ;ENSINO FUNDAMENTAL                                                                                                      ;1214;APOIO SOCIAL A ESTUDANTES DA REDE MUNICIPAL DE ENSINO                                                                   ;2107;DESENVOLVIMENTO DE PROGRAMAS SUPLEMENTARES PARA O ENSINO NA REDE MUNICIPAL                                                                                                                              ;0500;RECURSOS NÃO VINCULADOS DE IMPOSTOS                    ;0.0;-1000000.0;-5554948.04;12183160.93;11370716.6
2026;4;03  ;ESSENCIAL À JUSTIÇA                                    ;122 ;ADMINISTRAÇÃO GERAL                                                                                                     ;2161;GESTÃO ADMINISTRATIVA DOS ÓRGÃOS, ENTIDADES E FUNDOS MUNICIPAIS                                                         ;2723;APOIO ADMINISTRATIVO ÀS AÇÕES DA UNIDADE ORÇAMENTÁRIA                                                                                                                                                   ;0500;RECURSOS NÃO VINCULADOS DE IMPOSTOS                    ;0.0;0.0;63456.96;67491.19;70604.19
2026;4;04  ;ADMINISTRAÇÃO                                          ;131 ;COMUNICAÇÃO SOCIAL                                                                                                      ;2160;GESTÃO DAS POLÍTICAS MUNICIPAIS                                                                                         ;2046;COORDENAÇÃO, SUPERVISÃO E EXECUÇÃO DAS POLÍTICAS DE RELACIONAMENTO COM A IMPRENSA E PRESENÇA DIGITAL DA PREFEITURA DO RECIFE                                                                            ;0500;RECURSOS NÃO VINCULADOS DE IMPOSTOS                    ;0.0;-353614.73;0.0;0.0;54121.1
2026;4;09  ;PREVIDÊNCIA SOCIAL                                     ;272 ;PREVIDÊNCIA DO REGIME ESTATUTÁRIO                                                                                       ;3101;GESTÃO DOS ENCARGOS GERAIS DO MUNICÍPIO                                                                                 ;9011;ENCARGOS COM INATIVOS E PENSIONISTAS DO GERALDÃO - REGIME PRÓPRIO DO MUNICÍPIO                                                                                                                          ;0500;RECURSOS NÃO VINCULADOS DE IMPOSTOS                    ;0.0;0.0;0.0;0.0;0.0
2026;4;10  ;SAÚDE                                                  ;302 ;ASSISTÊNCIA HOSPITALAR E AMBULATORIAL                                                                                   ;1236;EXPANSÃO E MELHORIA NA INFRAESTRUTURA DE ATENDIMENTO EM SAÚDE                                                           ;1658;CONSTRUÇÃO, REFORMA, AMPLIAÇÃO E EQUIPAGEM DE UNIDADES DE SAÚDE NA MÉDIA E ALTA COMPLEXIDADE                                                                                                            ;0501;OUTROS RECURSOS NÃO VINCULADOS                         ;0.0;0.0;0.0;0.0;622.44
2026;4;15  ;URBANISMO                                              ;272 ;PREVIDÊNCIA DO REGIME ESTATUTÁRIO                                                                                       ;3101;GESTÃO DOS ENCARGOS GERAIS DO MUNICÍPIO                                                                                 ;9021;ENCARGOS COM A PREVIDÊNCIA SOCIAL DOS SERVIDORES - REGIME PRÓPRIO                                                                                                                                       ;0500;RECURSOS NÃO VINCULADOS DE IMPOSTOS                    ;0.0;0.0;9089.17;9089.17;9089.17
2026;4;10  ;SAÚDE                                                  ;122 ;ADMINISTRAÇÃO GERAL                                                                                                     ;1236;EXPANSÃO E MELHORIA NA INFRAESTRUTURA DE ATENDIMENTO EM SAÚDE                                                           ;1659;CONSTRUÇÃO, REFORMA, AMPLIAÇÃO E EQUIPAGEM DE UNIDADES DE SAÚDE                                                                                                                                         ;0754;RECURSOS DE OPERAÇÕES DE CRÉDITO                       ;0.0;6444.87;6444.87;0.0;0.0
2026;4;15  ;URBANISMO                                              ;451 ;INFRA-ESTRUTURA URBANA                                                                                                  ;1313;REQUALIFICAÇÃO DE ÁREAS DE BAIXA RENDA                                                                                  ;1577;PROJETO CAPIBARIBE MELHOR                                                                                                                                                                               ;0754;RECURSOS DE OPERAÇÕES DE CRÉDITO                       ;0.0;0.0;111020.53;221110.03;278977.79
2026;4;15  ;URBANISMO                                              ;452 ;SERVIÇOS URBANOS                                                                                                        ;3101;GESTÃO DOS ENCARGOS GERAIS DO MUNICÍPIO                                                                                 ;2058;ENCARGOS COM ENERGIA ELÉTRICA DE VIAS PÚBLICAS                                                                                                                                                          ;0751;RECURSOS DA COSIP                                      ;0.0;0.0;0.0;1783854.2;1783854.2
2026;4;15  ;URBANISMO                                              ;453 ;TRANSPORTES COLETIVOS URBANOS                                                                                           ;1304;MOBILIDADE URBANA E ACESSIBILIDADE                                                                                      ;2510;GERENCIAMENTO DO TRÂNSITO E DO TRANSPORTE PÚBLICO                                                                                                                                                       ;0751;RECURSOS DA COSIP                                      ;0.0;0.0;0.0;58234.01;58234.01
2026;4;15  ;URBANISMO                                              ;122 ;ADMINISTRAÇÃO GERAL                                                                                                     ;2161;GESTÃO ADMINISTRATIVA DOS ÓRGÃOS, ENTIDADES E FUNDOS MUNICIPAIS                                                         ;2723;APOIO ADMINISTRATIVO ÀS AÇÕES DA UNIDADE ORÇAMENTÁRIA                                                                                                                                                   ;0756;RECURSOS DE ALIENAÇÃO DE BENS/ATIVOS - ADM. INDIRETA   ;0.0;0.0;0.0;1408.0;1408.0
2026;4;04  ;ADMINISTRAÇÃO                                          ;122 ;ADMINISTRAÇÃO GERAL                                                                                                     ;2160;GESTÃO DAS POLÍTICAS MUNICIPAIS                                                                                         ;2027;COORDENAÇÃO, SUPERVISÃO E EXECUÇÃO DAS AÇÕES MUNICIPAIS DE ADMINISTRAÇÃO                                                                                                                                ;0500;RECURSOS NÃO VINCULADOS DE IMPOSTOS                    ;0.0;0.0;31250000.0;7296118.9;8144151.31
2026;4;15  ;URBANISMO                                              ;451 ;INFRA-ESTRUTURA URBANA                                                                                                  ;1310;REQUALIFICAÇÃO, AMPLIAÇÃO E REORDENAMENTO DOS ESPAÇOS PÚBLICOS                                                          ;1576;URBANIZAÇÃO DAS MARGENS DE RIOS E CANAIS                                                                                                                                                                ;0754;RECURSOS DE OPERAÇÕES DE CRÉDITO                       ;0.0;4014878.94;3270014.45;0.0;936825.67
2026;4;15  ;URBANISMO                                              ;846 ;OUTROS ENCARGOS ESPECIAIS                                                                                               ;3101;GESTÃO DOS ENCARGOS GERAIS DO MUNICÍPIO                                                                                 ;2705;ENCARGOS COM O FGTS DOS SERVIDORES                                                                                                                                                                      ;0501;OUTROS RECURSOS NÃO VINCULADOS                         ;0.0;3000000.0;360644.92;806910.92;806910.92
2026;4;09  ;PREVIDÊNCIA SOCIAL                                     ;272 ;PREVIDÊNCIA DO REGIME ESTATUTÁRIO                                                                                       ;3101;GESTÃO DOS ENCARGOS GERAIS DO MUNICÍPIO                                                                                 ;9005;ENCARGOS COM INATIVOS E PENSIONISTAS DO SISTEMA PREVIDENCIÁRIO - REGIME PRÓPRIO DO MUNICÍPIO (ADM. DIRETA)                                                                                              ;0500;RECURSOS NÃO VINCULADOS DE IMPOSTOS                    ;0.0;0.0;1858980.77;1858980.77;0.0
2026;4;12  ;EDUCAÇÃO                                               ;361 ;ENSINO FUNDAMENTAL                                                                                                      ;3103;GESTÃO DOS ENCARGOS GERAIS DO SETOR EDUCACIONAL                                                                         ;2149;ENCARGOS COM BENEFÍCIOS AOS SERVIDORES DO SETOR EDUCACIONAL                                                                                                                                             ;0500;RECURSOS NÃO VINCULADOS DE IMPOSTOS                    ;0.0;0.0;-321380.55;-321380.55;-321380.55
2026;4;28  ;ENCARGOS ESPECIAIS                                     ;846 ;OUTROS ENCARGOS ESPECIAIS                                                                                               ;3101;GESTÃO DOS ENCARGOS GERAIS DO MUNICÍPIO                                                                                 ;9002;CONTRIBUIÇÕES PARA O PIS/PASEP                                                                                                                                                                          ;0750;RECURSOS DA CIDE                                       ;0.0;8000.0;8000.0;2440.0;2440.0
2026;4;23  ;COMÉRCIO E SERVIÇOS                                    ;331 ;PROTEÇÃO E BENEFÍCIOS AO TRABALHADOR                                                                                    ;3101;GESTÃO DOS ENCARGOS GERAIS DO MUNICÍPIO                                                                                 ;2153;ENCARGOS COM BENEFÍCIOS AOS SERVIDORES                                                                                                                                                                  ;0501;OUTROS RECURSOS NÃO VINCULADOS                         ;0.0;350000.0;68582.0;92901.39;92901.39
2026;4;12  ;EDUCAÇÃO                                               ;361 ;ENSINO FUNDAMENTAL                                                                                                      ;1249;AMPLIAÇÃO E GESTÃO DA REDE DE ENSINO FUNDAMENTAL                                                                        ;2178;UNIVERSALIZAÇÃO E QUALIFICAÇÃO DO ENSINO FUNDAMENTAL                                                                                                                                                    ;0543;TRANSFERÊNCIAS DO FUNDEB - COMPLEMENTAÇÃO DA UNIÃO - VA;0.0;0.0;0.0;51695.16;51695.16
2026;4;08  ;ASSISTÊNCIA SOCIAL                                     ;244 ;ASSISTÊNCIA COMUNITÁRIA                                                                                                 ;1204;FORTALECIMENTO DO SISTEMA ÚNICO DE ASSISTÊNCIA SOCIAL                                                                   ;2518;DESENVOLVIMENTO DAS AÇÕES DE PROTEÇÃO SOCIAL BÁSICA                                                                                                                                                     ;0661;TRANSF. DE RECURSOS DOS FUNDOS EST. - ASSIST. SOCIAL   ;0.0;-288007.54;69073.98;2448.98;0.0
2026;4;12  ;EDUCAÇÃO                                               ;306 ;ALIMENTAÇÃO E NUTRIÇÃO                                                                                                  ;1207;SUPORTE E APOIO EFETIVOS PARA UMA EDUCAÇÃO DE QUALIDADE                                                                 ;2127;ALIMENTAÇÃO ESCOLAR                                                                                                                                                                                     ;0552;TRANSF. DE RECURSOS DO FNDE REFERENTES AO PNAE         ;0.0;0.0;1999456.01;3684550.09;2915928.22
2026;4;13  ;CULTURA                                                ;392 ;DIFUSÃO CULTURAL                                                                                                        ;1211;VALORIZAÇÃO DA CULTURA                                                                                                  ;2579;PROMOÇÃO DE EVENTOS E FESTIVIDADES CULTURAIS E TRADICIONAIS                                                                                                                                             ;0500;RECURSOS NÃO VINCULADOS DE IMPOSTOS                    ;0.0;660000.0;194330.5;10815130.06;13670302.38
2026;4;15  ;URBANISMO                                              ;452 ;SERVIÇOS URBANOS                                                                                                        ;1323;MANUTENÇÃO URBANA                                                                                                       ;2539;MANUTENÇÃO E CONSERVAÇÃO DE ÁREAS VERDES                                                                                                                                                                ;0754;RECURSOS DE OPERAÇÕES DE CRÉDITO                       ;0.0;600000.0;769564.34;569564.31;591180.16
2026;4;14  ;DIREITOS DA CIDADANIA                                  ;422 ;DIREITOS INDIVIDUAIS, COLETIVOS E DIFUSOS                                                                               ;1222;PROMOÇÃO DOS DIREITOS HUMANOS, CIDADANIA E IGUALDADE ÉTNICO-RACIAL                                                      ;2029;IMPLEMENTAÇÃO DAS AÇÕES DE PROMOÇÃO E DEFESA DOS DIREITOS HUMANOS                                                                                                                                       ;0500;RECURSOS NÃO VINCULADOS DE IMPOSTOS                    ;0.0;20000.0;675111.72;626223.07;571185.79
2026;4;12  ;EDUCAÇÃO                                               ;361 ;ENSINO FUNDAMENTAL                                                                                                      ;1214;APOIO SOCIAL A ESTUDANTES DA REDE MUNICIPAL DE ENSINO                                                                   ;2107;DESENVOLVIMENTO DE PROGRAMAS SUPLEMENTARES PARA O ENSINO NA REDE MUNICIPAL                                                                                                                              ;0540;TRANSFERÊNCIAS DO FUNDEB - IMPOSTOS E TRANSFERÊNCIAS DE;0.0;7000000.0;5935361.57;5935361.57;5935361.57
2026;4;27  ;DESPORTO E LAZER                                       ;812 ;DESPORTO COMUNITÁRIO                                                                                                    ;1226;PROMOÇÃO DE POLÍTICAS DE INCENTIVO AO ESPORTE E PRÁTICA DE EXERCÍCIO FÍSICO PARA PROMOÇÃO DA SAÚDE                      ;2863;INCENTIVO AO ESPORTE NO RECIFE                                                                                                                                                                          ;0500;RECURSOS NÃO VINCULADOS DE IMPOSTOS                    ;0.0;-1539146.0;65000.0;386339.23;392719.23
2026;4;13  ;CULTURA                                                ;392 ;DIFUSÃO CULTURAL                                                                                                        ;1211;VALORIZAÇÃO DA CULTURA                                                                                                  ;2304;PROMOÇÕES DE AÇÕES CULTURAIS                                                                                                                                                                            ;0701;OUTRAS TRANSF. CONV. OU INSTRUM. CONGÊNERES - ESTADOS  ;0.0;499328.97;96740.0;53860.0;0.0
2026;4;12  ;EDUCAÇÃO                                               ;361 ;ENSINO FUNDAMENTAL                                                                                                      ;1206;ORGANIZAÇÃO EFICAZ DO ENSINO E DA APRENDIZAGEM                                                                          ;2125;IMPLANTAÇÃO E MANUTENÇÃO DO QUADRO TECNOLÓGICO NAS UNIDADES EDUCACIONAIS                                                                                                                                ;0762;RECURSOS DE ALIENAÇÃO DE ATIVOS - CESSÃO DE DIREITOS CR;0.0;0.0;0.0;0.0;0.0
2026;4;04  ;ADMINISTRAÇÃO                                          ;122 ;ADMINISTRAÇÃO GERAL                                                                                                     ;2160;GESTÃO DAS POLÍTICAS MUNICIPAIS                                                                                         ;2874;COORDENAÇÃO, SUPERVISÃO E EXECUÇÃO DAS POLÍTICAS DO GABINETE DO CENTRO DO RECIFE                                                                                                                        ;0500;RECURSOS NÃO VINCULADOS DE IMPOSTOS                    ;0.0;0.0;19747.63;5194.93;24246.72
2026;4;23  ;COMÉRCIO E SERVIÇOS                                    ;846 ;OUTROS ENCARGOS ESPECIAIS                                                                                               ;3101;GESTÃO DOS ENCARGOS GERAIS DO MUNICÍPIO                                                                                 ;2705;ENCARGOS COM O FGTS DOS SERVIDORES                                                                                                                                                                      ;0500;RECURSOS NÃO VINCULADOS DE IMPOSTOS                    ;0.0;0.0;0.0;55789.06;55789.06
2026;4;28  ;ENCARGOS ESPECIAIS                                     ;843 ;SERVIÇO DA DÍVIDA INTERNA                                                                                               ;3101;GESTÃO DOS ENCARGOS GERAIS DO MUNICÍPIO                                                                                 ;9001;ENCARGOS DA DÍVIDA PÚBLICA INTERNA                                                                                                                                                                      ;0754;RECURSOS DE OPERAÇÕES DE CRÉDITO                       ;0.0;6194264.77;3336316.14;3336316.14;3336316.14
2026;4;10  ;SAÚDE                                                  ;846 ;OUTROS ENCARGOS ESPECIAIS                                                                                               ;3104;ATENDIMENTO DE SAÚDE AOS SERVIDORES BENEFICIÁRIOS DO SAÚDE RECIFE                                                       ;2084;OFERTA DE SERVIÇOS DE SAÚDE AOS BENEFICIÁRIOS DO SAÚDE RECIFE                                                                                                                                           ;0500;RECURSOS NÃO VINCULADOS DE IMPOSTOS                    ;0.0;0.0;5199326.64;5199326.64;5199326.64
2026;4;09  ;PREVIDÊNCIA SOCIAL                                     ;122 ;ADMINISTRAÇÃO GERAL                                                                                                     ;2170;GESTÃO DE PREVIDÊNCIA SOCIAL - RPPS                                                                                     ;2094;GESTÃO DAS AÇÕES DO RPPS                                                                                                                                                                                ;0802;RECURSOS VINCULADOS RPPS - TAXA ADMINISTRAÇÃO          ;0.0;0.0;591478.58;748703.17;922041.78
2026;4;27  ;DESPORTO E LAZER                                       ;812 ;DESPORTO COMUNITÁRIO                                                                                                    ;1226;PROMOÇÃO DE POLÍTICAS DE INCENTIVO AO ESPORTE E PRÁTICA DE EXERCÍCIO FÍSICO PARA PROMOÇÃO DA SAÚDE                      ;2281;MELHORIA E AMPLIAÇÃO DA REDE FÍSICA DE ESPORTE E REDE DE EXERCÍCIO FÍSICO NA SAÚDE                                                                                                                      ;0754;RECURSOS DE OPERAÇÕES DE CRÉDITO                       ;0.0;186619.56;228369.19;1660463.58;1575709.71
2026;4;13  ;CULTURA                                                ;391 ;PATRIMÔNIO HISTÓRICO, ARTÍSTICO E ARQUEOLÓGICO                                                                          ;1211;VALORIZAÇÃO DA CULTURA                                                                                                  ;2309;MANUTENÇÃO, RESTAURAÇÃO E PRESERVAÇÃO DE EQUIPAMENTOS E BENS CULTURAIS                                                                                                                                  ;0715;TRANSFERÊNCIAS DESTINADAS AO SETOR CULTURAL - LC N° 195;0.0;0.0;0.0;0.0;0.0
2026;4;09  ;PREVIDÊNCIA SOCIAL                                     ;272 ;PREVIDÊNCIA DO REGIME ESTATUTÁRIO                                                                                       ;3101;GESTÃO DOS ENCARGOS GERAIS DO MUNICÍPIO                                                                                 ;9009;ENCARGOS COM INATIVOS E PENSIONISTAS DO IASC - REGIME PRÓPRIO DO MUNICÍPIO                                                                                                                              ;0800;RECURSOS VINC. AO RPPS - FUNDO CAPIT. (PLANO PREV.)    ;0.0;0.0;3274.44;3274.44;3274.44
2026;4;15  ;URBANISMO                                              ;451 ;INFRA-ESTRUTURA URBANA                                                                                                  ;2160;GESTÃO DAS POLÍTICAS MUNICIPAIS                                                                                         ;2191;COORDENAÇÃO, SUPERVISÃO E EXECUÇÃO DAS POLÍTICAS DE INFRAESTRUTURA                                                                                                                                      ;0500;RECURSOS NÃO VINCULADOS DE IMPOSTOS                    ;0.0;0.0;0.0;0.0;20863.05
2026;4;04  ;ADMINISTRAÇÃO                                          ;131 ;COMUNICAÇÃO SOCIAL                                                                                                      ;2160;GESTÃO DAS POLÍTICAS MUNICIPAIS                                                                                         ;2156;COORDENAÇÃO, SUPERVISÃO E EXECUÇÃO DAS POLÍTICAS DE COMUNICAÇÃO                                                                                                                                         ;0544;RECURSOS DE PRECATÓRIOS DO FUNDEF                      ;0.0;12373.29;0.0;0.0;0.0
2026;4;15  ;URBANISMO                                              ;451 ;INFRA-ESTRUTURA URBANA                                                                                                  ;1304;MOBILIDADE URBANA E ACESSIBILIDADE                                                                                      ;1563;CONSOLIDAÇÃO E MELHORAMENTO DO SISTEMA VIÁRIO                                                                                                                                                           ;0703;OUTRAS TRANSF. CONV. OU INSTRUM. CONGÊNERES - OUTRAS EN;0.0;330396.26;339148.66;330385.22;0.0
2026;4;15  ;URBANISMO                                              ;451 ;INFRA-ESTRUTURA URBANA                                                                                                  ;1313;REQUALIFICAÇÃO DE ÁREAS DE BAIXA RENDA                                                                                  ;1564;REGULARIZAÇÃO FUNDIÁRIA                                                                                                                                                                                 ;0500;RECURSOS NÃO VINCULADOS DE IMPOSTOS                    ;0.0;127937.27;2486168.67;3112.18;3112.18
2026;4;13  ;CULTURA                                                ;273 ;PREVIDÊNCIA COMPLEMENTAR                                                                                                ;3101;GESTÃO DOS ENCARGOS GERAIS DO MUNICÍPIO                                                                                 ;9022;ENCARGOS COM A PREVIDÊNCIA SOCIAL DOS SERVIDORES - REGIME GERAL                                                                                                                                         ;0500;RECURSOS NÃO VINCULADOS DE IMPOSTOS                    ;0.0;0.0;0.0;201022.36;201022.36
2026;4;15  ;URBANISMO                                              ;122 ;ADMINISTRAÇÃO GERAL                                                                                                     ;2161;GESTÃO ADMINISTRATIVA DOS ÓRGÃOS, ENTIDADES E FUNDOS MUNICIPAIS                                                         ;2723;APOIO ADMINISTRATIVO ÀS AÇÕES DA UNIDADE ORÇAMENTÁRIA                                                                                                                                                   ;0501;OUTROS RECURSOS NÃO VINCULADOS                         ;0.0;-3070823.2;7481303.25;1318087.0;776263.41
2026;4;10  ;SAÚDE                                                  ;301 ;ATENÇÃO BÁSICA                                                                                                          ;1236;EXPANSÃO E MELHORIA NA INFRAESTRUTURA DE ATENDIMENTO EM SAÚDE                                                           ;1032;CONSTRUÇÃO, REFORMA, AMPLIAÇÃO E EQUIPAGEM DE UNIDADES DE SAÚDE NA ATENÇÃO BÁSICA                                                                                                                       ;0500;RECURSOS NÃO VINCULADOS DE IMPOSTOS                    ;0.0;0.0;0.0;0.0;7321.64
2026;4;09  ;PREVIDÊNCIA SOCIAL                                     ;122 ;ADMINISTRAÇÃO GERAL                                                                                                     ;3101;GESTÃO DOS ENCARGOS GERAIS DO MUNICÍPIO                                                                                 ;9018;ENCARGOS ADMINISTRATIVOS PARA GESTÃO DO REGIME PRÓPRIO DE PREVIDÊNCIA SOCIAL DO MUNICÍPIO                                                                                                               ;0800;RECURSOS VINC. AO RPPS - FUNDO CAPIT. (PLANO PREV.)    ;0.0;0.0;930087.97;930087.97;930087.97
2026;4;16  ;HABITAÇÃO                                              ;482 ;HABITAÇÃO URBANA                                                                                                        ;1219;MELHORIA DAS CONDIÇÕES DE HABITABILIDADE                                                                                ;1038;IMPLEMENTAÇÃO DE PROJETOS HABITACIONAIS                                                                                                                                                                 ;0500;RECURSOS NÃO VINCULADOS DE IMPOSTOS                    ;0.0;0.0;0.0;3117.76;3227.61
2026;4;23  ;COMÉRCIO E SERVIÇOS                                    ;694 ;SERVIÇOS FINANCEIROS                                                                                                    ;1321;FORTALECIMENTO DE ATIVIDADES ECONÔMICAS                                                                                 ;2105;APOIO AO EMPREENDEDORISMO                                                                                                                                                                               ;0501;OUTROS RECURSOS NÃO VINCULADOS                         ;0.0;0.0;0.0;0.0;17757.5
2026;4;15  ;URBANISMO                                              ;846 ;OUTROS ENCARGOS ESPECIAIS                                                                                               ;3101;GESTÃO DOS ENCARGOS GERAIS DO MUNICÍPIO                                                                                 ;2701;ENCARGOS COM OBRIGAÇÕES TRIBUTÁRIAS E CONTRIBUTIVAS                                                                                                                                                     ;0500;RECURSOS NÃO VINCULADOS DE IMPOSTOS                    ;0.0;30000.0;19.92;19.92;0.0
2026;4;10  ;SAÚDE                                                  ;301 ;ATENÇÃO BÁSICA                                                                                                          ;1216;FORTALECIMENTO E QUALIFICAÇÃO DA ATENÇÃO BÁSICA EM SAÚDE                                                                ;2724;MANUTENÇÃO DA REDE BÁSICA DE SAÚDE                                                                                                                                                                      ;0501;OUTROS RECURSOS NÃO VINCULADOS                         ;0.0;-346598.51;0.0;0.0;0.0
2026;4;15  ;URBANISMO                                              ;331 ;PROTEÇÃO E BENEFÍCIOS AO TRABALHADOR                                                                                    ;3101;GESTÃO DOS ENCARGOS GERAIS DO MUNICÍPIO                                                                                 ;2153;ENCARGOS COM BENEFÍCIOS AOS SERVIDORES                                                                                                                                                                  ;0500;RECURSOS NÃO VINCULADOS DE IMPOSTOS                    ;0.0;0.0;40071.28;375634.41;322461.56
2026;4;10  ;SAÚDE                                                  ;301 ;ATENÇÃO BÁSICA                                                                                                          ;1216;FORTALECIMENTO E QUALIFICAÇÃO DA ATENÇÃO BÁSICA EM SAÚDE                                                                ;2620;IMPLEMENTAÇÃO DAS ESTRATÉGIAS PARA GRUPOS ESPECÍFICOS                                                                                                                                                   ;0500;RECURSOS NÃO VINCULADOS DE IMPOSTOS                    ;0.0;950301.35;1175522.94;56535.0;444810.0
2026;4;08  ;ASSISTÊNCIA SOCIAL                                     ;244 ;ASSISTÊNCIA COMUNITÁRIA                                                                                                 ;1324;FORTALECIMENTO DA POLÍTICA DE SEGURANÇA ALIMENTAR E NUTRICIONAL                                                         ;2220;DESENVOLVIMENTO DE AÇÕES DE SEGURANÇA ALIMENTAR E NUTRICIONAL                                                                                                                                           ;0500;RECURSOS NÃO VINCULADOS DE IMPOSTOS                    ;0.0;0.0;61034.0;916656.97;816542.06
2026;4;12  ;EDUCAÇÃO                                               ;365 ;EDUCAÇÃO INFANTIL                                                                                                       ;1247;PROMOÇÃO E FORTALECIMENTO DA POLÍTICA DA PRIMEIRA INFÂNCIA                                                              ;2113;APOIO À PRIMEIRA INFÂNCIA                                                                                                                                                                               ;0500;RECURSOS NÃO VINCULADOS DE IMPOSTOS                    ;0.0;0.0;29600.0;49600.0;104314.0
2026;4;04  ;ADMINISTRAÇÃO                                          ;126 ;TECNOLOGIA DA INFORMAÇÃO                                                                                                ;2123;MELHORIA DA QUALIDADE DOS SERVIÇOS DE TIC E TRANSFORMAÇÃO DIGITAL DOS SERVIÇOS E PROCESSOS DA PCR                       ;1541;EXPANSÃO E ATUALIZAÇÃO DO AMBIENTE DE TECNOLOGIA DA INFORMAÇÃO                                                                                                                                          ;0501;OUTROS RECURSOS NÃO VINCULADOS                         ;0.0;0.0;0.0;158780.12;149015.14
2026;4;10  ;SAÚDE                                                  ;122 ;ADMINISTRAÇÃO GERAL                                                                                                     ;2165;GESTÃO ADMINISTRATIVA DO SISTEMA MUNICIPAL DE SAÚDE                                                                     ;2617;APOIO ADMINISTRATIVO ÀS AÇÕES DO FUNDO MUNICIPAL DE SAÚDE                                                                                                                                               ;0600;TRANSF. FUNDO A FUNDO SUS GOV. FED. - BL. MANUTENÇÃO SE;0.0;-5440597.75;9189243.86;8370573.41;13938252.84
2026;4;04  ;ADMINISTRAÇÃO                                          ;273 ;PREVIDÊNCIA COMPLEMENTAR                                                                                                ;3101;GESTÃO DOS ENCARGOS GERAIS DO MUNICÍPIO                                                                                 ;9033;ENCARGOS COM A PREVIDÊNCIA SOCIAL DOS SERVIDORES - REGIME COMPLEMENTAR                                                                                                                                  ;0500;RECURSOS NÃO VINCULADOS DE IMPOSTOS                    ;0.0;0.0;0.0;15948.03;15948.03
2026;4;10  ;SAÚDE                                                  ;301 ;ATENÇÃO BÁSICA                                                                                                          ;1216;FORTALECIMENTO E QUALIFICAÇÃO DA ATENÇÃO BÁSICA EM SAÚDE                                                                ;2083;IMPLEMENTAÇÃO DE PROGRAMAS ESTRATÉGICOS                                                                                                                                                                 ;0600;TRANSF. FUNDO A FUNDO SUS GOV. FED. - BL. MANUTENÇÃO SE;0.0;0.0;2833.33;0.0;17.0
2026;4;09  ;PREVIDÊNCIA SOCIAL                                     ;272 ;PREVIDÊNCIA DO REGIME ESTATUTÁRIO                                                                                       ;4103;GESTÃO DOS ENCARGOS DA CÂMARA MUNICIPAL DO RECIFE                                                                       ;9013;ENCARGOS COM INATIVOS E PENSIONISTAS DA CMR INTEGRANTES DO SISTEMA PREVIDENCIÁRIO - REGIME PRÓPRIO DO MUNICÍPIO                                                                                         ;0762;RECURSOS DE ALIENAÇÃO DE ATIVOS - CESSÃO DE DIREITOS CR;0.0;0.0;0.0;0.0;106491.86
2026;4;08  ;ASSISTÊNCIA SOCIAL                                     ;244 ;ASSISTÊNCIA COMUNITÁRIA                                                                                                 ;1324;FORTALECIMENTO DA POLÍTICA DE SEGURANÇA ALIMENTAR E NUTRICIONAL                                                         ;2220;DESENVOLVIMENTO DE AÇÕES DE SEGURANÇA ALIMENTAR E NUTRICIONAL                                                                                                                                           ;0661;TRANSF. DE RECURSOS DOS FUNDOS EST. - ASSIST. SOCIAL   ;0.0;-213568.78;10237.49;0.0;0.0
2026;4;10  ;SAÚDE                                                  ;302 ;ASSISTÊNCIA HOSPITALAR E AMBULATORIAL                                                                                   ;1238;FORTALECIMENTO E QUALIFICAÇÃO DA ATENÇÃO À SAÚDE DE MÉDIA E ALTA COMPLEXIDADE                                           ;2085;GARANTIA DA OFERTA DE PROCEDIMENTOS ATRAVÉS DA REDE PRÓPRIA                                                                                                                                             ;0621;TRANSF. FUNDO A FUNDO SUS PROV. DO GOVERNO ESTADUAL    ;0.0;0.0;-3513358.59;357441.84;440490.61
2026;4;09  ;PREVIDÊNCIA SOCIAL                                     ;272 ;PREVIDÊNCIA DO REGIME ESTATUTÁRIO                                                                                       ;3101;GESTÃO DOS ENCARGOS GERAIS DO MUNICÍPIO                                                                                 ;9008;ENCARGOS COM INATIVOS E PENSIONISTAS DA FCCR - REGIME PRÓPRIO DO MUNICÍPIO                                                                                                                              ;0800;RECURSOS VINC. AO RPPS - FUNDO CAPIT. (PLANO PREV.)    ;0.0;0.0;194695.76;194695.76;195966.53
2026;4;15  ;URBANISMO                                              ;451 ;INFRA-ESTRUTURA URBANA                                                                                                  ;2160;GESTÃO DAS POLÍTICAS MUNICIPAIS                                                                                         ;2102;COORDENAÇÃO,SUPERVISÃO E EXECUÇÃO DOS PROJETOS ESPECIAIS DA GESTÃO MUNICIPAL                                                                                                                            ;0500;RECURSOS NÃO VINCULADOS DE IMPOSTOS                    ;0.0;0.0;0.0;0.0;82772.79
2026;4;15  ;URBANISMO                                              ;451 ;INFRA-ESTRUTURA URBANA                                                                                                  ;1219;MELHORIA DAS CONDIÇÕES DE HABITABILIDADE                                                                                ;1590;REQUALIFICAÇÃO URBANÍSTICA E INCLUSÃO SOCIAL DA COMUNIDADE DO PILAR                                                                                                                                     ;0754;RECURSOS DE OPERAÇÕES DE CRÉDITO                       ;0.0;550000.0;457558.56;163802.05;51560.34
2026;4;17  ;SANEAMENTO                                             ;512 ;SANEAMENTO BÁSICO URBANO                                                                                                ;1220;PROMOÇÃO DE POLÍTICAS DE SANEAMENTO                                                                                     ;1579;URBANIZAÇÃO DA BACIA DO BEBERIBE                                                                                                                                                                        ;0754;RECURSOS DE OPERAÇÕES DE CRÉDITO                       ;0.0;3263552.94;1488691.96;9208.94;9208.94
2026;4;17  ;SANEAMENTO                                             ;512 ;SANEAMENTO BÁSICO URBANO                                                                                                ;1220;PROMOÇÃO DE POLÍTICAS DE SANEAMENTO                                                                                     ;1252;SANEAMENTO INTEGRADO                                                                                                                                                                                    ;0754;RECURSOS DE OPERAÇÕES DE CRÉDITO                       ;0.0;0.0;694839.34;1460909.37;1714285.48
2026;4;09  ;PREVIDÊNCIA SOCIAL                                     ;273 ;PREVIDÊNCIA COMPLEMENTAR                                                                                                ;3101;GESTÃO DOS ENCARGOS GERAIS DO MUNICÍPIO                                                                                 ;9011;ENCARGOS COM INATIVOS E PENSIONISTAS DO GERALDÃO - REGIME PRÓPRIO DO MUNICÍPIO                                                                                                                          ;0800;RECURSOS VINC. AO RPPS - FUNDO CAPIT. (PLANO PREV.)    ;0.0;0.0;3864.05;3864.05;3895.67
2026;4;10  ;SAÚDE                                                  ;272 ;PREVIDÊNCIA DO REGIME ESTATUTÁRIO                                                                                       ;3102;GESTÃO DOS ENCARGOS GERAIS DO SETOR DE SAÚDE                                                                            ;9021;ENCARGOS COM A PREVIDÊNCIA SOCIAL DOS SERVIDORES - REGIME PRÓPRIO                                                                                                                                       ;0500;RECURSOS NÃO VINCULADOS DE IMPOSTOS                    ;0.0;0.0;2000000.0;7541312.12;7541312.12
2026;4;19  ;CIÊNCIA E TECNOLOGIA                                   ;122 ;ADMINISTRAÇÃO GERAL                                                                                                     ;2161;GESTÃO ADMINISTRATIVA DOS ÓRGÃOS, ENTIDADES E FUNDOS MUNICIPAIS                                                         ;2723;APOIO ADMINISTRATIVO ÀS AÇÕES DA UNIDADE ORÇAMENTÁRIA                                                                                                                                                   ;0500;RECURSOS NÃO VINCULADOS DE IMPOSTOS                    ;0.0;0.0;239.92;1479.86;1479.86
2026;4;04  ;ADMINISTRAÇÃO                                          ;124 ;CONTROLE INTERNO                                                                                                        ;2164;FORTALECIMENTO DO SISTEMA DE CONTROLE INTERNO                                                                           ;2015;GESTÃO E APERFEIÇOAMENTO DO CONTROLE INTERNO DA ADMINISTRAÇÃO MUNICIPAL                                                                                                                                 ;0500;RECURSOS NÃO VINCULADOS DE IMPOSTOS                    ;0.0;0.0;0.0;0.0;172806.35
2026;4;15  ;URBANISMO                                              ;451 ;INFRA-ESTRUTURA URBANA                                                                                                  ;1310;REQUALIFICAÇÃO, AMPLIAÇÃO E REORDENAMENTO DOS ESPAÇOS PÚBLICOS                                                          ;1603;CONSTRUÇÃO E REQUALIFICAÇÃO DE ESPAÇOS DE INTERESSE PÚBLICO                                                                                                                                             ;0700;OUTRAS TRANSF. CONV. OU INSTRUM. CONGÊNERES - UNIÃO    ;0.0;0.0;1622198.84;60756.27;0.0
2026;4;23  ;COMÉRCIO E SERVIÇOS                                    ;694 ;SERVIÇOS FINANCEIROS                                                                                                    ;1321;FORTALECIMENTO DE ATIVIDADES ECONÔMICAS                                                                                 ;2105;APOIO AO EMPREENDEDORISMO                                                                                                                                                                               ;0500;RECURSOS NÃO VINCULADOS DE IMPOSTOS                    ;0.0;0.0;0.0;0.0;0.0
2026;4;11  ;TRABALHO                                               ;122 ;ADMINISTRAÇÃO GERAL                                                                                                     ;2161;GESTÃO ADMINISTRATIVA DOS ÓRGÃOS, ENTIDADES E FUNDOS MUNICIPAIS                                                         ;2723;APOIO ADMINISTRATIVO ÀS AÇÕES DA UNIDADE ORÇAMENTÁRIA                                                                                                                                                   ;0500;RECURSOS NÃO VINCULADOS DE IMPOSTOS                    ;0.0;0.0;15965.0;134333.26;192852.29
2026;4;12  ;EDUCAÇÃO                                               ;361 ;ENSINO FUNDAMENTAL                                                                                                      ;1249;AMPLIAÇÃO E GESTÃO DA REDE DE ENSINO FUNDAMENTAL                                                                        ;2178;UNIVERSALIZAÇÃO E QUALIFICAÇÃO DO ENSINO FUNDAMENTAL                                                                                                                                                    ;0544;RECURSOS DE PRECATÓRIOS DO FUNDEF                      ;0.0;10456869.14;0.0;0.0;0.0
2026;4;09  ;PREVIDÊNCIA SOCIAL                                     ;272 ;PREVIDÊNCIA DO REGIME ESTATUTÁRIO                                                                                       ;4103;GESTÃO DOS ENCARGOS DA CÂMARA MUNICIPAL DO RECIFE                                                                       ;9013;ENCARGOS COM INATIVOS E PENSIONISTAS DA CMR INTEGRANTES DO SISTEMA PREVIDENCIÁRIO - REGIME PRÓPRIO DO MUNICÍPIO                                                                                         ;0801;RECURSOS VINC. AO RPPS - FUNDO REP. (PLANO FINANC.)    ;0.0;0.0;307373.78;307373.78;255171.55
2026;4;13  ;CULTURA                                                ;391 ;PATRIMÔNIO HISTÓRICO, ARTÍSTICO E ARQUEOLÓGICO                                                                          ;1211;VALORIZAÇÃO DA CULTURA                                                                                                  ;2309;MANUTENÇÃO, RESTAURAÇÃO E PRESERVAÇÃO DE EQUIPAMENTOS E BENS CULTURAIS                                                                                                                                  ;0500;RECURSOS NÃO VINCULADOS DE IMPOSTOS                    ;0.0;651541.46;854442.17;376970.65;524150.19
2026;4;15  ;URBANISMO                                              ;182 ;DEFESA CIVIL                                                                                                            ;1303;GESTÃO DE RISCO EM ENCOSTAS E ALAGADOS                                                                                  ;2211;DEFESA CIVIL PERMANENTE                                                                                                                                                                                 ;0500;RECURSOS NÃO VINCULADOS DE IMPOSTOS                    ;0.0;-1611488.9;475506.91;3990652.53;3990652.53
2026;4;12  ;EDUCAÇÃO                                               ;361 ;ENSINO FUNDAMENTAL                                                                                                      ;1249;AMPLIAÇÃO E GESTÃO DA REDE DE ENSINO FUNDAMENTAL                                                                        ;2178;UNIVERSALIZAÇÃO E QUALIFICAÇÃO DO ENSINO FUNDAMENTAL                                                                                                                                                    ;0546;TRANSFERÊNCIAS DO FUNDEB - COMPLEMENTAÇÃO DA UNIÃO - ET;0.0;0.0;0.0;190612.63;308409.14
2026;4;15  ;URBANISMO                                              ;452 ;SERVIÇOS URBANOS                                                                                                        ;1323;MANUTENÇÃO URBANA                                                                                                       ;2509;LIMPEZA URBANA                                                                                                                                                                                          ;0753;RECURSOS PROVENIENTES DE TAXAS E CONTRIBUIÇÕES         ;0.0;0.0;6989833.36;19169424.09;19364464.47
2026;4;10  ;SAÚDE                                                  ;302 ;ASSISTÊNCIA HOSPITALAR E AMBULATORIAL                                                                                   ;1238;FORTALECIMENTO E QUALIFICAÇÃO DA ATENÇÃO À SAÚDE DE MÉDIA E ALTA COMPLEXIDADE                                           ;2883;GARANTIA DA OFERTA DE PROCEDIMENTOS ATRAVÉS DA REDE COMPLEMENTAR                                                                                                                                        ;0500;RECURSOS NÃO VINCULADOS DE IMPOSTOS                    ;0.0;-1877801.33;4547334.21;8671612.9;8620152.98
2026;4;04  ;ADMINISTRAÇÃO                                          ;122 ;ADMINISTRAÇÃO GERAL                                                                                                     ;2160;GESTÃO DAS POLÍTICAS MUNICIPAIS                                                                                         ;2145;COORDENAÇÃO, SUPERVISÃO E EXECUÇÃO DAS AÇÕES MUNICIPAIS DE PLANEJAMENTO E GESTÃO                                                                                                                        ;0500;RECURSOS NÃO VINCULADOS DE IMPOSTOS                    ;0.0;0.0;0.0;0.0;230291.62
2026;4;08  ;ASSISTÊNCIA SOCIAL                                     ;244 ;ASSISTÊNCIA COMUNITÁRIA                                                                                                 ;1204;FORTALECIMENTO DO SISTEMA ÚNICO DE ASSISTÊNCIA SOCIAL                                                                   ;2106;CONTROLE SOCIAL NA GESTÃO DA POLÍTICA MUNICIPAL DE ASSISTÊNCIA SOCIAL                                                                                                                                   ;0660;TRANSFERÊNCIA DE RECURSOS DO FNAS                      ;0.0;0.0;94789.59;0.0;0.0
2026;4;10  ;SAÚDE                                                  ;302 ;ASSISTÊNCIA HOSPITALAR E AMBULATORIAL                                                                                   ;1238;FORTALECIMENTO E QUALIFICAÇÃO DA ATENÇÃO À SAÚDE DE MÉDIA E ALTA COMPLEXIDADE                                           ;2324;FORTALECIMENTO E QUALIFICAÇÃO DE PROGRAMAS ESTRATÉGICOS                                                                                                                                                 ;0500;RECURSOS NÃO VINCULADOS DE IMPOSTOS                    ;0.0;0.0;0.0;0.0;393318.29
2026;4;04  ;ADMINISTRAÇÃO                                          ;272 ;PREVIDÊNCIA DO REGIME ESTATUTÁRIO                                                                                       ;3101;GESTÃO DOS ENCARGOS GERAIS DO MUNICÍPIO                                                                                 ;9021;ENCARGOS COM A PREVIDÊNCIA SOCIAL DOS SERVIDORES - REGIME PRÓPRIO                                                                                                                                       ;0500;RECURSOS NÃO VINCULADOS DE IMPOSTOS                    ;0.0;0.0;0.0;85623.05;85623.05
2026;4;10  ;SAÚDE                                                  ;302 ;ASSISTÊNCIA HOSPITALAR E AMBULATORIAL                                                                                   ;1238;FORTALECIMENTO E QUALIFICAÇÃO DA ATENÇÃO À SAÚDE DE MÉDIA E ALTA COMPLEXIDADE                                           ;2085;GARANTIA DA OFERTA DE PROCEDIMENTOS ATRAVÉS DA REDE PRÓPRIA                                                                                                                                             ;0605;ASSIST. FINANCEIRA DA UNIÃO - COMPLEMENTAÇÃO PISOS SALA;0.0;0.0;867732.76;867732.76;867732.76
2026;4;12  ;EDUCAÇÃO                                               ;365 ;EDUCAÇÃO INFANTIL                                                                                                       ;1247;PROMOÇÃO E FORTALECIMENTO DA POLÍTICA DA PRIMEIRA INFÂNCIA                                                              ;2179;AMPLIAÇÃO E DESENVOLVIMENTO DA EDUCAÇÃO INFANTIL                                                                                                                                                        ;0500;RECURSOS NÃO VINCULADOS DE IMPOSTOS                    ;0.0;0.0;5364742.29;16804536.57;13785541.34
2026;4;08  ;ASSISTÊNCIA SOCIAL                                     ;128 ;FORMAÇÃO DE RECURSOS HUMANOS                                                                                            ;1204;FORTALECIMENTO DO SISTEMA ÚNICO DE ASSISTÊNCIA SOCIAL                                                                   ;2033;DESENVOLVIMENTO DE AÇÕES RELATIVAS À FORMAÇÃO PERMANENTE E CAPACITAÇÃO CONTINUADA DOS PROFISSIONAIS                                                                                                     ;0660;TRANSFERÊNCIA DE RECURSOS DO FNAS                      ;0.0;0.0;0.0;0.0;0.0
2026;4;12  ;EDUCAÇÃO                                               ;365 ;EDUCAÇÃO INFANTIL                                                                                                       ;1247;PROMOÇÃO E FORTALECIMENTO DA POLÍTICA DA PRIMEIRA INFÂNCIA                                                              ;2179;AMPLIAÇÃO E DESENVOLVIMENTO DA EDUCAÇÃO INFANTIL                                                                                                                                                        ;0569;OUTRAS TRANSFERÊNCIAS DE RECURSOS DO FNDE              ;0.0;0.0;0.0;0.0;0.0
2026;4;04  ;ADMINISTRAÇÃO                                          ;846 ;OUTROS ENCARGOS ESPECIAIS                                                                                               ;3101;GESTÃO DOS ENCARGOS GERAIS DO MUNICÍPIO                                                                                 ;2129;ENCARGOS COM EXERCÍCIOS FINDOS DE PESSOAL DA ATIVA E INATIVA                                                                                                                                            ;0500;RECURSOS NÃO VINCULADOS DE IMPOSTOS                    ;0.0;0.0;0.0;0.0;0.0
2026;4;10  ;SAÚDE                                                  ;304 ;VIGILÂNCIA SANITÁRIA                                                                                                    ;2160;GESTÃO DAS POLÍTICAS MUNICIPAIS                                                                                         ;2026;COORDENAÇÃO, SUPERVISÃO E EXECUÇÃO DA POLÍTICA DE PROTEÇÃO ANIMAL                                                                                                                                       ;0500;RECURSOS NÃO VINCULADOS DE IMPOSTOS                    ;0.0;1611488.9;1501210.58;188639.15;144992.53
2026;4;15  ;URBANISMO                                              ;451 ;INFRA-ESTRUTURA URBANA                                                                                                  ;1303;GESTÃO DE RISCO EM ENCOSTAS E ALAGADOS                                                                                  ;1574;URBANIZAÇÃO DE ÁREAS DE RISCO                                                                                                                                                                           ;0500;RECURSOS NÃO VINCULADOS DE IMPOSTOS                    ;0.0;0.0;150396.67;150396.67;150396.67
2026;4;12  ;EDUCAÇÃO                                               ;306 ;ALIMENTAÇÃO E NUTRIÇÃO                                                                                                  ;1207;SUPORTE E APOIO EFETIVOS PARA UMA EDUCAÇÃO DE QUALIDADE                                                                 ;2127;ALIMENTAÇÃO ESCOLAR                                                                                                                                                                                     ;0500;RECURSOS NÃO VINCULADOS DE IMPOSTOS                    ;0.0;0.0;0.0;15669422.81;14233685.66
2026;4;14  ;DIREITOS DA CIDADANIA                                  ;422 ;DIREITOS INDIVIDUAIS, COLETIVOS E DIFUSOS                                                                               ;2160;GESTÃO DAS POLÍTICAS MUNICIPAIS                                                                                         ;2282;COORDENAÇÃO, SUPERVISÃO E EXECUÇÃO DAS POLÍTICAS DE ORDEM PÚBLICA E SEGURANÇA                                                                                                                           ;0544;RECURSOS DE PRECATÓRIOS DO FUNDEF                      ;0.0;22118.31;0.0;0.0;0.0
2026;4;10  ;SAÚDE                                                  ;305 ;VIGILÂNCIA EPIDEMIOLÓGICA                                                                                               ;1217;FORTALECIMENTO DAS AÇÕES DE VIGILÂNCIA EM SAÚDE                                                                         ;2612;FORTALECIMENTO DAS AÇÕES DE VIGILÂNCIA AMBIENTAL PARA O CONTROLE DE DOENÇAS E AGRAVOS                                                                                                                   ;0659;OUTROS RECURSOS VINCULADOS À SAÚDE                     ;0.0;0.0;0.0;5511.88;0.0
2026;4;10  ;SAÚDE                                                  ;122 ;ADMINISTRAÇÃO GERAL                                                                                                     ;1236;EXPANSÃO E MELHORIA NA INFRAESTRUTURA DE ATENDIMENTO EM SAÚDE                                                           ;1659;CONSTRUÇÃO, REFORMA, AMPLIAÇÃO E EQUIPAGEM DE UNIDADES DE SAÚDE                                                                                                                                         ;0601;TRANSF. FUNDO A FUNDO SUS GOV. FED. - BL. ESTRUTURAÇÃO ;0.0;0.0;328347.34;419356.03;407031.88
2026;4;12  ;EDUCAÇÃO                                               ;365 ;EDUCAÇÃO INFANTIL                                                                                                       ;1247;PROMOÇÃO E FORTALECIMENTO DA POLÍTICA DA PRIMEIRA INFÂNCIA                                                              ;2179;AMPLIAÇÃO E DESENVOLVIMENTO DA EDUCAÇÃO INFANTIL                                                                                                                                                        ;0540;TRANSFERÊNCIAS DO FUNDEB - IMPOSTOS E TRANSFERÊNCIAS DE;0.0;-10000000.0;5168803.13;3941831.32;5124646.74
2026;4;23  ;COMÉRCIO E SERVIÇOS                                    ;695 ;TURISMO                                                                                                                 ;1213;PROMOÇÃO DO TURISMO NO RECIFE                                                                                           ;2193;PROMOÇÃO, ESTRUTURAÇÃO E FORTALECIMENTO TURÍSTICO DO DESTINO RECIFE                                                                                                                                     ;0501;OUTROS RECURSOS NÃO VINCULADOS                         ;0.0;0.0;5707385.68;2122188.69;3374933.41
2026;4;14  ;DIREITOS DA CIDADANIA                                  ;422 ;DIREITOS INDIVIDUAIS, COLETIVOS E DIFUSOS                                                                               ;2160;GESTÃO DAS POLÍTICAS MUNICIPAIS                                                                                         ;2081;COORDENAÇÃO, SUPERVISÃO E EXECUÇÃO DA POLÍTICA PARA MULHERES                                                                                                                                            ;0500;RECURSOS NÃO VINCULADOS DE IMPOSTOS                    ;0.0;0.0;0.0;0.0;63426.02
2026;4;17  ;SANEAMENTO                                             ;122 ;ADMINISTRAÇÃO GERAL                                                                                                     ;2161;GESTÃO ADMINISTRATIVA DOS ÓRGÃOS, ENTIDADES E FUNDOS MUNICIPAIS                                                         ;2723;APOIO ADMINISTRATIVO ÀS AÇÕES DA UNIDADE ORÇAMENTÁRIA                                                                                                                                                   ;0500;RECURSOS NÃO VINCULADOS DE IMPOSTOS                    ;0.0;0.0;133345.88;281180.05;239869.04
2026;4;23  ;COMÉRCIO E SERVIÇOS                                    ;273 ;PREVIDÊNCIA COMPLEMENTAR                                                                                                ;3101;GESTÃO DOS ENCARGOS GERAIS DO MUNICÍPIO                                                                                 ;9022;ENCARGOS COM A PREVIDÊNCIA SOCIAL DOS SERVIDORES - REGIME GERAL                                                                                                                                         ;0500;RECURSOS NÃO VINCULADOS DE IMPOSTOS                    ;0.0;0.0;0.0;195585.29;195585.29
2026;4;12  ;EDUCAÇÃO                                               ;366 ;EDUCAÇÃO DE JOVENS E ADULTOS                                                                                            ;1206;ORGANIZAÇÃO EFICAZ DO ENSINO E DA APRENDIZAGEM                                                                          ;2183;REALIZAÇÃO DE POLÍTICAS DE INCENTIVO À FORMAÇÃO DE JOVENS PARA A CIDADANIA E O TRABALHO                                                                                                                 ;0544;RECURSOS DE PRECATÓRIOS DO FUNDEF                      ;0.0;1737718.48;0.0;0.0;0.0
2026;4;28  ;ENCARGOS ESPECIAIS                                     ;846 ;OUTROS ENCARGOS ESPECIAIS                                                                                               ;3101;GESTÃO DOS ENCARGOS GERAIS DO MUNICÍPIO                                                                                 ;9002;CONTRIBUIÇÕES PARA O PIS/PASEP                                                                                                                                                                          ;0802;RECURSOS VINCULADOS RPPS - TAXA ADMINISTRAÇÃO          ;0.0;0.0;0.0;30148.57;30148.57
2026;4;15  ;URBANISMO                                              ;452 ;SERVIÇOS URBANOS                                                                                                        ;1323;MANUTENÇÃO URBANA                                                                                                       ;2582;ADMINISTRAÇÃO E FISCALIZAÇÃO DE NECRÓPOLES                                                                                                                                                              ;0899;OUTROS RECURSOS VINCULADOS                             ;0.0;0.0;664542.29;578139.31;585368.74
2026;4;06  ;SEGURANÇA PÚBLICA                                      ;422 ;DIREITOS INDIVIDUAIS, COLETIVOS E DIFUSOS                                                                               ;1252;PROMOÇÃO DOS DIREITOS HUMANOS, CIDADANIA E IGUALDADE ÉTNICO-RACIAL                                                      ;2147;SEGURANÇA NOS LOCAIS PÚBLICOS SOB JURISDIÇÃO DA CIDADE DO RECIFE                                                                                                                                        ;0700;OUTRAS TRANSF. CONV. OU INSTRUM. CONGÊNERES - UNIÃO    ;0.0;0.0;479557.92;0.0;0.0
2026;4;15  ;URBANISMO                                              ;452 ;SERVIÇOS URBANOS                                                                                                        ;1323;MANUTENÇÃO URBANA                                                                                                       ;2541;MANUTENÇÃO DO SISTEMA VIÁRIO                                                                                                                                                                            ;0700;OUTRAS TRANSF. CONV. OU INSTRUM. CONGÊNERES - UNIÃO    ;0.0;277794.86;934702.27;1212497.13;1176366.85
2026;4;10  ;SAÚDE                                                  ;122 ;ADMINISTRAÇÃO GERAL                                                                                                     ;3104;ATENDIMENTO DE SAÚDE AOS SERVIDORES BENEFICIÁRIOS DO SAÚDE RECIFE                                                       ;2075;GESTÃO DAS AÇÕES DO SAÚDE-RECIFE                                                                                                                                                                        ;0799;OUTRAS VINCULAÇÕES LEGAIS                              ;0.0;0.0;422854.02;509253.72;635021.34
2026;4;15  ;URBANISMO                                              ;451 ;INFRA-ESTRUTURA URBANA                                                                                                  ;1310;REQUALIFICAÇÃO, AMPLIAÇÃO E REORDENAMENTO DOS ESPAÇOS PÚBLICOS                                                          ;1576;URBANIZAÇÃO DAS MARGENS DE RIOS E CANAIS                                                                                                                                                                ;0500;RECURSOS NÃO VINCULADOS DE IMPOSTOS                    ;0.0;0.0;480.0;480.0;0.0
2026;4;18  ;GESTÃO AMBIENTAL                                       ;122 ;ADMINISTRAÇÃO GERAL                                                                                                     ;2161;GESTÃO ADMINISTRATIVA DOS ÓRGÃOS, ENTIDADES E FUNDOS MUNICIPAIS                                                         ;2723;APOIO ADMINISTRATIVO ÀS AÇÕES DA UNIDADE ORÇAMENTÁRIA                                                                                                                                                   ;0500;RECURSOS NÃO VINCULADOS DE IMPOSTOS                    ;0.0;0.0;6027.08;85696.04;62781.37
2026;4;09  ;PREVIDÊNCIA SOCIAL                                     ;331 ;PROTEÇÃO E BENEFÍCIOS AO TRABALHADOR                                                                                    ;3101;GESTÃO DOS ENCARGOS GERAIS DO MUNICÍPIO                                                                                 ;2153;ENCARGOS COM BENEFÍCIOS AOS SERVIDORES                                                                                                                                                                  ;0799;OUTRAS VINCULAÇÕES LEGAIS                              ;0.0;0.0;0.0;805.91;805.91
2026;4;10  ;SAÚDE                                                  ;301 ;ATENÇÃO BÁSICA                                                                                                          ;1233;MELHORIA DO ACESSO À ASSISTÊNCIA FARMACÊUTICA                                                                           ;2322;MANUTENÇÃO DO ADEQUADO SUPRIMENTO DA REDE EM ASSISTÊNCIA FARMACÊUTICA NA ATENÇÃO BÁSICA                                                                                                                 ;0621;TRANSF. FUNDO A FUNDO SUS PROV. DO GOVERNO ESTADUAL    ;0.0;0.0;0.0;0.0;2484.0
2026;4;04  ;ADMINISTRAÇÃO                                          ;128 ;FORMAÇÃO DE RECURSOS HUMANOS                                                                                            ;2160;GESTÃO DAS POLÍTICAS MUNICIPAIS                                                                                         ;2100;CAPACITAÇÃO E FORMAÇÃO PROFISSIONAL                                                                                                                                                                     ;0500;RECURSOS NÃO VINCULADOS DE IMPOSTOS                    ;0.0;0.0;160000.0;0.0;0.0
2026;4;23  ;COMÉRCIO E SERVIÇOS                                    ;122 ;ADMINISTRAÇÃO GERAL                                                                                                     ;2161;GESTÃO ADMINISTRATIVA DOS ÓRGÃOS, ENTIDADES E FUNDOS MUNICIPAIS                                                         ;2723;APOIO ADMINISTRATIVO ÀS AÇÕES DA UNIDADE ORÇAMENTÁRIA                                                                                                                                                   ;0500;RECURSOS NÃO VINCULADOS DE IMPOSTOS                    ;0.0;0.0;3670.74;1095145.49;1979264.69
2026;4;16  ;HABITAÇÃO                                              ;482 ;HABITAÇÃO URBANA                                                                                                        ;1219;MELHORIA DAS CONDIÇÕES DE HABITABILIDADE                                                                                ;1038;IMPLEMENTAÇÃO DE PROJETOS HABITACIONAIS                                                                                                                                                                 ;0754;RECURSOS DE OPERAÇÕES DE CRÉDITO                       ;0.0;-473385.0;0.0;0.0;0.0
2026;4;15  ;URBANISMO                                              ;451 ;INFRA-ESTRUTURA URBANA                                                                                                  ;1310;REQUALIFICAÇÃO, AMPLIAÇÃO E REORDENAMENTO DOS ESPAÇOS PÚBLICOS                                                          ;2289;GESTÃO DO CONTROLE URBANO                                                                                                                                                                               ;0500;RECURSOS NÃO VINCULADOS DE IMPOSTOS                    ;0.0;0.0;1991143.18;7988891.04;8002333.67
2026;4;12  ;EDUCAÇÃO                                               ;361 ;ENSINO FUNDAMENTAL                                                                                                      ;1206;ORGANIZAÇÃO EFICAZ DO ENSINO E DA APRENDIZAGEM                                                                          ;2101;IMPLANTAÇÃO DE POLÍTICAS DE VALORIZAÇÃO E FORMAÇÃO CONTINUADA DOS PROFISSIONAIS DA EDUCAÇÃO                                                                                                             ;0500;RECURSOS NÃO VINCULADOS DE IMPOSTOS                    ;0.0;-4300000.0;-12500.0;0.0;12696.43
2026;4;04  ;ADMINISTRAÇÃO                                          ;126 ;TECNOLOGIA DA INFORMAÇÃO                                                                                                ;2123;MELHORIA DA QUALIDADE DOS SERVIÇOS DE TIC E TRANSFORMAÇÃO DIGITAL DOS SERVIÇOS E PROCESSOS DA PCR                       ;1541;EXPANSÃO E ATUALIZAÇÃO DO AMBIENTE DE TECNOLOGIA DA INFORMAÇÃO                                                                                                                                          ;0500;RECURSOS NÃO VINCULADOS DE IMPOSTOS                    ;0.0;974793.61;0.0;273420.65;295058.16
2026;4;09  ;PREVIDÊNCIA SOCIAL                                     ;331 ;PROTEÇÃO E BENEFÍCIOS AO TRABALHADOR                                                                                    ;3101;GESTÃO DOS ENCARGOS GERAIS DO MUNICÍPIO                                                                                 ;2153;ENCARGOS COM BENEFÍCIOS AOS SERVIDORES                                                                                                                                                                  ;0802;RECURSOS VINCULADOS RPPS - TAXA ADMINISTRAÇÃO          ;0.0;0.0;0.0;770.66;770.66
2026;4;09  ;PREVIDÊNCIA SOCIAL                                     ;122 ;ADMINISTRAÇÃO GERAL                                                                                                     ;3101;GESTÃO DOS ENCARGOS GERAIS DO MUNICÍPIO                                                                                 ;9018;ENCARGOS ADMINISTRATIVOS PARA GESTÃO DO REGIME PRÓPRIO DE PREVIDÊNCIA SOCIAL DO MUNICÍPIO                                                                                                               ;0801;RECURSOS VINC. AO RPPS - FUNDO REP. (PLANO FINANC.)    ;0.0;0.0;523213.51;523213.51;523213.51
2026;4;12  ;EDUCAÇÃO                                               ;367 ;EDUCAÇÃO ESPECIAL                                                                                                       ;1206;ORGANIZAÇÃO EFICAZ DO ENSINO E DA APRENDIZAGEM                                                                          ;2182;IMPLEMENTAÇÃO DE MECANISMOS DE INCLUSÃO ESC. PARA ESTUDANTES COM DEFICIÊNCIAS E/OU DOENÇAS RARAS. (EP)                                                                                                  ;0500;RECURSOS NÃO VINCULADOS DE IMPOSTOS                    ;0.0;0.0;6179895.59;918941.33;966233.23
2026;4;10  ;SAÚDE                                                  ;122 ;ADMINISTRAÇÃO GERAL                                                                                                     ;1236;EXPANSÃO E MELHORIA NA INFRAESTRUTURA DE ATENDIMENTO EM SAÚDE                                                           ;1659;CONSTRUÇÃO, REFORMA, AMPLIAÇÃO E EQUIPAGEM DE UNIDADES DE SAÚDE                                                                                                                                         ;0500;RECURSOS NÃO VINCULADOS DE IMPOSTOS                    ;0.0;42880.0;20580.0;0.0;752.46
2026;4;23  ;COMÉRCIO E SERVIÇOS                                    ;691 ;PROMOÇÃO COMERCIAL                                                                                                      ;1310;REQUALIFICAÇÃO, AMPLIAÇÃO E REORDENAMENTO DOS ESPAÇOS PÚBLICOS                                                          ;1587;CONSTRUÇÃO E RECUPERAÇÃO DE MERCADOS, FEIRAS, ESPAÇOS PARA O COMÉRCIO POPULAR E OUTROS ESPAÇOS PÚBLICOS                                                                                                 ;0501;OUTROS RECURSOS NÃO VINCULADOS                         ;0.0;0.0;0.0;0.0;0.0
2026;4;15  ;URBANISMO                                              ;331 ;PROTEÇÃO E BENEFÍCIOS AO TRABALHADOR                                                                                    ;3101;GESTÃO DOS ENCARGOS GERAIS DO MUNICÍPIO                                                                                 ;2153;ENCARGOS COM BENEFÍCIOS AOS SERVIDORES                                                                                                                                                                  ;0751;RECURSOS DA COSIP                                      ;0.0;0.0;0.0;8786.81;38630.81
2026;4;12  ;EDUCAÇÃO                                               ;361 ;ENSINO FUNDAMENTAL                                                                                                      ;2110;GESTÃO DAS POLÍTICAS MUNICIPAIS DE EDUCAÇÃO                                                                             ;2035;COORDENAÇÃO, SUPERVISÃO E EXECUÇÃO DAS POLÍTICAS DE EDUCAÇÃO                                                                                                                                            ;0500;RECURSOS NÃO VINCULADOS DE IMPOSTOS                    ;0.0;0.0;15122470.52;15131266.11;14865163.51
2026;4;10  ;SAÚDE                                                  ;303 ;SUPORTE PROFILÁTICO E TERAPÊUTICO                                                                                       ;1233;MELHORIA DO ACESSO À ASSISTÊNCIA FARMACÊUTICA                                                                           ;2881;MANUTENÇÃO DO ADEQUADO SUPRIMENTO DA REDE EM ASSISTÊNCIA FARMACÊUTICA                                                                                                                                   ;0600;TRANSF. FUNDO A FUNDO SUS GOV. FED. - BL. MANUTENÇÃO SE;0.0;17325.0;11694.6;1130406.02;1726734.37
2026;4;04  ;ADMINISTRAÇÃO                                          ;846 ;OUTROS ENCARGOS ESPECIAIS                                                                                               ;3101;GESTÃO DOS ENCARGOS GERAIS DO MUNICÍPIO                                                                                 ;2701;ENCARGOS COM OBRIGAÇÕES TRIBUTÁRIAS E CONTRIBUTIVAS                                                                                                                                                     ;0500;RECURSOS NÃO VINCULADOS DE IMPOSTOS                    ;0.0;0.0;36052.91;36052.91;36052.91
2026;4;10  ;SAÚDE                                                  ;301 ;ATENÇÃO BÁSICA                                                                                                          ;1236;EXPANSÃO E MELHORIA NA INFRAESTRUTURA DE ATENDIMENTO EM SAÚDE                                                           ;1032;CONSTRUÇÃO, REFORMA, AMPLIAÇÃO E EQUIPAGEM DE UNIDADES DE SAÚDE NA ATENÇÃO BÁSICA                                                                                                                       ;0754;RECURSOS DE OPERAÇÕES DE CRÉDITO                       ;0.0;7923108.8;32825.21;0.0;42914.84
2026;4;04  ;ADMINISTRAÇÃO                                          ;273 ;PREVIDÊNCIA COMPLEMENTAR                                                                                                ;3101;GESTÃO DOS ENCARGOS GERAIS DO MUNICÍPIO                                                                                 ;9022;ENCARGOS COM A PREVIDÊNCIA SOCIAL DOS SERVIDORES - REGIME GERAL                                                                                                                                         ;0500;RECURSOS NÃO VINCULADOS DE IMPOSTOS                    ;0.0;0.0;494428.76;3752710.32;3752710.32
2026;4;10  ;SAÚDE                                                  ;301 ;ATENÇÃO BÁSICA                                                                                                          ;2107;GESTÃO DAS POLÍTICAS MUNICIPAIS DE SAÚDE                                                                                ;2074;COORDENAÇÃO, SUPERVISÃO E EXECUÇÃO DAS POLÍTICAS DE SAÚDE NA ATENÇÃO BÁSICA                                                                                                                             ;0544;RECURSOS DE PRECATÓRIOS DO FUNDEF                      ;0.0;19327.92;0.0;0.0;0.0
2026;4;15  ;URBANISMO                                              ;451 ;INFRA-ESTRUTURA URBANA                                                                                                  ;1310;REQUALIFICAÇÃO, AMPLIAÇÃO E REORDENAMENTO DOS ESPAÇOS PÚBLICOS                                                          ;2289;GESTÃO DO CONTROLE URBANO                                                                                                                                                                               ;0700;OUTRAS TRANSF. CONV. OU INSTRUM. CONGÊNERES - UNIÃO    ;0.0;-3390619.84;0.0;0.0;0.0
2026;4;12  ;EDUCAÇÃO                                               ;361 ;ENSINO FUNDAMENTAL                                                                                                      ;1249;AMPLIAÇÃO E GESTÃO DA REDE DE ENSINO FUNDAMENTAL                                                                        ;2178;UNIVERSALIZAÇÃO E QUALIFICAÇÃO DO ENSINO FUNDAMENTAL                                                                                                                                                    ;0541;TRANSFERÊNCIAS DO FUNDEB - COMPLEMENTAÇÃO DA UNIÃO - VA;0.0;21874.66;5252202.65;269076.7;362958.5
2026;4;12  ;EDUCAÇÃO                                               ;361 ;ENSINO FUNDAMENTAL                                                                                                      ;1206;ORGANIZAÇÃO EFICAZ DO ENSINO E DA APRENDIZAGEM                                                                          ;2125;IMPLANTAÇÃO E MANUTENÇÃO DO QUADRO TECNOLÓGICO NAS UNIDADES EDUCACIONAIS                                                                                                                                ;0540;TRANSFERÊNCIAS DO FUNDEB - IMPOSTOS E TRANSFERÊNCIAS DE;0.0;1000000.0;793411.9;793411.9;765642.48
2026;4;15  ;URBANISMO                                              ;452 ;SERVIÇOS URBANOS                                                                                                        ;1323;MANUTENÇÃO URBANA                                                                                                       ;2541;MANUTENÇÃO DO SISTEMA VIÁRIO                                                                                                                                                                            ;0750;RECURSOS DA CIDE                                       ;0.0;-8000.0;0.0;0.0;0.0
2026;4;11  ;TRABALHO                                               ;122 ;ADMINISTRAÇÃO GERAL                                                                                                     ;2160;GESTÃO DAS POLÍTICAS MUNICIPAIS                                                                                         ;2250;COORDENAÇÃO, SUPERVISÃO E EXECUÇÃO DAS POLÍTICAS DE TRABALHO E QUALIFICAÇÃO PROFISSIONAL                                                                                                                ;0544;RECURSOS DE PRECATÓRIOS DO FUNDEF                      ;0.0;48196.05;0.0;0.0;0.0
2026;4;17  ;SANEAMENTO                                             ;512 ;SANEAMENTO BÁSICO URBANO                                                                                                ;1323;MANUTENÇÃO URBANA                                                                                                       ;2543;MANUTENÇÃO E RETIFICAÇÃO DOS SISTEMAS DE MICRO E MACRO-DRENAGEM                                                                                                                                         ;0754;RECURSOS DE OPERAÇÕES DE CRÉDITO                       ;0.0;1050000.0;4049531.7;1049449.93;1531096.74
2026;4;09  ;PREVIDÊNCIA SOCIAL                                     ;273 ;PREVIDÊNCIA COMPLEMENTAR                                                                                                ;3101;GESTÃO DOS ENCARGOS GERAIS DO MUNICÍPIO                                                                                 ;9022;ENCARGOS COM A PREVIDÊNCIA SOCIAL DOS SERVIDORES - REGIME GERAL                                                                                                                                         ;0799;OUTRAS VINCULAÇÕES LEGAIS                              ;0.0;0.0;0.0;19686.62;19686.62
2026;4;12  ;EDUCAÇÃO                                               ;365 ;EDUCAÇÃO INFANTIL                                                                                                       ;1247;PROMOÇÃO E FORTALECIMENTO DA POLÍTICA DA PRIMEIRA INFÂNCIA                                                              ;1036;EXPANSÃO DA REDE FÍSICA DO ENSINO INFANTIL                                                                                                                                                              ;0500;RECURSOS NÃO VINCULADOS DE IMPOSTOS                    ;0.0;559367.95;794892.56;188169.44;564600.16
2026;4;10  ;SAÚDE                                                  ;302 ;ASSISTÊNCIA HOSPITALAR E AMBULATORIAL                                                                                   ;2107;GESTÃO DAS POLÍTICAS MUNICIPAIS DE SAÚDE                                                                                ;2325;COORDENAÇÃO, SUPERVISÃO E EXECUÇÃO DAS POLÍTICAS DE SAÚDE NA MÉDIA E ALTA COMPLEXIDADE                                                                                                                  ;0605;ASSIST. FINANCEIRA DA UNIÃO - COMPLEMENTAÇÃO PISOS SALA;0.0;-324224.38;939211.7;939211.7;939211.7
2026;4;12  ;EDUCAÇÃO                                               ;361 ;ENSINO FUNDAMENTAL                                                                                                      ;1207;SUPORTE E APOIO EFETIVOS PARA UMA EDUCAÇÃO DE QUALIDADE                                                                 ;1043;EXPANSÃO DA REDE FÍSICA DO ENSINO FUNDAMENTAL                                                                                                                                                           ;0500;RECURSOS NÃO VINCULADOS DE IMPOSTOS                    ;0.0;-559367.95;9150309.04;2496816.31;744849.57
2026;4;12  ;EDUCAÇÃO                                               ;361 ;ENSINO FUNDAMENTAL                                                                                                      ;3103;GESTÃO DOS ENCARGOS GERAIS DO SETOR EDUCACIONAL                                                                         ;9021;ENCARGOS COM A PREVIDÊNCIA SOCIAL DOS SERVIDORES - REGIME PRÓPRIO                                                                                                                                       ;0500;RECURSOS NÃO VINCULADOS DE IMPOSTOS                    ;0.0;0.0;7832875.0;7832875.0;7832875.0
2026;4;08  ;ASSISTÊNCIA SOCIAL                                     ;241 ;ASSISTÊNCIA AO IDOSO                                                                                                    ;1222;PROMOÇÃO DOS DIREITOS HUMANOS, CIDADANIA E IGUALDADE ÉTNICO-RACIAL                                                      ;2991;APOIO A EXECUÇÃO DA POLÍTICA MUNICIPAL DE DIREITOS DA PESSOA IDOSA                                                                                                                                      ;0669;OUTROS RECURSOS VINCULADOS À ASSISTÊNCIA SOCIAL        ;0.0;0.0;360273.76;387121.37;343040.33
2026;4;10  ;SAÚDE                                                  ;301 ;ATENÇÃO BÁSICA                                                                                                          ;1216;FORTALECIMENTO E QUALIFICAÇÃO DA ATENÇÃO BÁSICA EM SAÚDE                                                                ;2321;GARANTIA DA OFERTA DE PROCEDIMENTOS ATRAVÉS DA REDE COMPLEMENTAR - ATENÇÃO BÁSICA                                                                                                                       ;0600;TRANSF. FUNDO A FUNDO SUS GOV. FED. - BL. MANUTENÇÃO SE;0.0;0.0;0.0;4149525.4;4149525.4
2026;4;09  ;PREVIDÊNCIA SOCIAL                                     ;272 ;PREVIDÊNCIA DO REGIME ESTATUTÁRIO                                                                                       ;3101;GESTÃO DOS ENCARGOS GERAIS DO MUNICÍPIO                                                                                 ;9007;ENCARGOS COM INATIVOS E PENSIONISTAS DO SETOR EDUCACIONAL - REGIME PRÓPRIO DO MUNICÍPIO                                                                                                                 ;0800;RECURSOS VINC. AO RPPS - FUNDO CAPIT. (PLANO PREV.)    ;0.0;0.0;8210068.53;8210068.53;8330638.46
2026;4;12  ;EDUCAÇÃO                                               ;361 ;ENSINO FUNDAMENTAL                                                                                                      ;1206;ORGANIZAÇÃO EFICAZ DO ENSINO E DA APRENDIZAGEM                                                                          ;2125;IMPLANTAÇÃO E MANUTENÇÃO DO QUADRO TECNOLÓGICO NAS UNIDADES EDUCACIONAIS                                                                                                                                ;0500;RECURSOS NÃO VINCULADOS DE IMPOSTOS                    ;0.0;-1000000.0;347178.77;2512826.13;1744078.76
2026;4;17  ;SANEAMENTO                                             ;512 ;SANEAMENTO BÁSICO URBANO                                                                                                ;1220;PROMOÇÃO DE POLÍTICAS DE SANEAMENTO                                                                                     ;2044;MANUTENÇÃO DOS SISTEMAS DE ESGOTAMENTO SANITÁRIO                                                                                                                                                        ;0500;RECURSOS NÃO VINCULADOS DE IMPOSTOS                    ;0.0;0.0;0.0;1254492.66;1233475.6
2026;4;04  ;ADMINISTRAÇÃO                                          ;128 ;FORMAÇÃO DE RECURSOS HUMANOS                                                                                            ;2160;GESTÃO DAS POLÍTICAS MUNICIPAIS                                                                                         ;2100;CAPACITAÇÃO E FORMAÇÃO PROFISSIONAL                                                                                                                                                                     ;0799;OUTRAS VINCULAÇÕES LEGAIS                              ;0.0;200000.0;1300.0;500.0;0.0
2026;4;15  ;URBANISMO                                              ;451 ;INFRA-ESTRUTURA URBANA                                                                                                  ;1310;REQUALIFICAÇÃO, AMPLIAÇÃO E REORDENAMENTO DOS ESPAÇOS PÚBLICOS                                                          ;1576;URBANIZAÇÃO DAS MARGENS DE RIOS E CANAIS                                                                                                                                                                ;0700;OUTRAS TRANSF. CONV. OU INSTRUM. CONGÊNERES - UNIÃO    ;0.0;2200000.0;10387516.43;0.0;0.0
2026;4;15  ;URBANISMO                                              ;273 ;PREVIDÊNCIA COMPLEMENTAR                                                                                                ;3101;GESTÃO DOS ENCARGOS GERAIS DO MUNICÍPIO                                                                                 ;9022;ENCARGOS COM A PREVIDÊNCIA SOCIAL DOS SERVIDORES - REGIME GERAL                                                                                                                                         ;0753;RECURSOS PROVENIENTES DE TAXAS E CONTRIBUIÇÕES         ;0.0;0.0;0.0;118749.27;118749.27
2026;4;15  ;URBANISMO                                              ;122 ;ADMINISTRAÇÃO GERAL                                                                                                     ;2160;GESTÃO DAS POLÍTICAS MUNICIPAIS                                                                                         ;2072;COORDENAÇÃO, SUPERVISÃO E EXECUÇÃO DAS POLÍTICAS DE INOVAÇÃO URBANA                                                                                                                                     ;0500;RECURSOS NÃO VINCULADOS DE IMPOSTOS                    ;0.0;0.0;52873.07;401543.93;423812.76
2026;4;14  ;DIREITOS DA CIDADANIA                                  ;122 ;ADMINISTRAÇÃO GERAL                                                                                                     ;2161;GESTÃO ADMINISTRATIVA DOS ÓRGÃOS, ENTIDADES E FUNDOS MUNICIPAIS                                                         ;2723;APOIO ADMINISTRATIVO ÀS AÇÕES DA UNIDADE ORÇAMENTÁRIA                                                                                                                                                   ;0759;RECURSOS VINCULADOS A FUNDOS                           ;0.0;0.0;1038823.32;231274.05;50316.48
2026;4;12  ;EDUCAÇÃO                                               ;361 ;ENSINO FUNDAMENTAL                                                                                                      ;2167;GESTÃO ADMINISTRATIVA DO SETOR EDUCACIONAL                                                                              ;2036;APOIO ADMINISTRATIVO ÀS AÇÕES DE EDUCAÇÃO DA REDE MUNICIPAL DE ENSINO                                                                                                                                   ;0544;RECURSOS DE PRECATÓRIOS DO FUNDEF                      ;0.0;1122956.9;0.0;0.0;0.0
2026;4;28  ;ENCARGOS ESPECIAIS                                     ;846 ;OUTROS ENCARGOS ESPECIAIS                                                                                               ;3101;GESTÃO DOS ENCARGOS GERAIS DO MUNICÍPIO                                                                                 ;9004;COMPROMISSOS DECORRENTES DE SENTENÇAS JUDICIAIS                                                                                                                                                         ;0500;RECURSOS NÃO VINCULADOS DE IMPOSTOS                    ;0.0;0.0;301780.46;263860.24;358714.25
2026;4;15  ;URBANISMO                                              ;451 ;INFRA-ESTRUTURA URBANA                                                                                                  ;1304;MOBILIDADE URBANA E ACESSIBILIDADE                                                                                      ;1563;CONSOLIDAÇÃO E MELHORAMENTO DO SISTEMA VIÁRIO                                                                                                                                                           ;0754;RECURSOS DE OPERAÇÕES DE CRÉDITO                       ;0.0;5213059.84;10851414.42;1549630.74;1677257.15
2026;4;15  ;URBANISMO                                              ;451 ;INFRA-ESTRUTURA URBANA                                                                                                  ;1304;MOBILIDADE URBANA E ACESSIBILIDADE                                                                                      ;1563;CONSOLIDAÇÃO E MELHORAMENTO DO SISTEMA VIÁRIO                                                                                                                                                           ;0700;OUTRAS TRANSF. CONV. OU INSTRUM. CONGÊNERES - UNIÃO    ;0.0;0.0;0.0;0.0;0.0
2026;4;03  ;ESSENCIAL À JUSTIÇA                                    ;091 ;DEFESA DA ORDEM JURÍDICA                                                                                                ;2160;GESTÃO DAS POLÍTICAS MUNICIPAIS                                                                                         ;2030;COORDENAÇÃO, SUPERVISÃO E EXECUÇÃO DAS POLÍTICAS MUNICIPAIS DA PROCURADORIA GERAL DO MUNICÍPIO                                                                                                          ;0500;RECURSOS NÃO VINCULADOS DE IMPOSTOS                    ;0.0;0.0;0.0;0.0;483160.27
2026;4;15  ;URBANISMO                                              ;451 ;INFRA-ESTRUTURA URBANA                                                                                                  ;2160;GESTÃO DAS POLÍTICAS MUNICIPAIS                                                                                         ;2328;COORDENAÇÃO, SUPERVISÃO E EXECUÇÃO DO PROGRAMA PROMORAR                                                                                                                                                 ;0500;RECURSOS NÃO VINCULADOS DE IMPOSTOS                    ;0.0;0.0;0.0;0.0;33365.91
2026;4;08  ;ASSISTÊNCIA SOCIAL                                     ;244 ;ASSISTÊNCIA COMUNITÁRIA                                                                                                 ;1204;FORTALECIMENTO DO SISTEMA ÚNICO DE ASSISTÊNCIA SOCIAL                                                                   ;2518;DESENVOLVIMENTO DAS AÇÕES DE PROTEÇÃO SOCIAL BÁSICA                                                                                                                                                     ;0500;RECURSOS NÃO VINCULADOS DE IMPOSTOS                    ;0.0;-3225234.09;2979506.68;1706281.13;2034532.68
2026;4;08  ;ASSISTÊNCIA SOCIAL                                     ;244 ;ASSISTÊNCIA COMUNITÁRIA                                                                                                 ;1204;FORTALECIMENTO DO SISTEMA ÚNICO DE ASSISTÊNCIA SOCIAL                                                                   ;2519;DESENVOLVIMENTO DAS AÇÕES DE PROTEÇÃO SOCIAL ESPECIAL                                                                                                                                                   ;0500;RECURSOS NÃO VINCULADOS DE IMPOSTOS                    ;0.0;-665762.04;2630391.43;4238930.14;4816705.15
2026;4;15  ;URBANISMO                                              ;451 ;INFRA-ESTRUTURA URBANA                                                                                                  ;1310;REQUALIFICAÇÃO, AMPLIAÇÃO E REORDENAMENTO DOS ESPAÇOS PÚBLICOS                                                          ;1028;AMPLIAÇÃO E MELHORIA DA INFRAESTRUTURA URBANA                                                                                                                                                           ;0500;RECURSOS NÃO VINCULADOS DE IMPOSTOS                    ;0.0;-32000.0;0.0;0.0;116708.5
2026;4;16  ;HABITAÇÃO                                              ;122 ;ADMINISTRAÇÃO GERAL                                                                                                     ;2161;GESTÃO ADMINISTRATIVA DOS ÓRGÃOS, ENTIDADES E FUNDOS MUNICIPAIS                                                         ;2723;APOIO ADMINISTRATIVO ÀS AÇÕES DA UNIDADE ORÇAMENTÁRIA                                                                                                                                                   ;0500;RECURSOS NÃO VINCULADOS DE IMPOSTOS                    ;0.0;0.0;105069.06;117550.37;136038.6
2026;4;13  ;CULTURA                                                ;392 ;DIFUSÃO CULTURAL                                                                                                        ;2160;GESTÃO DAS POLÍTICAS MUNICIPAIS                                                                                         ;2212;COORDENAÇÃO, SUPERVISÃO E EXECUÇÃO DAS POLÍTICAS DE CULTURA DO MUNICÍPIO                                                                                                                                ;0500;RECURSOS NÃO VINCULADOS DE IMPOSTOS                    ;0.0;0.0;-48575.46;0.0;318416.65
2026;4;10  ;SAÚDE                                                  ;303 ;SUPORTE PROFILÁTICO E TERAPÊUTICO                                                                                       ;1233;MELHORIA DO ACESSO À ASSISTÊNCIA FARMACÊUTICA                                                                           ;2086;REALIZAÇÃO DE AÇÕES ESTRATÉGICAS DA ASSISTÊNCIA FARMACÊUTICA                                                                                                                                            ;0500;RECURSOS NÃO VINCULADOS DE IMPOSTOS                    ;0.0;-30000.0;0.0;0.0;0.0
2026;4;04  ;ADMINISTRAÇÃO                                          ;846 ;OUTROS ENCARGOS ESPECIAIS                                                                                               ;3101;GESTÃO DOS ENCARGOS GERAIS DO MUNICÍPIO                                                                                 ;2704;ENCARGOS COM PARCELAMENTO DE DÉBITOS DE EXERCÍCIOS ANTERIORES                                                                                                                                           ;0500;RECURSOS NÃO VINCULADOS DE IMPOSTOS                    ;0.0;0.0;0.0;59745.84;59745.84
2026;4;15  ;URBANISMO                                              ;451 ;INFRA-ESTRUTURA URBANA                                                                                                  ;1303;GESTÃO DE RISCO EM ENCOSTAS E ALAGADOS                                                                                  ;1574;URBANIZAÇÃO DE ÁREAS DE RISCO                                                                                                                                                                           ;0754;RECURSOS DE OPERAÇÕES DE CRÉDITO                       ;0.0;4196663.25;4330362.02;2425549.95;2325530.71
2026;4;10  ;SAÚDE                                                  ;301 ;ATENÇÃO BÁSICA                                                                                                          ;1216;FORTALECIMENTO E QUALIFICAÇÃO DA ATENÇÃO BÁSICA EM SAÚDE                                                                ;2724;MANUTENÇÃO DA REDE BÁSICA DE SAÚDE                                                                                                                                                                      ;0500;RECURSOS NÃO VINCULADOS DE IMPOSTOS                    ;0.0;901643.75;793124.49;416346.99;756053.87
2026;4;10  ;SAÚDE                                                  ;301 ;ATENÇÃO BÁSICA                                                                                                          ;1236;EXPANSÃO E MELHORIA NA INFRAESTRUTURA DE ATENDIMENTO EM SAÚDE                                                           ;1032;CONSTRUÇÃO, REFORMA, AMPLIAÇÃO E EQUIPAGEM DE UNIDADES DE SAÚDE NA ATENÇÃO BÁSICA                                                                                                                       ;0762;RECURSOS DE ALIENAÇÃO DE ATIVOS - CESSÃO DE DIREITOS CR;0.0;0.0;0.0;0.0;0.0
2026;4;15  ;URBANISMO                                              ;331 ;PROTEÇÃO E BENEFÍCIOS AO TRABALHADOR                                                                                    ;3101;GESTÃO DOS ENCARGOS GERAIS DO MUNICÍPIO                                                                                 ;2153;ENCARGOS COM BENEFÍCIOS AOS SERVIDORES                                                                                                                                                                  ;0501;OUTROS RECURSOS NÃO VINCULADOS                         ;0.0;0.0;3026.5;93711.2;496773.2
2026;4;03  ;ESSENCIAL À JUSTIÇA                                    ;129 ;ADMINISTRAÇÃO DE RECEITAS                                                                                               ;2160;GESTÃO DAS POLÍTICAS MUNICIPAIS                                                                                         ;2866;OTIMIZAÇÃO DA ARRECADAÇÃO DA DÍVIDA ATIVA DO MUNICÍPIO DO RECIFE                                                                                                                                        ;0501;OUTROS RECURSOS NÃO VINCULADOS                         ;0.0;0.0;487513.9;415513.9;697706.76
2026;4;08  ;ASSISTÊNCIA SOCIAL                                     ;244 ;ASSISTÊNCIA COMUNITÁRIA                                                                                                 ;1204;FORTALECIMENTO DO SISTEMA ÚNICO DE ASSISTÊNCIA SOCIAL                                                                   ;2018;GESTÃO DO CADASTRO ÚNICO E PROGRAMA BOLSA FAMÍLIA                                                                                                                                                       ;0500;RECURSOS NÃO VINCULADOS DE IMPOSTOS                    ;0.0;0.0;111455.11;16665.52;681566.51
2026;4;27  ;DESPORTO E LAZER                                       ;695 ;TURISMO                                                                                                                 ;2160;GESTÃO DAS POLÍTICAS MUNICIPAIS                                                                                         ;2280;COORDENAÇÃO, SUPERVISÃO E EXECUÇÃO DAS POLÍTICAS DE TURISMO E LAZER                                                                                                                                     ;0500;RECURSOS NÃO VINCULADOS DE IMPOSTOS                    ;0.0;0.0;-46866.58;2258900.06;2288557.82
2026;4;13  ;CULTURA                                                ;392 ;DIFUSÃO CULTURAL                                                                                                        ;1211;VALORIZAÇÃO DA CULTURA                                                                                                  ;2896;IMPLEMENTAÇÃO E OPERACIONALIZAÇÃO DA POLÍTICA NACIONAL ALDIR BLANC DE FOMENTO À CULTURA                                                                                                                 ;0719;TRANSFERÊNCIAS DA POLÍTICA NACIONAL ALDIR BLANC DE FOME;0.0;10083647.86;0.0;0.0;0.0
2026;4;15  ;URBANISMO                                              ;451 ;INFRA-ESTRUTURA URBANA                                                                                                  ;1323;MANUTENÇÃO URBANA                                                                                                       ;2566;REQUALIFICAÇÃO DE ESPAÇOS DE INTERESSE PÚBLICO                                                                                                                                                          ;0501;OUTROS RECURSOS NÃO VINCULADOS                         ;0.0;0.0;-531034.78;1808251.73;1932068.16
2026;4;04  ;ADMINISTRAÇÃO                                          ;122 ;ADMINISTRAÇÃO GERAL                                                                                                     ;3101;GESTÃO DOS ENCARGOS GERAIS DO MUNICÍPIO                                                                                 ;2048;ENCARGOS GERAIS COMUNS AOS DIVERSOS ÓRGÃOS                                                                                                                                                              ;0500;RECURSOS NÃO VINCULADOS DE IMPOSTOS                    ;0.0;251996.0;3608897.52;5063013.23;5103064.86
2026;4;15  ;URBANISMO                                              ;451 ;INFRA-ESTRUTURA URBANA                                                                                                  ;1219;MELHORIA DAS CONDIÇÕES DE HABITABILIDADE                                                                                ;1590;REQUALIFICAÇÃO URBANÍSTICA E INCLUSÃO SOCIAL DA COMUNIDADE DO PILAR                                                                                                                                     ;0700;OUTRAS TRANSF. CONV. OU INSTRUM. CONGÊNERES - UNIÃO    ;0.0;0.0;130138.28;0.0;0.0
2026;4;09  ;PREVIDÊNCIA SOCIAL                                     ;272 ;PREVIDÊNCIA DO REGIME ESTATUTÁRIO                                                                                       ;4103;GESTÃO DOS ENCARGOS DA CÂMARA MUNICIPAL DO RECIFE                                                                       ;9013;ENCARGOS COM INATIVOS E PENSIONISTAS DA CMR INTEGRANTES DO SISTEMA PREVIDENCIÁRIO - REGIME PRÓPRIO DO MUNICÍPIO                                                                                         ;0500;RECURSOS NÃO VINCULADOS DE IMPOSTOS                    ;0.0;0.0;42834.24;42834.24;0.0
2026;4;10  ;SAÚDE                                                  ;305 ;VIGILÂNCIA EPIDEMIOLÓGICA                                                                                               ;1217;FORTALECIMENTO DAS AÇÕES DE VIGILÂNCIA EM SAÚDE                                                                         ;2893;DESENVOLVIMENTO DE AÇÕES DE COMBATE E CONTROLE DE SITUAÇÕES DE EMERGÊNCIAS SANITÁRIAS                                                                                                                   ;0500;RECURSOS NÃO VINCULADOS DE IMPOSTOS                    ;0.0;-10594556.21;0.0;0.0;81467.48
2026;4;10  ;SAÚDE                                                  ;302 ;ASSISTÊNCIA HOSPITALAR E AMBULATORIAL                                                                                   ;1238;FORTALECIMENTO E QUALIFICAÇÃO DA ATENÇÃO À SAÚDE DE MÉDIA E ALTA COMPLEXIDADE                                           ;2085;GARANTIA DA OFERTA DE PROCEDIMENTOS ATRAVÉS DA REDE PRÓPRIA                                                                                                                                             ;0501;OUTROS RECURSOS NÃO VINCULADOS                         ;0.0;-5398536.05;0.0;0.0;0.0
2026;4;13  ;CULTURA                                                ;392 ;DIFUSÃO CULTURAL                                                                                                        ;1211;VALORIZAÇÃO DA CULTURA                                                                                                  ;2304;PROMOÇÕES DE AÇÕES CULTURAIS                                                                                                                                                                            ;0500;RECURSOS NÃO VINCULADOS DE IMPOSTOS                    ;0.0;1100000.0;1954832.3;2960130.04;1524092.63
2026;4;08  ;ASSISTÊNCIA SOCIAL                                     ;243 ;ASSISTÊNCIA À CRIANÇA E AO ADOLESCENTE                                                                                  ;1201;PROTEÇÃO INTEGRAL E DEFESA DOS DIREITOS DA CRIANÇA E DO ADOLESCENTE                                                     ;2869;APOIO E MANUTENÇÃO DOS CONSELHOS TUTELARES                                                                                                                                                              ;0500;RECURSOS NÃO VINCULADOS DE IMPOSTOS                    ;0.0;0.0;203706.41;300215.64;255069.53
2026;4;10  ;SAÚDE                                                  ;301 ;ATENÇÃO BÁSICA                                                                                                          ;2107;GESTÃO DAS POLÍTICAS MUNICIPAIS DE SAÚDE                                                                                ;2074;COORDENAÇÃO, SUPERVISÃO E EXECUÇÃO DAS POLÍTICAS DE SAÚDE NA ATENÇÃO BÁSICA                                                                                                                             ;0604;TRANSF. DO GOV. FEDERAL - VENCIMENTO DOS AGENTES COMUNI;0.0;0.0;10335771.55;10335771.55;10338538.65
2026;4;12  ;EDUCAÇÃO                                               ;361 ;ENSINO FUNDAMENTAL                                                                                                      ;2167;GESTÃO ADMINISTRATIVA DO SETOR EDUCACIONAL                                                                              ;2036;APOIO ADMINISTRATIVO ÀS AÇÕES DE EDUCAÇÃO DA REDE MUNICIPAL DE ENSINO                                                                                                                                   ;0540;TRANSFERÊNCIAS DO FUNDEB - IMPOSTOS E TRANSFERÊNCIAS DE;0.0;0.0;430637.22;1081955.07;1193383.93
2026;4;13  ;CULTURA                                                ;122 ;ADMINISTRAÇÃO GERAL                                                                                                     ;2161;GESTÃO ADMINISTRATIVA DOS ÓRGÃOS, ENTIDADES E FUNDOS MUNICIPAIS                                                         ;2723;APOIO ADMINISTRATIVO ÀS AÇÕES DA UNIDADE ORÇAMENTÁRIA                                                                                                                                                   ;0500;RECURSOS NÃO VINCULADOS DE IMPOSTOS                    ;0.0;6410000.0;1319618.71;1371751.61;2579383.13
2026;4;18  ;GESTÃO AMBIENTAL                                       ;122 ;ADMINISTRAÇÃO GERAL                                                                                                     ;2161;GESTÃO ADMINISTRATIVA DOS ÓRGÃOS, ENTIDADES E FUNDOS MUNICIPAIS                                                         ;2723;APOIO ADMINISTRATIVO ÀS AÇÕES DA UNIDADE ORÇAMENTÁRIA                                                                                                                                                   ;0753;RECURSOS PROVENIENTES DE TAXAS E CONTRIBUIÇÕES         ;0.0;0.0;102002.21;150815.9;150815.9
2026;4;15  ;URBANISMO                                              ;453 ;TRANSPORTES COLETIVOS URBANOS                                                                                           ;1304;MOBILIDADE URBANA E ACESSIBILIDADE                                                                                      ;2510;GERENCIAMENTO DO TRÂNSITO E DO TRANSPORTE PÚBLICO                                                                                                                                                       ;0752;RECURSOS VINCULADOS AO TRÂNSITO                        ;0.0;0.0;570418.18;6316121.11;3846533.01
2026;4;10  ;SAÚDE                                                  ;301 ;ATENÇÃO BÁSICA                                                                                                          ;2107;GESTÃO DAS POLÍTICAS MUNICIPAIS DE SAÚDE                                                                                ;2074;COORDENAÇÃO, SUPERVISÃO E EXECUÇÃO DAS POLÍTICAS DE SAÚDE NA ATENÇÃO BÁSICA                                                                                                                             ;0501;OUTROS RECURSOS NÃO VINCULADOS                         ;0.0;10594556.21;0.0;0.0;0.0
2026;4;10  ;SAÚDE                                                  ;301 ;ATENÇÃO BÁSICA                                                                                                          ;1233;MELHORIA DO ACESSO À ASSISTÊNCIA FARMACÊUTICA                                                                           ;2322;MANUTENÇÃO DO ADEQUADO SUPRIMENTO DA REDE EM ASSISTÊNCIA FARMACÊUTICA NA ATENÇÃO BÁSICA                                                                                                                 ;0600;TRANSF. FUNDO A FUNDO SUS GOV. FED. - BL. MANUTENÇÃO SE;0.0;280622.5;272479.2;2041926.81;2090459.73
2026;4;04  ;ADMINISTRAÇÃO                                          ;124 ;CONTROLE INTERNO                                                                                                        ;2164;FORTALECIMENTO DO SISTEMA DE CONTROLE INTERNO                                                                           ;2015;GESTÃO E APERFEIÇOAMENTO DO CONTROLE INTERNO DA ADMINISTRAÇÃO MUNICIPAL                                                                                                                                 ;0544;RECURSOS DE PRECATÓRIOS DO FUNDEF                      ;0.0;107104.82;0.0;0.0;0.0
2026;4;14  ;DIREITOS DA CIDADANIA                                  ;122 ;ADMINISTRAÇÃO GERAL                                                                                                     ;2161;GESTÃO ADMINISTRATIVA DOS ÓRGÃOS, ENTIDADES E FUNDOS MUNICIPAIS                                                         ;2723;APOIO ADMINISTRATIVO ÀS AÇÕES DA UNIDADE ORÇAMENTÁRIA                                                                                                                                                   ;0500;RECURSOS NÃO VINCULADOS DE IMPOSTOS                    ;0.0;0.0;-254459.35;546420.0;563594.81
2026;4;15  ;URBANISMO                                              ;451 ;INFRA-ESTRUTURA URBANA                                                                                                  ;1310;REQUALIFICAÇÃO, AMPLIAÇÃO E REORDENAMENTO DOS ESPAÇOS PÚBLICOS                                                          ;1603;CONSTRUÇÃO E REQUALIFICAÇÃO DE ESPAÇOS DE INTERESSE PÚBLICO                                                                                                                                             ;0754;RECURSOS DE OPERAÇÕES DE CRÉDITO                       ;0.0;7138990.41;15360383.85;7135438.59;7362998.42
2026;4;04  ;ADMINISTRAÇÃO                                          ;122 ;ADMINISTRAÇÃO GERAL                                                                                                     ;2160;GESTÃO DAS POLÍTICAS MUNICIPAIS                                                                                         ;2064;ASSESSORAMENTO GOVERNAMENTAL                                                                                                                                                                            ;0500;RECURSOS NÃO VINCULADOS DE IMPOSTOS                    ;0.0;0.0;0.0;0.0;209013.28
2026;4;15  ;URBANISMO                                              ;452 ;SERVIÇOS URBANOS                                                                                                        ;1323;MANUTENÇÃO URBANA                                                                                                       ;2509;LIMPEZA URBANA                                                                                                                                                                                          ;0501;OUTROS RECURSOS NÃO VINCULADOS                         ;0.0;0.0;0.0;509155.07;565843.98
2026;4;15  ;URBANISMO                                              ;452 ;SERVIÇOS URBANOS                                                                                                        ;1323;MANUTENÇÃO URBANA                                                                                                       ;2541;MANUTENÇÃO DO SISTEMA VIÁRIO                                                                                                                                                                            ;0706;TRANSFERÊNCIA ESPECIAL DA UNIÃO                        ;0.0;388364.22;388364.22;327184.71;0.0
2026;4;14  ;DIREITOS DA CIDADANIA                                  ;422 ;DIREITOS INDIVIDUAIS, COLETIVOS E DIFUSOS                                                                               ;1252;PROMOÇÃO DOS DIREITOS HUMANOS, CIDADANIA E IGUALDADE ÉTNICO-RACIAL                                                      ;2073;DESENVOLVIMENTO DE AÇÕES DE APOIO ÀS MULHERES EM SITUAÇÃO DE VIOLÊNCIA                                                                                                                                  ;0500;RECURSOS NÃO VINCULADOS DE IMPOSTOS                    ;0.0;0.0;70671.79;45219.65;45219.65
2026;4;10  ;SAÚDE                                                  ;304 ;VIGILÂNCIA SANITÁRIA                                                                                                    ;1217;FORTALECIMENTO DAS AÇÕES DE VIGILÂNCIA EM SAÚDE                                                                         ;2725;FORTALECIMENTO DAS AÇÕES DA VIGILÂNCIA SANITÁRIA                                                                                                                                                        ;0500;RECURSOS NÃO VINCULADOS DE IMPOSTOS                    ;0.0;-23408.74;0.0;5704.4;54709.06
2026;4;04  ;ADMINISTRAÇÃO                                          ;122 ;ADMINISTRAÇÃO GERAL                                                                                                     ;2122;GESTÃO PÚBLICA DE EXCELÊNCIA                                                                                            ;1095;MODERNIZAÇÃO ADMINISTRATIVA E TRANSFORMAÇÃO DIGITAL                                                                                                                                                     ;0799;OUTRAS VINCULAÇÕES LEGAIS                              ;0.0;300000.0;0.0;0.0;0.0
2026;4;08  ;ASSISTÊNCIA SOCIAL                                     ;244 ;ASSISTÊNCIA COMUNITÁRIA                                                                                                 ;1204;FORTALECIMENTO DO SISTEMA ÚNICO DE ASSISTÊNCIA SOCIAL                                                                   ;2519;DESENVOLVIMENTO DAS AÇÕES DE PROTEÇÃO SOCIAL ESPECIAL                                                                                                                                                   ;0700;OUTRAS TRANSF. CONV. OU INSTRUM. CONGÊNERES - UNIÃO    ;0.0;-1272381.31;0.0;0.0;0.0
2026;4;17  ;SANEAMENTO                                             ;512 ;SANEAMENTO BÁSICO URBANO                                                                                                ;1323;MANUTENÇÃO URBANA                                                                                                       ;2543;MANUTENÇÃO E RETIFICAÇÃO DOS SISTEMAS DE MICRO E MACRO-DRENAGEM                                                                                                                                         ;0501;OUTROS RECURSOS NÃO VINCULADOS                         ;0.0;0.0;2757200.0;812307.57;1070516.22
2026;4;15  ;URBANISMO                                              ;846 ;OUTROS ENCARGOS ESPECIAIS                                                                                               ;3101;GESTÃO DOS ENCARGOS GERAIS DO MUNICÍPIO                                                                                 ;2701;ENCARGOS COM OBRIGAÇÕES TRIBUTÁRIAS E CONTRIBUTIVAS                                                                                                                                                     ;0501;OUTROS RECURSOS NÃO VINCULADOS                         ;0.0;0.0;1542.68;4326.68;4593.85
2026;4;15  ;URBANISMO                                              ;273 ;PREVIDÊNCIA COMPLEMENTAR                                                                                                ;3101;GESTÃO DOS ENCARGOS GERAIS DO MUNICÍPIO                                                                                 ;9022;ENCARGOS COM A PREVIDÊNCIA SOCIAL DOS SERVIDORES - REGIME GERAL                                                                                                                                         ;0500;RECURSOS NÃO VINCULADOS DE IMPOSTOS                    ;0.0;0.0;0.0;178424.43;184343.82
2026;4;15  ;URBANISMO                                              ;451 ;INFRA-ESTRUTURA URBANA                                                                                                  ;1313;REQUALIFICAÇÃO DE ÁREAS DE BAIXA RENDA                                                                                  ;1577;PROJETO CAPIBARIBE MELHOR                                                                                                                                                                               ;0700;OUTRAS TRANSF. CONV. OU INSTRUM. CONGÊNERES - UNIÃO    ;0.0;0.0;109523.89;729718.73;1569406.48
2026;4;10  ;SAÚDE                                                  ;305 ;VIGILÂNCIA EPIDEMIOLÓGICA                                                                                               ;2107;GESTÃO DAS POLÍTICAS MUNICIPAIS DE SAÚDE                                                                                ;2326;COORDENAÇÃO, SUPERVISÃO E EXECUÇÃO DAS POLÍTICAS DE SAÚDE NA VIGILÂNCIA EM SAÚDE                                                                                                                        ;0605;ASSIST. FINANCEIRA DA UNIÃO - COMPLEMENTAÇÃO PISOS SALA;0.0;0.0;3345.72;3345.72;3345.72
2026;4;04  ;ADMINISTRAÇÃO                                          ;122 ;ADMINISTRAÇÃO GERAL                                                                                                     ;2161;GESTÃO ADMINISTRATIVA DOS ÓRGÃOS, ENTIDADES E FUNDOS MUNICIPAIS                                                         ;2723;APOIO ADMINISTRATIVO ÀS AÇÕES DA UNIDADE ORÇAMENTÁRIA                                                                                                                                                   ;0500;RECURSOS NÃO VINCULADOS DE IMPOSTOS                    ;0.0;9453614.73;11580385.26;9733337.35;9528622.47
2026;4;13  ;CULTURA                                                ;392 ;DIFUSÃO CULTURAL                                                                                                        ;1211;VALORIZAÇÃO DA CULTURA                                                                                                  ;2311;OTIMIZAÇÃO E DEMOCRATIZAÇÃO DOS EQUIPAMENTOS CULTURAIS                                                                                                                                                  ;0501;OUTROS RECURSOS NÃO VINCULADOS                         ;0.0;0.0;1000000.0;0.0;0.0
2026;4;10  ;SAÚDE                                                  ;305 ;VIGILÂNCIA EPIDEMIOLÓGICA                                                                                               ;1217;FORTALECIMENTO DAS AÇÕES DE VIGILÂNCIA EM SAÚDE                                                                         ;2087;FORTALECIMENTO DAS AÇÕES DE VIGILÂNCIA EPIDEMIOLÓGICA PARA O CONTROLE DE DOENÇAS E AGRAVOS                                                                                                              ;0500;RECURSOS NÃO VINCULADOS DE IMPOSTOS                    ;0.0;-46247.21;42405.21;413.33;88195.76
2026;4;10  ;SAÚDE                                                  ;302 ;ASSISTÊNCIA HOSPITALAR E AMBULATORIAL                                                                                   ;1236;EXPANSÃO E MELHORIA NA INFRAESTRUTURA DE ATENDIMENTO EM SAÚDE                                                           ;1658;CONSTRUÇÃO, REFORMA, AMPLIAÇÃO E EQUIPAGEM DE UNIDADES DE SAÚDE NA MÉDIA E ALTA COMPLEXIDADE                                                                                                            ;0754;RECURSOS DE OPERAÇÕES DE CRÉDITO                       ;0.0;5731330.65;303382.54;251711.16;356416.18
2026;4;10  ;SAÚDE                                                  ;305 ;VIGILÂNCIA EPIDEMIOLÓGICA                                                                                               ;1217;FORTALECIMENTO DAS AÇÕES DE VIGILÂNCIA EM SAÚDE                                                                         ;2612;FORTALECIMENTO DAS AÇÕES DE VIGILÂNCIA AMBIENTAL PARA O CONTROLE DE DOENÇAS E AGRAVOS                                                                                                                   ;0501;OUTROS RECURSOS NÃO VINCULADOS                         ;0.0;-180000.0;0.0;0.0;0.0
2026;4;10  ;SAÚDE                                                  ;301 ;ATENÇÃO BÁSICA                                                                                                          ;2107;GESTÃO DAS POLÍTICAS MUNICIPAIS DE SAÚDE                                                                                ;2074;COORDENAÇÃO, SUPERVISÃO E EXECUÇÃO DAS POLÍTICAS DE SAÚDE NA ATENÇÃO BÁSICA                                                                                                                             ;0500;RECURSOS NÃO VINCULADOS DE IMPOSTOS                    ;0.0;-35245.91;-8507008.0;-8507008.0;3631958.8
2026;4;28  ;ENCARGOS ESPECIAIS                                     ;846 ;OUTROS ENCARGOS ESPECIAIS                                                                                               ;3101;GESTÃO DOS ENCARGOS GERAIS DO MUNICÍPIO                                                                                 ;9034;ENCARGOS COM PARCELAMENTO DO PIS/PASEP                                                                                                                                                                  ;0802;RECURSOS VINCULADOS RPPS - TAXA ADMINISTRAÇÃO          ;0.0;0.0;2288546.28;863411.28;863411.28
2026;4;12  ;EDUCAÇÃO                                               ;365 ;EDUCAÇÃO INFANTIL                                                                                                       ;1247;PROMOÇÃO E FORTALECIMENTO DA POLÍTICA DA PRIMEIRA INFÂNCIA                                                              ;1036;EXPANSÃO DA REDE FÍSICA DO ENSINO INFANTIL                                                                                                                                                              ;0762;RECURSOS DE ALIENAÇÃO DE ATIVOS - CESSÃO DE DIREITOS CR;0.0;0.0;0.0;0.0;0.0
2026;4;04  ;ADMINISTRAÇÃO                                          ;129 ;ADMINISTRAÇÃO DE RECEITAS                                                                                               ;2122;GESTÃO PÚBLICA DE EXCELÊNCIA                                                                                            ;1040;MODERNIZAÇÃO ADMINISTRATIVA E FISCAL DO MUNICÍPIO                                                                                                                                                       ;0754;RECURSOS DE OPERAÇÕES DE CRÉDITO                       ;0.0;0.0;0.0;0.0;0.0
2026;4;10  ;SAÚDE                                                  ;301 ;ATENÇÃO BÁSICA                                                                                                          ;2107;GESTÃO DAS POLÍTICAS MUNICIPAIS DE SAÚDE                                                                                ;2074;COORDENAÇÃO, SUPERVISÃO E EXECUÇÃO DAS POLÍTICAS DE SAÚDE NA ATENÇÃO BÁSICA                                                                                                                             ;0605;ASSIST. FINANCEIRA DA UNIÃO - COMPLEMENTAÇÃO PISOS SALA;0.0;324224.38;527571.24;527571.24;527571.24
2026;4;13  ;CULTURA                                                ;392 ;DIFUSÃO CULTURAL                                                                                                        ;1211;VALORIZAÇÃO DA CULTURA                                                                                                  ;2579;PROMOÇÃO DE EVENTOS E FESTIVIDADES CULTURAIS E TRADICIONAIS                                                                                                                                             ;0501;OUTROS RECURSOS NÃO VINCULADOS                         ;0.0;0.0;837720.24;287130.06;94250.0
2026;4;11  ;TRABALHO                                               ;363 ;ENSINO PROFISSIONAL                                                                                                     ;1320;PROMOÇÃO SOCIAL E PROFISSIONAL PARA GERAÇÃO DE TRABALHO E RENDA                                                         ;2992;QUALIFICAÇÃO SOCIAL PROFISSIONAL E DIFUSÃO DO EMPREENDEDORISMO PARA GERAÇÃO DE TRABALHO E RENDA                                                                                                         ;0500;RECURSOS NÃO VINCULADOS DE IMPOSTOS                    ;0.0;0.0;310194.46;907059.79;819886.55
2026;4;13  ;CULTURA                                                ;392 ;DIFUSÃO CULTURAL                                                                                                        ;1211;VALORIZAÇÃO DA CULTURA                                                                                                  ;2311;OTIMIZAÇÃO E DEMOCRATIZAÇÃO DOS EQUIPAMENTOS CULTURAIS                                                                                                                                                  ;0500;RECURSOS NÃO VINCULADOS DE IMPOSTOS                    ;0.0;178458.54;1178458.54;0.0;0.0
2026;4;15  ;URBANISMO                                              ;452 ;SERVIÇOS URBANOS                                                                                                        ;1323;MANUTENÇÃO URBANA                                                                                                       ;2541;MANUTENÇÃO DO SISTEMA VIÁRIO                                                                                                                                                                            ;0501;OUTROS RECURSOS NÃO VINCULADOS                         ;0.0;0.0;0.0;923814.74;920881.97
2026;4;23  ;COMÉRCIO E SERVIÇOS                                    ;695 ;TURISMO                                                                                                                 ;1213;PROMOÇÃO DO TURISMO NO RECIFE                                                                                           ;2193;PROMOÇÃO, ESTRUTURAÇÃO E FORTALECIMENTO TURÍSTICO DO DESTINO RECIFE                                                                                                                                     ;0500;RECURSOS NÃO VINCULADOS DE IMPOSTOS                    ;0.0;0.0;3558992.19;5918004.39;5912124.89
2026;4;15  ;URBANISMO                                              ;453 ;TRANSPORTES COLETIVOS URBANOS                                                                                           ;1304;MOBILIDADE URBANA E ACESSIBILIDADE                                                                                      ;2510;GERENCIAMENTO DO TRÂNSITO E DO TRANSPORTE PÚBLICO                                                                                                                                                       ;0501;OUTROS RECURSOS NÃO VINCULADOS                         ;0.0;0.0;0.0;0.0;0.0
2026;4;10  ;SAÚDE                                                  ;302 ;ASSISTÊNCIA HOSPITALAR E AMBULATORIAL                                                                                   ;1238;FORTALECIMENTO E QUALIFICAÇÃO DA ATENÇÃO À SAÚDE DE MÉDIA E ALTA COMPLEXIDADE                                           ;2883;GARANTIA DA OFERTA DE PROCEDIMENTOS ATRAVÉS DA REDE COMPLEMENTAR                                                                                                                                        ;0600;TRANSF. FUNDO A FUNDO SUS GOV. FED. - BL. MANUTENÇÃO SE;0.0;0.0;23028.3;13782090.99;14896988.62
2026;4;08  ;ASSISTÊNCIA SOCIAL                                     ;122 ;ADMINISTRAÇÃO GERAL                                                                                                     ;2161;GESTÃO ADMINISTRATIVA DOS ÓRGÃOS, ENTIDADES E FUNDOS MUNICIPAIS                                                         ;2723;APOIO ADMINISTRATIVO ÀS AÇÕES DA UNIDADE ORÇAMENTÁRIA                                                                                                                                                   ;0500;RECURSOS NÃO VINCULADOS DE IMPOSTOS                    ;0.0;-20000.0;705409.64;1057959.8;1174673.59
2026;4;17  ;SANEAMENTO                                             ;512 ;SANEAMENTO BÁSICO URBANO                                                                                                ;1220;PROMOÇÃO DE POLÍTICAS DE SANEAMENTO                                                                                     ;1252;SANEAMENTO INTEGRADO                                                                                                                                                                                    ;0700;OUTRAS TRANSF. CONV. OU INSTRUM. CONGÊNERES - UNIÃO    ;0.0;-1671397.62;0.0;0.0;0.0
2026;4;15  ;URBANISMO                                              ;122 ;ADMINISTRAÇÃO GERAL                                                                                                     ;2161;GESTÃO ADMINISTRATIVA DOS ÓRGÃOS, ENTIDADES E FUNDOS MUNICIPAIS                                                         ;1035;EXPANSÃO E MELHORIA DA INFRAESTRUTURA DA CTTU                                                                                                                                                           ;0501;OUTROS RECURSOS NÃO VINCULADOS                         ;0.0;30823.2;0.0;0.0;0.0
2026;4;14  ;DIREITOS DA CIDADANIA                                  ;422 ;DIREITOS INDIVIDUAIS, COLETIVOS E DIFUSOS                                                                               ;2160;GESTÃO DAS POLÍTICAS MUNICIPAIS                                                                                         ;2251;COORDENAÇÃO, SUPERVISÃO E EXECUÇÃO DAS POLÍTICAS DE CIDADANIA E CULTURA DE PAZ                                                                                                                          ;0500;RECURSOS NÃO VINCULADOS DE IMPOSTOS                    ;0.0;0.0;0.0;0.0;52522.23
2026;4;04  ;ADMINISTRAÇÃO                                          ;122 ;ADMINISTRAÇÃO GERAL                                                                                                     ;2160;GESTÃO DAS POLÍTICAS MUNICIPAIS                                                                                         ;2055;PLANEJAMENTO DA AÇÃO GOVERNAMENTAL                                                                                                                                                                      ;0500;RECURSOS NÃO VINCULADOS DE IMPOSTOS                    ;0.0;0.0;203731.14;0.0;0.0
2026;4;10  ;SAÚDE                                                  ;305 ;VIGILÂNCIA EPIDEMIOLÓGICA                                                                                               ;1217;FORTALECIMENTO DAS AÇÕES DE VIGILÂNCIA EM SAÚDE                                                                         ;2612;FORTALECIMENTO DAS AÇÕES DE VIGILÂNCIA AMBIENTAL PARA O CONTROLE DE DOENÇAS E AGRAVOS                                                                                                                   ;0500;RECURSOS NÃO VINCULADOS DE IMPOSTOS                    ;0.0;83699.08;19651.12;0.0;204562.02
2026;4;19  ;CIÊNCIA E TECNOLOGIA                                   ;573 ;DIFUSÃO DO CONHECIMENTO CIENTÍFICO E TECNOLÓGICO                                                                        ;1315;APOIO À INOVAÇÃO E DIFUSÃO DO CONHECIMENTO CIENTÍFICO E TECNOLÓGICO                                                     ;2049;DESENVOLVIMENTO DE INSTRUMENTOS DE APOIO À INOVAÇÃO E À DIFUSÃO DO CONHECIMENTO CIENTÍFICO E TECNOLÓGICO                                                                                                ;0500;RECURSOS NÃO VINCULADOS DE IMPOSTOS                    ;0.0;-974793.61;440999.0;239270.79;261170.14
2026;4;15  ;URBANISMO                                              ;452 ;SERVIÇOS URBANOS                                                                                                        ;1323;MANUTENÇÃO URBANA                                                                                                       ;2539;MANUTENÇÃO E CONSERVAÇÃO DE ÁREAS VERDES                                                                                                                                                                ;0501;OUTROS RECURSOS NÃO VINCULADOS                         ;0.0;0.0;-4860.0;1564308.87;1572131.45
2026;4;10  ;SAÚDE                                                  ;846 ;OUTROS ENCARGOS ESPECIAIS                                                                                               ;3104;ATENDIMENTO DE SAÚDE AOS SERVIDORES BENEFICIÁRIOS DO SAÚDE RECIFE                                                       ;2084;OFERTA DE SERVIÇOS DE SAÚDE AOS BENEFICIÁRIOS DO SAÚDE RECIFE                                                                                                                                           ;0799;OUTRAS VINCULAÇÕES LEGAIS                              ;0.0;0.0;3338132.56;3187062.77;3184176.38
2026;4;15  ;URBANISMO                                              ;451 ;INFRA-ESTRUTURA URBANA                                                                                                  ;2160;GESTÃO DAS POLÍTICAS MUNICIPAIS                                                                                         ;2191;COORDENAÇÃO, SUPERVISÃO E EXECUÇÃO DAS POLÍTICAS DE INFRAESTRUTURA                                                                                                                                      ;0700;OUTRAS TRANSF. CONV. OU INSTRUM. CONGÊNERES - UNIÃO    ;0.0;0.0;17174.27;17174.27;17174.27
2026;4;10  ;SAÚDE                                                  ;122 ;ADMINISTRAÇÃO GERAL                                                                                                     ;2165;GESTÃO ADMINISTRATIVA DO SISTEMA MUNICIPAL DE SAÚDE                                                                     ;2617;APOIO ADMINISTRATIVO ÀS AÇÕES DO FUNDO MUNICIPAL DE SAÚDE                                                                                                                                               ;0500;RECURSOS NÃO VINCULADOS DE IMPOSTOS                    ;0.0;6247702.65;5477859.51;7519794.79;9140486.51
2026;4;09  ;PREVIDÊNCIA SOCIAL                                     ;272 ;PREVIDÊNCIA DO REGIME ESTATUTÁRIO                                                                                       ;3101;GESTÃO DOS ENCARGOS GERAIS DO MUNICÍPIO                                                                                 ;9008;ENCARGOS COM INATIVOS E PENSIONISTAS DA FCCR - REGIME PRÓPRIO DO MUNICÍPIO                                                                                                                              ;0500;RECURSOS NÃO VINCULADOS DE IMPOSTOS                    ;0.0;0.0;13154.86;13154.86;0.0
2026;4;04  ;ADMINISTRAÇÃO                                          ;331 ;PROTEÇÃO E BENEFÍCIOS AO TRABALHADOR                                                                                    ;3101;GESTÃO DOS ENCARGOS GERAIS DO MUNICÍPIO                                                                                 ;2153;ENCARGOS COM BENEFÍCIOS AOS SERVIDORES                                                                                                                                                                  ;0500;RECURSOS NÃO VINCULADOS DE IMPOSTOS                    ;0.0;9748004.0;12671601.57;3130122.08;3126336.17
2026;4;08  ;ASSISTÊNCIA SOCIAL                                     ;244 ;ASSISTÊNCIA COMUNITÁRIA                                                                                                 ;1204;FORTALECIMENTO DO SISTEMA ÚNICO DE ASSISTÊNCIA SOCIAL                                                                   ;2518;DESENVOLVIMENTO DAS AÇÕES DE PROTEÇÃO SOCIAL BÁSICA                                                                                                                                                     ;0754;RECURSOS DE OPERAÇÕES DE CRÉDITO                       ;0.0;473385.0;270431.0;0.0;0.0
2026;4;28  ;ENCARGOS ESPECIAIS                                     ;846 ;OUTROS ENCARGOS ESPECIAIS                                                                                               ;3101;GESTÃO DOS ENCARGOS GERAIS DO MUNICÍPIO                                                                                 ;9004;COMPROMISSOS DECORRENTES DE SENTENÇAS JUDICIAIS                                                                                                                                                         ;0757;REC. DEP. JUDICIAIS-LIDES DAS QUAIS O ENTE FAZ PARTE   ;0.0;0.0;357342.64;348239.53;335203.13
2026;4;27  ;DESPORTO E LAZER                                       ;812 ;DESPORTO COMUNITÁRIO                                                                                                    ;1226;PROMOÇÃO DE POLÍTICAS DE INCENTIVO AO ESPORTE E PRÁTICA DE EXERCÍCIO FÍSICO PARA PROMOÇÃO DA SAÚDE                      ;2281;MELHORIA E AMPLIAÇÃO DA REDE FÍSICA DE ESPORTE E REDE DE EXERCÍCIO FÍSICO NA SAÚDE                                                                                                                      ;0700;OUTRAS TRANSF. CONV. OU INSTRUM. CONGÊNERES - UNIÃO    ;0.0;5923097.06;4301151.63;717435.19;417493.34
2026;4;23  ;COMÉRCIO E SERVIÇOS                                    ;691 ;PROMOÇÃO COMERCIAL                                                                                                      ;1310;REQUALIFICAÇÃO, AMPLIAÇÃO E REORDENAMENTO DOS ESPAÇOS PÚBLICOS                                                          ;2548;GERENCIAMENTO DOS MERCADOS, FEIRAS E OUTROS ESPAÇOS PÚBLICOS                                                                                                                                            ;0500;RECURSOS NÃO VINCULADOS DE IMPOSTOS                    ;0.0;-702000.0;0.0;0.0;0.0
2026;4;04  ;ADMINISTRAÇÃO                                          ;122 ;ADMINISTRAÇÃO GERAL                                                                                                     ;2161;GESTÃO ADMINISTRATIVA DOS ÓRGÃOS, ENTIDADES E FUNDOS MUNICIPAIS                                                         ;2723;APOIO ADMINISTRATIVO ÀS AÇÕES DA UNIDADE ORÇAMENTÁRIA                                                                                                                                                   ;0703;OUTRAS TRANSF. CONV. OU INSTRUM. CONGÊNERES - OUTRAS EN;0.0;0.0;0.0;6243.33;6243.33
2026;4;04  ;ADMINISTRAÇÃO                                          ;122 ;ADMINISTRAÇÃO GERAL                                                                                                     ;2160;GESTÃO DAS POLÍTICAS MUNICIPAIS                                                                                         ;2064;ASSESSORAMENTO GOVERNAMENTAL                                                                                                                                                                            ;0544;RECURSOS DE PRECATÓRIOS DO FUNDEF                      ;0.0;8661.3;0.0;0.0;0.0
2026;4;15  ;URBANISMO                                              ;452 ;SERVIÇOS URBANOS                                                                                                        ;1323;MANUTENÇÃO URBANA                                                                                                       ;2509;LIMPEZA URBANA                                                                                                                                                                                          ;0500;RECURSOS NÃO VINCULADOS DE IMPOSTOS                    ;0.0;4137958.0;3940498.97;10646920.22;11258132.99
2026;4;12  ;EDUCAÇÃO                                               ;306 ;ALIMENTAÇÃO E NUTRIÇÃO                                                                                                  ;1207;SUPORTE E APOIO EFETIVOS PARA UMA EDUCAÇÃO DE QUALIDADE                                                                 ;2127;ALIMENTAÇÃO ESCOLAR                                                                                                                                                                                     ;0550;TRANSFERÊNCIA DO SALÁRIO-EDUCAÇÃO                      ;0.0;0.0;3711127.83;4499390.22;4445397.62
2026;4;27  ;DESPORTO E LAZER                                       ;812 ;DESPORTO COMUNITÁRIO                                                                                                    ;2160;GESTÃO DAS POLÍTICAS MUNICIPAIS                                                                                         ;2028;COORDENAÇÃO, SUPERVISÃO E EXECUÇÃO DA POLÍTICA DE ESPORTES                                                                                                                                              ;0500;RECURSOS NÃO VINCULADOS DE IMPOSTOS                    ;0.0;0.0;0.0;0.0;57349.28
2026;4;08  ;ASSISTÊNCIA SOCIAL                                     ;244 ;ASSISTÊNCIA COMUNITÁRIA                                                                                                 ;1204;FORTALECIMENTO DO SISTEMA ÚNICO DE ASSISTÊNCIA SOCIAL                                                                   ;2518;DESENVOLVIMENTO DAS AÇÕES DE PROTEÇÃO SOCIAL BÁSICA                                                                                                                                                     ;0660;TRANSFERÊNCIA DE RECURSOS DO FNAS                      ;0.0;0.0;584435.27;251666.15;97330.09
2026;4;04  ;ADMINISTRAÇÃO                                          ;126 ;TECNOLOGIA DA INFORMAÇÃO                                                                                                ;2123;MELHORIA DA QUALIDADE DOS SERVIÇOS DE TIC E TRANSFORMAÇÃO DIGITAL DOS SERVIÇOS E PROCESSOS DA PCR                       ;2520;MELHORIA E MANUTENÇÃO DOS SISTEMAS DE TECNOLOGIA DA INFORMAÇÃO E COMUNICAÇÃO                                                                                                                            ;0500;RECURSOS NÃO VINCULADOS DE IMPOSTOS                    ;0.0;-4100000.0;3282822.14;3517471.45;3485085.2
2026;4;23  ;COMÉRCIO E SERVIÇOS                                    ;691 ;PROMOÇÃO COMERCIAL                                                                                                      ;1310;REQUALIFICAÇÃO, AMPLIAÇÃO E REORDENAMENTO DOS ESPAÇOS PÚBLICOS                                                          ;1587;CONSTRUÇÃO E RECUPERAÇÃO DE MERCADOS, FEIRAS, ESPAÇOS PARA O COMÉRCIO POPULAR E OUTROS ESPAÇOS PÚBLICOS                                                                                                 ;0500;RECURSOS NÃO VINCULADOS DE IMPOSTOS                    ;0.0;-2788000.0;0.0;395280.0;395280.0
2026;4;12  ;EDUCAÇÃO                                               ;366 ;EDUCAÇÃO DE JOVENS E ADULTOS                                                                                            ;1206;ORGANIZAÇÃO EFICAZ DO ENSINO E DA APRENDIZAGEM                                                                          ;2183;REALIZAÇÃO DE POLÍTICAS DE INCENTIVO À FORMAÇÃO DE JOVENS PARA A CIDADANIA E O TRABALHO                                                                                                                 ;0500;RECURSOS NÃO VINCULADOS DE IMPOSTOS                    ;0.0;0.0;0.0;41653.08;250870.57
2026;4;04  ;ADMINISTRAÇÃO                                          ;272 ;PREVIDÊNCIA DO REGIME ESTATUTÁRIO                                                                                       ;3101;GESTÃO DOS ENCARGOS GERAIS DO MUNICÍPIO                                                                                 ;9021;ENCARGOS COM A PREVIDÊNCIA SOCIAL DOS SERVIDORES - REGIME PRÓPRIO                                                                                                                                       ;0762;RECURSOS DE ALIENAÇÃO DE ATIVOS - CESSÃO DE DIREITOS CR;0.0;0.0;0.0;14287749.8;18310923.74
2026;4;15  ;URBANISMO                                              ;122 ;ADMINISTRAÇÃO GERAL                                                                                                     ;2161;GESTÃO ADMINISTRATIVA DOS ÓRGÃOS, ENTIDADES E FUNDOS MUNICIPAIS                                                         ;2723;APOIO ADMINISTRATIVO ÀS AÇÕES DA UNIDADE ORÇAMENTÁRIA                                                                                                                                                   ;0500;RECURSOS NÃO VINCULADOS DE IMPOSTOS                    ;0.0;1676791.19;8423709.89;9034211.2;4300551.1
2026;4;14  ;DIREITOS DA CIDADANIA                                  ;422 ;DIREITOS INDIVIDUAIS, COLETIVOS E DIFUSOS                                                                               ;1235;DESENVOLVIMENTO DE POLÍTICAS PARA PROMOÇÃO DA IGUALDADE DE GÊNERO                                                       ;2070;FORTALECIMENTO DA PARTICIPAÇÃO POLÍTICA E DOS DIREITOS DAS MULHERES                                                                                                                                     ;0500;RECURSOS NÃO VINCULADOS DE IMPOSTOS                    ;0.0;0.0;0.0;10729.27;10729.27
2026;4;09  ;PREVIDÊNCIA SOCIAL                                     ;273 ;PREVIDÊNCIA COMPLEMENTAR                                                                                                ;3101;GESTÃO DOS ENCARGOS GERAIS DO MUNICÍPIO                                                                                 ;9022;ENCARGOS COM A PREVIDÊNCIA SOCIAL DOS SERVIDORES - REGIME GERAL                                                                                                                                         ;0802;RECURSOS VINCULADOS RPPS - TAXA ADMINISTRAÇÃO          ;0.0;0.0;0.0;23489.4;23489.4
2026;4;14  ;DIREITOS DA CIDADANIA                                  ;422 ;DIREITOS INDIVIDUAIS, COLETIVOS E DIFUSOS                                                                               ;1252;PROMOÇÃO DOS DIREITOS HUMANOS, CIDADANIA E IGUALDADE ÉTNICO-RACIAL                                                      ;2093;ESTRUTURAÇÃO E MANUTENÇÃO DOS CENTROS COMUNITÁRIOS DA PAZ - COMPAZ                                                                                                                                      ;0703;OUTRAS TRANSF. CONV. OU INSTRUM. CONGÊNERES - OUTRAS EN;0.0;0.0;34895.5;30000.0;30000.0
2026;4;04  ;ADMINISTRAÇÃO                                          ;129 ;ADMINISTRAÇÃO DE RECEITAS                                                                                               ;2122;GESTÃO PÚBLICA DE EXCELÊNCIA                                                                                            ;1040;MODERNIZAÇÃO ADMINISTRATIVA E FISCAL DO MUNICÍPIO                                                                                                                                                       ;0500;RECURSOS NÃO VINCULADOS DE IMPOSTOS                    ;0.0;0.0;0.0;0.0;0.0
2026;4;15  ;URBANISMO                                              ;451 ;INFRA-ESTRUTURA URBANA                                                                                                  ;1310;REQUALIFICAÇÃO, AMPLIAÇÃO E REORDENAMENTO DOS ESPAÇOS PÚBLICOS                                                          ;1028;AMPLIAÇÃO E MELHORIA DA INFRAESTRUTURA URBANA                                                                                                                                                           ;0754;RECURSOS DE OPERAÇÕES DE CRÉDITO                       ;0.0;0.0;0.0;251095.14;558591.13
2026;4;12  ;EDUCAÇÃO                                               ;365 ;EDUCAÇÃO INFANTIL                                                                                                       ;1247;PROMOÇÃO E FORTALECIMENTO DA POLÍTICA DA PRIMEIRA INFÂNCIA                                                              ;2179;AMPLIAÇÃO E DESENVOLVIMENTO DA EDUCAÇÃO INFANTIL                                                                                                                                                        ;0544;RECURSOS DE PRECATÓRIOS DO FUNDEF                      ;0.0;2073178.97;0.0;0.0;0.0
2026;4;15  ;URBANISMO                                              ;453 ;TRANSPORTES COLETIVOS URBANOS                                                                                           ;1304;MOBILIDADE URBANA E ACESSIBILIDADE                                                                                      ;2510;GERENCIAMENTO DO TRÂNSITO E DO TRANSPORTE PÚBLICO                                                                                                                                                       ;0500;RECURSOS NÃO VINCULADOS DE IMPOSTOS                    ;0.0;0.0;296329.97;342567.2;1353295.89
2026;4;15  ;URBANISMO                                              ;451 ;INFRA-ESTRUTURA URBANA                                                                                                  ;1323;MANUTENÇÃO URBANA                                                                                                       ;2566;REQUALIFICAÇÃO DE ESPAÇOS DE INTERESSE PÚBLICO                                                                                                                                                          ;0500;RECURSOS NÃO VINCULADOS DE IMPOSTOS                    ;0.0;0.0;6030.5;159180.35;150541.0
2026;4;15  ;URBANISMO                                              ;451 ;INFRA-ESTRUTURA URBANA                                                                                                  ;1304;MOBILIDADE URBANA E ACESSIBILIDADE                                                                                      ;1563;CONSOLIDAÇÃO E MELHORAMENTO DO SISTEMA VIÁRIO                                                                                                                                                           ;0500;RECURSOS NÃO VINCULADOS DE IMPOSTOS                    ;0.0;0.0;23606.42;21538.99;28630.26
2026;4;10  ;SAÚDE                                                  ;125 ;NORMATIZAÇÃO E FISCALIZAÇÃO                                                                                             ;1239;MELHORIA DA GESTÃO DO SISTEMA DE SAÚDE                                                                                  ;2886;IMPLEMENTAÇÃO E FORTALECIMENTO DO CONTROLE SOCIAL NA GESTÃO DAS POLÍTICAS DE SAÚDE DO MUNICÍPIO                                                                                                         ;0500;RECURSOS NÃO VINCULADOS DE IMPOSTOS                    ;0.0;-20.0;12467.16;82580.54;74932.99
2026;4;13  ;CULTURA                                                ;272 ;PREVIDÊNCIA DO REGIME ESTATUTÁRIO                                                                                       ;3101;GESTÃO DOS ENCARGOS GERAIS DO MUNICÍPIO                                                                                 ;9021;ENCARGOS COM A PREVIDÊNCIA SOCIAL DOS SERVIDORES - REGIME PRÓPRIO                                                                                                                                       ;0500;RECURSOS NÃO VINCULADOS DE IMPOSTOS                    ;0.0;0.0;0.0;85074.9;85074.9
2026;4;15  ;URBANISMO                                              ;451 ;INFRA-ESTRUTURA URBANA                                                                                                  ;1313;REQUALIFICAÇÃO DE ÁREAS DE BAIXA RENDA                                                                                  ;1577;PROJETO CAPIBARIBE MELHOR                                                                                                                                                                               ;0500;RECURSOS NÃO VINCULADOS DE IMPOSTOS                    ;0.0;-334237.96;0.0;0.0;0.0
2026;4;12  ;EDUCAÇÃO                                               ;361 ;ENSINO FUNDAMENTAL                                                                                                      ;2110;GESTÃO DAS POLÍTICAS MUNICIPAIS DE EDUCAÇÃO                                                                             ;2035;COORDENAÇÃO, SUPERVISÃO E EXECUÇÃO DAS POLÍTICAS DE EDUCAÇÃO                                                                                                                                            ;0544;RECURSOS DE PRECATÓRIOS DO FUNDEF                      ;0.0;83485740.55;49988496.07;49988496.07;44611995.84
2026;4;12  ;EDUCAÇÃO                                               ;365 ;EDUCAÇÃO INFANTIL                                                                                                       ;1247;PROMOÇÃO E FORTALECIMENTO DA POLÍTICA DA PRIMEIRA INFÂNCIA                                                              ;2179;AMPLIAÇÃO E DESENVOLVIMENTO DA EDUCAÇÃO INFANTIL                                                                                                                                                        ;0546;TRANSFERÊNCIAS DO FUNDEB - COMPLEMENTAÇÃO DA UNIÃO - ET;0.0;0.0;0.0;125559.35;261911.5
2026;4;08  ;ASSISTÊNCIA SOCIAL                                     ;244 ;ASSISTÊNCIA COMUNITÁRIA                                                                                                 ;1241;PROMOÇÃO DAS POLÍTICAS DE PREVENÇÃO, TRATAMENTO E REINSERÇÃO SOCIAL AOS USUÁRIOS E DEPENDENTES DE DROGAS                ;2265;IMPLEMENTAÇÃO DE POLÍTICAS DE PREVENÇÃO, TRATAMENTO E REINSERÇÃO SOCIAL DE USUÁRIOS E DEPENDENTES DE DROGAS                                                                                             ;0500;RECURSOS NÃO VINCULADOS DE IMPOSTOS                    ;0.0;3225234.09;575597.33;205709.48;133080.06
2026;4;10  ;SAÚDE                                                  ;302 ;ASSISTÊNCIA HOSPITALAR E AMBULATORIAL                                                                                   ;1238;FORTALECIMENTO E QUALIFICAÇÃO DA ATENÇÃO À SAÚDE DE MÉDIA E ALTA COMPLEXIDADE                                           ;2883;GARANTIA DA OFERTA DE PROCEDIMENTOS ATRAVÉS DA REDE COMPLEMENTAR                                                                                                                                        ;0501;OUTROS RECURSOS NÃO VINCULADOS                         ;0.0;-14414.74;0.0;0.0;23223.13
2026;4;10  ;SAÚDE                                                  ;305 ;VIGILÂNCIA EPIDEMIOLÓGICA                                                                                               ;1217;FORTALECIMENTO DAS AÇÕES DE VIGILÂNCIA EM SAÚDE                                                                         ;2088;DESENVOLVIMENTO DA POLÍTICA DE VIGILÂNCIA EM SAÚDE DO TRABALHADOR (RENAST)                                                                                                                              ;0501;OUTROS RECURSOS NÃO VINCULADOS                         ;0.0;-17722.77;0.0;0.0;0.0
2026;4;08  ;ASSISTÊNCIA SOCIAL                                     ;422 ;DIREITOS INDIVIDUAIS, COLETIVOS E DIFUSOS                                                                               ;2160;GESTÃO DAS POLÍTICAS MUNICIPAIS                                                                                         ;2057;COORDENAÇÃO, SUPERVISÃO E EXECUÇÃO DAS POLÍTICAS DE DIRETOS HUMANOS E JUVENTUDE                                                                                                                         ;0500;RECURSOS NÃO VINCULADOS DE IMPOSTOS                    ;0.0;0.0;164155.29;42195.29;50952.89
2026;4;28  ;ENCARGOS ESPECIAIS                                     ;843 ;SERVIÇO DA DÍVIDA INTERNA                                                                                               ;3101;GESTÃO DOS ENCARGOS GERAIS DO MUNICÍPIO                                                                                 ;9001;ENCARGOS DA DÍVIDA PÚBLICA INTERNA                                                                                                                                                                      ;0500;RECURSOS NÃO VINCULADOS DE IMPOSTOS                    ;0.0;0.0;44369473.7;44369473.7;59107411.49
2026;4;17  ;SANEAMENTO                                             ;512 ;SANEAMENTO BÁSICO URBANO                                                                                                ;1220;PROMOÇÃO DE POLÍTICAS DE SANEAMENTO                                                                                     ;1579;URBANIZAÇÃO DA BACIA DO BEBERIBE                                                                                                                                                                        ;0700;OUTRAS TRANSF. CONV. OU INSTRUM. CONGÊNERES - UNIÃO    ;0.0;0.0;262897.21;1243552.01;1243552.01
2026;4;09  ;PREVIDÊNCIA SOCIAL                                     ;272 ;PREVIDÊNCIA DO REGIME ESTATUTÁRIO                                                                                       ;3101;GESTÃO DOS ENCARGOS GERAIS DO MUNICÍPIO                                                                                 ;9008;ENCARGOS COM INATIVOS E PENSIONISTAS DA FCCR - REGIME PRÓPRIO DO MUNICÍPIO                                                                                                                              ;0801;RECURSOS VINC. AO RPPS - FUNDO REP. (PLANO FINANC.)    ;0.0;0.0;368920.55;368920.55;302753.07
2026;4;04  ;ADMINISTRAÇÃO                                          ;331 ;PROTEÇÃO E BENEFÍCIOS AO TRABALHADOR                                                                                    ;3101;GESTÃO DOS ENCARGOS GERAIS DO MUNICÍPIO                                                                                 ;2153;ENCARGOS COM BENEFÍCIOS AOS SERVIDORES                                                                                                                                                                  ;0501;OUTROS RECURSOS NÃO VINCULADOS                         ;0.0;0.0;0.0;0.0;8196.46
2026;4;04  ;ADMINISTRAÇÃO                                          ;846 ;OUTROS ENCARGOS ESPECIAIS                                                                                               ;3101;GESTÃO DOS ENCARGOS GERAIS DO MUNICÍPIO                                                                                 ;2701;ENCARGOS COM OBRIGAÇÕES TRIBUTÁRIAS E CONTRIBUTIVAS                                                                                                                                                     ;0501;OUTROS RECURSOS NÃO VINCULADOS                         ;0.0;604000.0;581108.74;581108.74;581108.74
2026;4;10  ;SAÚDE                                                  ;128 ;FORMAÇÃO DE RECURSOS HUMANOS                                                                                            ;1239;MELHORIA DA GESTÃO DO SISTEMA DE SAÚDE                                                                                  ;2092;IMPLANTAÇÃO E IMPLEMENTAÇÃO DA REDE SUS ESCOLA                                                                                                                                                          ;0500;RECURSOS NÃO VINCULADOS DE IMPOSTOS                    ;0.0;-10000.0;0.0;0.0;0.0
2026;4;15  ;URBANISMO                                              ;451 ;INFRA-ESTRUTURA URBANA                                                                                                  ;2160;GESTÃO DAS POLÍTICAS MUNICIPAIS                                                                                         ;2023;COORDENAÇÃO, SUPERVISÃO E EXECUÇÃO DO DESENVOLVIMENTO URBANO E DO LICENCIAMENTO                                                                                                                         ;0500;RECURSOS NÃO VINCULADOS DE IMPOSTOS                    ;0.0;0.0;0.0;0.0;883426.27
2026;4;15  ;URBANISMO                                              ;331 ;PROTEÇÃO E BENEFÍCIOS AO TRABALHADOR                                                                                    ;3101;GESTÃO DOS ENCARGOS GERAIS DO MUNICÍPIO                                                                                 ;2153;ENCARGOS COM BENEFÍCIOS AOS SERVIDORES                                                                                                                                                                  ;0753;RECURSOS PROVENIENTES DE TAXAS E CONTRIBUIÇÕES         ;0.0;0.0;0.0;7515.25;63015.25
2026;4;15  ;URBANISMO                                              ;243 ;ASSISTÊNCIA À CRIANÇA E AO ADOLESCENTE                                                                                  ;1247;PROMOÇÃO E FORTALECIMENTO DA POLÍTICA DA PRIMEIRA INFÂNCIA                                                              ;2113;APOIO À PRIMEIRA INFÂNCIA                                                                                                                                                                               ;0754;RECURSOS DE OPERAÇÕES DE CRÉDITO                       ;0.0;7583957.6;4214837.76;4214837.76;4214837.76
2026;4;08  ;ASSISTÊNCIA SOCIAL                                     ;244 ;ASSISTÊNCIA COMUNITÁRIA                                                                                                 ;1204;FORTALECIMENTO DO SISTEMA ÚNICO DE ASSISTÊNCIA SOCIAL                                                                   ;2519;DESENVOLVIMENTO DAS AÇÕES DE PROTEÇÃO SOCIAL ESPECIAL                                                                                                                                                   ;0660;TRANSFERÊNCIA DE RECURSOS DO FNAS                      ;0.0;0.0;1722466.29;799935.38;396852.79
2026;4;10  ;SAÚDE                                                  ;304 ;VIGILÂNCIA SANITÁRIA                                                                                                    ;1217;FORTALECIMENTO DAS AÇÕES DE VIGILÂNCIA EM SAÚDE                                                                         ;2725;FORTALECIMENTO DAS AÇÕES DA VIGILÂNCIA SANITÁRIA                                                                                                                                                        ;0659;OUTROS RECURSOS VINCULADOS À SAÚDE                     ;0.0;0.0;2204181.23;414513.97;510604.39
2026;4;06  ;SEGURANÇA PÚBLICA                                      ;422 ;DIREITOS INDIVIDUAIS, COLETIVOS E DIFUSOS                                                                               ;1252;PROMOÇÃO DOS DIREITOS HUMANOS, CIDADANIA E IGUALDADE ÉTNICO-RACIAL                                                      ;2147;SEGURANÇA NOS LOCAIS PÚBLICOS SOB JURISDIÇÃO DA CIDADE DO RECIFE                                                                                                                                        ;0500;RECURSOS NÃO VINCULADOS DE IMPOSTOS                    ;0.0;0.0;-7464.4;381243.5;381243.5
2026;4;15  ;URBANISMO                                              ;451 ;INFRA-ESTRUTURA URBANA                                                                                                  ;1323;MANUTENÇÃO URBANA                                                                                                       ;2566;REQUALIFICAÇÃO DE ESPAÇOS DE INTERESSE PÚBLICO                                                                                                                                                          ;0754;RECURSOS DE OPERAÇÕES DE CRÉDITO                       ;0.0;2501526.67;2201525.51;1960373.59;2236709.81
2026;4;15  ;URBANISMO                                              ;452 ;SERVIÇOS URBANOS                                                                                                        ;1323;MANUTENÇÃO URBANA                                                                                                       ;2538;MANUTENÇÃO DO SISTEMA DE ILUMINAÇÃO PÚBLICA                                                                                                                                                             ;0751;RECURSOS DA COSIP                                      ;0.0;0.0;4951549.58;5231129.14;5311725.09
2026;4;12  ;EDUCAÇÃO                                               ;361 ;ENSINO FUNDAMENTAL                                                                                                      ;1249;AMPLIAÇÃO E GESTÃO DA REDE DE ENSINO FUNDAMENTAL                                                                        ;2178;UNIVERSALIZAÇÃO E QUALIFICAÇÃO DO ENSINO FUNDAMENTAL                                                                                                                                                    ;0500;RECURSOS NÃO VINCULADOS DE IMPOSTOS                    ;0.0;0.0;6698146.4;16036116.45;17285776.43
2026;4;04  ;ADMINISTRAÇÃO                                          ;126 ;TECNOLOGIA DA INFORMAÇÃO                                                                                                ;2123;MELHORIA DA QUALIDADE DOS SERVIÇOS DE TIC E TRANSFORMAÇÃO DIGITAL DOS SERVIÇOS E PROCESSOS DA PCR                       ;2520;MELHORIA E MANUTENÇÃO DOS SISTEMAS DE TECNOLOGIA DA INFORMAÇÃO E COMUNICAÇÃO                                                                                                                            ;0501;OUTROS RECURSOS NÃO VINCULADOS                         ;0.0;0.0;1797884.74;1602199.07;1520575.17
2026;4;14  ;DIREITOS DA CIDADANIA                                  ;422 ;DIREITOS INDIVIDUAIS, COLETIVOS E DIFUSOS                                                                               ;2160;GESTÃO DAS POLÍTICAS MUNICIPAIS                                                                                         ;2282;COORDENAÇÃO, SUPERVISÃO E EXECUÇÃO DAS POLÍTICAS DE ORDEM PÚBLICA E SEGURANÇA                                                                                                                           ;0500;RECURSOS NÃO VINCULADOS DE IMPOSTOS                    ;0.0;0.0;0.0;0.0;1935859.02
2026;4;09  ;PREVIDÊNCIA SOCIAL                                     ;272 ;PREVIDÊNCIA DO REGIME ESTATUTÁRIO                                                                                       ;3101;GESTÃO DOS ENCARGOS GERAIS DO MUNICÍPIO                                                                                 ;9005;ENCARGOS COM INATIVOS E PENSIONISTAS DO SISTEMA PREVIDENCIÁRIO - REGIME PRÓPRIO DO MUNICÍPIO (ADM. DIRETA)                                                                                              ;0801;RECURSOS VINC. AO RPPS - FUNDO REP. (PLANO FINANC.)    ;0.0;0.0;15905477.21;15905477.21;13632798.21
2026;4;10  ;SAÚDE                                                  ;305 ;VIGILÂNCIA EPIDEMIOLÓGICA                                                                                               ;1217;FORTALECIMENTO DAS AÇÕES DE VIGILÂNCIA EM SAÚDE                                                                         ;2087;FORTALECIMENTO DAS AÇÕES DE VIGILÂNCIA EPIDEMIOLÓGICA PARA O CONTROLE DE DOENÇAS E AGRAVOS                                                                                                              ;0600;TRANSF. FUNDO A FUNDO SUS GOV. FED. - BL. MANUTENÇÃO SE;0.0;637140.0;82313.35;652384.15;984626.27
2026;4;04  ;ADMINISTRAÇÃO                                          ;846 ;OUTROS ENCARGOS ESPECIAIS                                                                                               ;3101;GESTÃO DOS ENCARGOS GERAIS DO MUNICÍPIO                                                                                 ;2705;ENCARGOS COM O FGTS DOS SERVIDORES                                                                                                                                                                      ;0500;RECURSOS NÃO VINCULADOS DE IMPOSTOS                    ;0.0;0.0;233769.62;233769.62;233769.62
2026;4;04  ;ADMINISTRAÇÃO                                          ;122 ;ADMINISTRAÇÃO GERAL                                                                                                     ;2161;GESTÃO ADMINISTRATIVA DOS ÓRGÃOS, ENTIDADES E FUNDOS MUNICIPAIS                                                         ;2723;APOIO ADMINISTRATIVO ÀS AÇÕES DA UNIDADE ORÇAMENTÁRIA                                                                                                                                                   ;0799;OUTRAS VINCULAÇÕES LEGAIS                              ;0.0;1500000.0;20048.26;5537.34;5260.47
2026;4;09  ;PREVIDÊNCIA SOCIAL                                     ;272 ;PREVIDÊNCIA DO REGIME ESTATUTÁRIO                                                                                       ;3101;GESTÃO DOS ENCARGOS GERAIS DO MUNICÍPIO                                                                                 ;9007;ENCARGOS COM INATIVOS E PENSIONISTAS DO SETOR EDUCACIONAL - REGIME PRÓPRIO DO MUNICÍPIO                                                                                                                 ;0801;RECURSOS VINC. AO RPPS - FUNDO REP. (PLANO FINANC.)    ;0.0;0.0;23671561.98;40576589.63;36289613.8
2026;5;08  ;ASSISTÊNCIA SOCIAL                                     ;244 ;ASSISTÊNCIA COMUNITÁRIA                                                                                                 ;1204;FORTALECIMENTO DO SISTEMA ÚNICO DE ASSISTÊNCIA SOCIAL                                                                   ;2519;DESENVOLVIMENTO DAS AÇÕES DE PROTEÇÃO SOCIAL ESPECIAL                                                                                                                                                   ;0500;RECURSOS NÃO VINCULADOS DE IMPOSTOS                    ;0.0;0.0;593960.0;0.0;0.0
2026;5;13  ;CULTURA                                                ;392 ;DIFUSÃO CULTURAL                                                                                                        ;1211;VALORIZAÇÃO DA CULTURA                                                                                                  ;2304;PROMOÇÕES DE AÇÕES CULTURAIS                                                                                                                                                                            ;0700;OUTRAS TRANSF. CONV. OU INSTRUM. CONGÊNERES - UNIÃO    ;0.0;0.0;0.0;0.0;0.0
2026;5;13  ;CULTURA                                                ;392 ;DIFUSÃO CULTURAL                                                                                                        ;1211;VALORIZAÇÃO DA CULTURA                                                                                                  ;2304;PROMOÇÕES DE AÇÕES CULTURAIS                                                                                                                                                                            ;0500;RECURSOS NÃO VINCULADOS DE IMPOSTOS                    ;0.0;0.0;1619.0;0.0;0.0
2026;5;27  ;DESPORTO E LAZER                                       ;122 ;ADMINISTRAÇÃO GERAL                                                                                                     ;2161;GESTÃO ADMINISTRATIVA DOS ÓRGÃOS, ENTIDADES E FUNDOS MUNICIPAIS                                                         ;2723;APOIO ADMINISTRATIVO ÀS AÇÕES DA UNIDADE ORÇAMENTÁRIA                                                                                                                                                   ;0500;RECURSOS NÃO VINCULADOS DE IMPOSTOS                    ;0.0;0.0;0.0;68045.29;0.0
2026;5;12  ;EDUCAÇÃO                                               ;361 ;ENSINO FUNDAMENTAL                                                                                                      ;1214;APOIO SOCIAL A ESTUDANTES DA REDE MUNICIPAL DE ENSINO                                                                   ;2107;DESENVOLVIMENTO DE PROGRAMAS SUPLEMENTARES PARA O ENSINO NA REDE MUNICIPAL                                                                                                                              ;0500;RECURSOS NÃO VINCULADOS DE IMPOSTOS                    ;0.0;0.0;0.0;264153.25;0.0
